ID,Tamanho_bp,Descrição,Conteudo_GC
A36594.1.0.undefined.-.23,23,A36594.1.0.undefined.-.23,60.87
A36595.1.1.undefined.-.23,23,A36595.1.1.undefined.-.23,65.22
A36598.1.2.undefined.-.23,23,A36598.1.2.undefined.-.23,30.43
A36599.1.3.undefined.-.23,23,A36599.1.3.undefined.-.23,43.48
A36602.1.4.undefined.-.23,23,A36602.1.4.undefined.-.23,47.83
A36603.1.5.undefined.-.23,23,A36603.1.5.undefined.-.23,43.48
A36606.1.6.undefined.-.23,23,A36606.1.6.undefined.-.23,47.83
A36607.1.7.undefined.-.23,23,A36607.1.7.undefined.-.23,43.48
A36610.1.8.undefined.-.21,21,A36610.1.8.undefined.-.21,66.67
A36611.1.9.undefined.-.20,20,A36611.1.9.undefined.-.20,55.0
A36614.1.10.undefined.-.23,23,A36614.1.10.undefined.-.23,43.48
A36615.1.11.undefined.-.30,30,A36615.1.11.undefined.-.30,63.33
AB001979.1.12.undefined.-.443,443,AB001979.1.12.undefined.-.443,62.3
AB001980.1.13.undefined.-.443,443,AB001980.1.13.undefined.-.443,62.3
AB002532.1.14.undefined.-.443,443,AB002532.1.14.undefined.-.443,62.3
AB005591.1.15.undefined.KM480.412,412,AB005591.1.15.undefined.KM480.412,58.25
AB005592.1.16.undefined.KM579.413,413,AB005592.1.16.undefined.KM579.413,58.11
AB005593.1.17.undefined.KM1657.413,413,AB005593.1.17.undefined.KM1657.413,57.87
AB005594.1.18.undefined.CD9618.413,413,AB005594.1.18.undefined.CD9618.413,58.11
AB005595.1.19.undefined.CD9622.413,413,AB005595.1.19.undefined.CD9622.413,58.35
AB005596.1.20.undefined.CD9626.414,414,AB005596.1.20.undefined.CD9626.414,57.97
AB005597.1.21.undefined.PL107.413,413,AB005597.1.21.undefined.PL107.413,58.11
AB005598.1.22.undefined.PL615.413,413,AB005598.1.22.undefined.PL615.413,58.35
AB005599.1.23.undefined.PZ9603.414,414,AB005599.1.23.undefined.PZ9603.414,57.97
AB005600.1.24.undefined.PZ9604.413,413,AB005600.1.24.undefined.PZ9604.413,58.35
AB005601.1.25.undefined.PZ9605.413,413,AB005601.1.25.undefined.PZ9605.413,57.87
AB005602.1.26.undefined.PZ9612.413,413,AB005602.1.26.undefined.PZ9612.413,57.87
AB030742.1.27.undefined.KAG130L1.157,157,AB030742.1.27.undefined.KAG130L1.157,52.23
AB030743.1.28.undefined.KAG130.506,506,AB030743.1.28.undefined.KAG130.506,58.1
AB030744.1.29.undefined.CHI383.507,507,AB030744.1.29.undefined.CHI383.507,59.17
AB030745.1.30.undefined.CHI430.507,507,AB030745.1.30.undefined.CHI430.507,58.38
AB036346.1.31.undefined.-.1080,1080,AB036346.1.31.undefined.-.1080,53.43
AB036347.1.32.undefined.-.1079,1079,AB036347.1.32.undefined.-.1079,53.48
AB036348.1.33.undefined.HC1020A.601,601,AB036348.1.33.undefined.HC1020A.601,59.73
AB036349.1.34.undefined.HAM284A.601,601,AB036349.1.34.undefined.HAM284A.601,59.57
AB036350.1.35.undefined.HC57A.601,601,AB036350.1.35.undefined.HC57A.601,59.57
AB036351.1.36.undefined.HC66A.601,601,AB036351.1.36.undefined.HC66A.601,59.4
AB036352.1.37.undefined.HC33B.603,603,AB036352.1.37.undefined.HC33B.603,59.37
AB036353.1.38.undefined.HC5B.593,593,AB036353.1.38.undefined.HC5B.593,59.02
AB036354.1.39.undefined.HC7B.603,603,AB036354.1.39.undefined.HC7B.603,59.54
AB036355.1.40.undefined.HAM1.1079,1079,AB036355.1.40.undefined.HAM1.1079,53.66
AB036356.1.41.undefined.HAM17.1079,1079,AB036356.1.41.undefined.HAM17.1079,53.38
AB036357.1.42.undefined.HAM20.1079,1079,AB036357.1.42.undefined.HAM20.1079,53.48
AB036358.1.43.undefined.HAM28.1079,1079,AB036358.1.43.undefined.HAM28.1079,53.38
AB036359.1.44.undefined.HAM3.1079,1079,AB036359.1.44.undefined.HAM3.1079,53.66
AB036360.1.45.undefined.HAM32.1080,1080,AB036360.1.45.undefined.HAM32.1080,53.43
AB036361.1.46.undefined.HAM38.1079,1079,AB036361.1.46.undefined.HAM38.1079,53.57
AB036362.1.47.undefined.HAM284.1079,1079,AB036362.1.47.undefined.HAM284.1079,53.38
AB036363.1.48.undefined.HAM4.1079,1079,AB036363.1.48.undefined.HAM4.1079,53.66
AB036364.1.49.undefined.HAM3.1079,1079,AB036364.1.49.undefined.HAM3.1079,53.48
AB036365.1.50.undefined.HAM5.1079,1079,AB036365.1.50.undefined.HAM5.1079,53.57
AB036366.1.51.undefined.HAM6.1079,1079,AB036366.1.51.undefined.HAM6.1079,53.66
AB036367.1.52.undefined.HAM64.1080,1080,AB036367.1.52.undefined.HAM64.1080,53.43
AB036368.1.53.undefined.HAM66.1079,1079,AB036368.1.53.undefined.HAM66.1079,53.57
AB036369.1.54.undefined.HAM7.1080,1080,AB036369.1.54.undefined.HAM7.1080,53.43
AB036370.1.55.undefined.HAM8.1079,1079,AB036370.1.55.undefined.HAM8.1079,53.66
AB036371.1.56.undefined.HAM9.1079,1079,AB036371.1.56.undefined.HAM9.1079,53.75
AB036372.1.57.undefined.ATL10.1079,1079,AB036372.1.57.undefined.ATL10.1079,53.66
AB036373.1.58.undefined.ATL13.1079,1079,AB036373.1.58.undefined.ATL13.1079,53.75
AB036374.1.59.undefined.ATL14.1079,1079,AB036374.1.59.undefined.ATL14.1079,53.48
AB036375.1.60.undefined.ATL15.1079,1079,AB036375.1.60.undefined.ATL15.1079,53.66
AB036376.1.61.undefined.ATL150.1079,1079,AB036376.1.61.undefined.ATL150.1079,53.57
AB036377.1.62.undefined.ATL2.1079,1079,AB036377.1.62.undefined.ATL2.1079,53.75
AB036378.1.63.undefined.ATL272.1080,1080,AB036378.1.63.undefined.ATL272.1080,53.33
AB036379.1.64.undefined.ATL4.1079,1079,AB036379.1.64.undefined.ATL4.1079,53.48
AB036380.1.65.undefined.ATL5.1079,1079,AB036380.1.65.undefined.ATL5.1079,53.75
AB036381.1.66.undefined.ATL7.1079,1079,AB036381.1.66.undefined.ATL7.1079,53.94
AB036382.1.67.undefined.ATL8.1079,1079,AB036382.1.67.undefined.ATL8.1079,53.48
AB036383.1.68.undefined.ATL9.1079,1079,AB036383.1.68.undefined.ATL9.1079,53.66
AB036384.1.69.undefined.HC1020.1079,1079,AB036384.1.69.undefined.HC1020.1079,53.57
AB036385.1.70.undefined.HC1098.1079,1079,AB036385.1.70.undefined.HC1098.1079,53.57
AB036386.1.71.undefined.HC29.1079,1079,AB036386.1.71.undefined.HC29.1079,53.66
AB036387.1.72.undefined.HC33.1079,1079,AB036387.1.72.undefined.HC33.1079,53.66
AB036388.1.73.undefined.HC40.1080,1080,AB036388.1.73.undefined.HC40.1080,53.43
AB036389.1.74.undefined.HC44.1079,1079,AB036389.1.74.undefined.HC44.1079,53.85
AB036390.1.75.undefined.HC47.1079,1079,AB036390.1.75.undefined.HC47.1079,53.85
AB036391.1.76.undefined.HC5.1079,1079,AB036391.1.76.undefined.HC5.1079,53.66
AB036392.1.77.undefined.HC57.1080,1080,AB036392.1.77.undefined.HC57.1080,53.43
AB036393.1.78.undefined.HC66.1080,1080,AB036393.1.78.undefined.HC66.1080,53.52
AB036394.1.79.undefined.HC7.1079,1079,AB036394.1.79.undefined.HC7.1079,53.66
AB036395.1.80.undefined.HC70.1080,1080,AB036395.1.80.undefined.HC70.1080,53.52
AB038239.1.81.undefined.-.1062,1062,AB038239.1.81.undefined.-.1062,53.39
AB045399.1.82.undefined.ATL12.1072,1072,AB045399.1.82.undefined.ATL12.1072,53.82
AB045400.1.83.undefined.ATL17.1072,1072,AB045400.1.83.undefined.ATL17.1072,53.73
AB045401.1.84.undefined.ATL19.1072,1072,AB045401.1.84.undefined.ATL19.1072,53.73
AB045402.1.85.undefined.ATL20.1072,1072,AB045402.1.85.undefined.ATL20.1072,53.92
AB045403.1.86.undefined.ATL21.1072,1072,AB045403.1.86.undefined.ATL21.1072,53.82
AB045404.1.87.undefined.ATL22.1072,1072,AB045404.1.87.undefined.ATL22.1072,53.64
AB045405.1.88.undefined.ATL24.1072,1072,AB045405.1.88.undefined.ATL24.1072,53.73
AB045406.1.89.undefined.ATL25.1072,1072,AB045406.1.89.undefined.ATL25.1072,53.92
AB045407.1.90.undefined.ATL27.1072,1072,AB045407.1.90.undefined.ATL27.1072,53.82
AB045408.1.91.undefined.ATL36.1072,1072,AB045408.1.91.undefined.ATL36.1072,53.54
AB045409.1.92.undefined.ATL41.1072,1072,AB045409.1.92.undefined.ATL41.1072,53.82
AB045410.1.93.undefined.ATL46.1072,1072,AB045410.1.93.undefined.ATL46.1072,53.73
AB045411.1.94.undefined.ATL48.1072,1072,AB045411.1.94.undefined.ATL48.1072,53.73
AB045412.1.95.undefined.ATL52.1072,1072,AB045412.1.95.undefined.ATL52.1072,53.73
AB045413.1.96.undefined.ATL54.1072,1072,AB045413.1.96.undefined.ATL54.1072,53.82
AB045414.1.97.undefined.ATL58.1072,1072,AB045414.1.97.undefined.ATL58.1072,53.54
AB045415.1.98.undefined.ATL59.1072,1072,AB045415.1.98.undefined.ATL59.1072,53.82
AB045416.1.99.undefined.ATL64.1072,1072,AB045416.1.99.undefined.ATL64.1072,53.82
AB045417.1.100.undefined.ATL65.1072,1072,AB045417.1.100.undefined.ATL65.1072,53.82
AB045418.1.101.undefined.ATL67.1072,1072,AB045418.1.101.undefined.ATL67.1072,53.54
AB045419.1.102.undefined.ATL68.1072,1072,AB045419.1.102.undefined.ATL68.1072,53.64
AB045420.1.103.undefined.ATL71.1072,1072,AB045420.1.103.undefined.ATL71.1072,53.82
AB045421.1.104.undefined.ATL73.1072,1072,AB045421.1.104.undefined.ATL73.1072,53.64
AB045422.1.105.undefined.ATL74.1072,1072,AB045422.1.105.undefined.ATL74.1072,53.82
AB045423.1.106.undefined.ATL75.1072,1072,AB045423.1.106.undefined.ATL75.1072,53.82
AB045424.1.107.undefined.ATL77.1072,1072,AB045424.1.107.undefined.ATL77.1072,53.82
AB045425.1.108.undefined.ATL86.1072,1072,AB045425.1.108.undefined.ATL86.1072,53.64
AB045426.1.109.undefined.ATL89.1072,1072,AB045426.1.109.undefined.ATL89.1072,53.82
AB045427.1.110.undefined.ATL113.1072,1072,AB045427.1.110.undefined.ATL113.1072,53.92
AB045428.1.111.undefined.ATL146.1072,1072,AB045428.1.111.undefined.ATL146.1072,53.73
AB045429.1.112.undefined.ATL166.1072,1072,AB045429.1.112.undefined.ATL166.1072,53.82
AB045430.1.113.undefined.ATL168.145,145,AB045430.1.113.undefined.ATL168.145,51.72
AB045431.1.114.undefined.ATL258.182,182,AB045431.1.114.undefined.ATL258.182,52.2
AB045432.1.115.undefined.ATL259.1072,1072,AB045432.1.115.undefined.ATL259.1072,53.82
AB045433.1.116.undefined.ATL260.1072,1072,AB045433.1.116.undefined.ATL260.1072,53.82
AB045434.1.117.undefined.ATL261.1072,1072,AB045434.1.117.undefined.ATL261.1072,53.73
AB045435.1.118.undefined.ATL264.1072,1072,AB045435.1.118.undefined.ATL264.1072,53.92
AB045436.1.119.undefined.ATL269.1072,1072,AB045436.1.119.undefined.ATL269.1072,53.82
AB045437.1.120.undefined.ATL270.1072,1072,AB045437.1.120.undefined.ATL270.1072,53.82
AB045438.1.121.undefined.ATL271.1072,1072,AB045438.1.121.undefined.ATL271.1072,53.82
AB045439.1.122.undefined.ATL274.1072,1072,AB045439.1.122.undefined.ATL274.1072,53.82
AB045440.1.123.undefined.ATL275.1072,1072,AB045440.1.123.undefined.ATL275.1072,53.82
AB045441.1.124.undefined.ATL286.1072,1072,AB045441.1.124.undefined.ATL286.1072,53.73
AB045442.1.125.undefined.HAM10.1072,1072,AB045442.1.125.undefined.HAM10.1072,53.92
AB045443.1.126.undefined.HAM11.1072,1072,AB045443.1.126.undefined.HAM11.1072,53.82
AB045444.1.127.undefined.HAM13.1072,1072,AB045444.1.127.undefined.HAM13.1072,53.82
AB045445.1.128.undefined.HAM14.1072,1072,AB045445.1.128.undefined.HAM14.1072,53.82
AB045446.1.129.undefined.HAM25.1072,1072,AB045446.1.129.undefined.HAM25.1072,53.82
AB045447.1.130.undefined.HAM26.1072,1072,AB045447.1.130.undefined.HAM26.1072,53.82
AB045448.1.131.undefined.HAM29.1072,1072,AB045448.1.131.undefined.HAM29.1072,53.82
AB045449.1.132.undefined.HAM35.1072,1072,AB045449.1.132.undefined.HAM35.1072,53.82
AB045450.1.133.undefined.HAM36.1072,1072,AB045450.1.133.undefined.HAM36.1072,53.82
AB045451.1.134.undefined.HAM40.1072,1072,AB045451.1.134.undefined.HAM40.1072,53.82
AB045452.1.135.undefined.HAM42.1072,1072,AB045452.1.135.undefined.HAM42.1072,53.82
AB045453.1.136.undefined.HAM44.1072,1072,AB045453.1.136.undefined.HAM44.1072,53.82
AB045454.1.137.undefined.HAM45.1072,1072,AB045454.1.137.undefined.HAM45.1072,53.82
AB045455.1.138.undefined.HAM46.1072,1072,AB045455.1.138.undefined.HAM46.1072,53.82
AB045456.1.139.undefined.HAM48.1072,1072,AB045456.1.139.undefined.HAM48.1072,53.82
AB045457.1.140.undefined.HAM52.1072,1072,AB045457.1.140.undefined.HAM52.1072,53.82
AB045458.1.141.undefined.HAM53.1072,1072,AB045458.1.141.undefined.HAM53.1072,53.82
AB045459.1.142.undefined.HAM54.1072,1072,AB045459.1.142.undefined.HAM54.1072,53.82
AB045460.1.143.undefined.HAM57.1072,1072,AB045460.1.143.undefined.HAM57.1072,53.82
AB045461.1.144.undefined.HAM58.1072,1072,AB045461.1.144.undefined.HAM58.1072,53.82
AB045462.1.145.undefined.HAM59.1072,1072,AB045462.1.145.undefined.HAM59.1072,53.82
AB045463.1.146.undefined.HAM62.1072,1072,AB045463.1.146.undefined.HAM62.1072,53.82
AB045464.1.147.undefined.HAM63.1072,1072,AB045464.1.147.undefined.HAM63.1072,53.82
AB045465.1.148.undefined.HAM67.1072,1072,AB045465.1.148.undefined.HAM67.1072,53.82
AB045466.1.149.undefined.HAM12.1072,1072,AB045466.1.149.undefined.HAM12.1072,53.73
AB045467.1.150.undefined.HAM15.1072,1072,AB045467.1.150.undefined.HAM15.1072,53.73
AB045468.1.151.undefined.HAM16.1072,1072,AB045468.1.151.undefined.HAM16.1072,53.92
AB045469.1.152.undefined.HAM18.1072,1072,AB045469.1.152.undefined.HAM18.1072,53.64
AB045470.1.153.undefined.HAM19.1072,1072,AB045470.1.153.undefined.HAM19.1072,53.73
AB045471.1.154.undefined.HAM21.1072,1072,AB045471.1.154.undefined.HAM21.1072,53.92
AB045472.1.155.undefined.HAM23.1072,1072,AB045472.1.155.undefined.HAM23.1072,53.73
AB045473.1.156.undefined.HAM24.1072,1072,AB045473.1.156.undefined.HAM24.1072,54.01
AB045474.1.157.undefined.HAM27.1072,1072,AB045474.1.157.undefined.HAM27.1072,53.54
AB045475.1.158.undefined.HAM30.1072,1072,AB045475.1.158.undefined.HAM30.1072,53.92
AB045476.1.159.undefined.HAM31.1072,1072,AB045476.1.159.undefined.HAM31.1072,53.82
AB045477.1.160.undefined.HAM33.1072,1072,AB045477.1.160.undefined.HAM33.1072,53.82
AB045478.1.161.undefined.HAM34.1072,1072,AB045478.1.161.undefined.HAM34.1072,53.73
AB045479.1.162.undefined.HAM47.1072,1072,AB045479.1.162.undefined.HAM47.1072,53.92
AB045480.1.163.undefined.HAM49.1072,1072,AB045480.1.163.undefined.HAM49.1072,53.73
AB045481.1.164.undefined.HAM50.1072,1072,AB045481.1.164.undefined.HAM50.1072,53.73
AB045482.1.165.undefined.HAM55.1072,1072,AB045482.1.165.undefined.HAM55.1072,53.64
AB045483.1.166.undefined.HAM56.1072,1072,AB045483.1.166.undefined.HAM56.1072,53.73
AB045484.1.167.undefined.HAM60.1072,1072,AB045484.1.167.undefined.HAM60.1072,53.82
AB045485.1.168.undefined.HAM61.1072,1072,AB045485.1.168.undefined.HAM61.1072,53.82
AB045486.1.169.undefined.HC6.1072,1072,AB045486.1.169.undefined.HC6.1072,53.92
AB045487.1.170.undefined.HC42.1072,1072,AB045487.1.170.undefined.HC42.1072,53.82
AB045488.1.171.undefined.HC90.1072,1072,AB045488.1.171.undefined.HC90.1072,53.82
AB045489.1.172.undefined.HC60.1072,1072,AB045489.1.172.undefined.HC60.1072,53.82
AB045490.1.173.undefined.HC95.1072,1072,AB045490.1.173.undefined.HC95.1072,53.92
AB045491.1.174.undefined.HC69.1072,1072,AB045491.1.174.undefined.HC69.1072,53.82
AB045492.1.175.undefined.HC73.1072,1072,AB045492.1.175.undefined.HC73.1072,53.82
AB045493.1.176.undefined.HC94.1072,1072,AB045493.1.176.undefined.HC94.1072,53.82
AB045494.1.177.undefined.HC114.1072,1072,AB045494.1.177.undefined.HC114.1072,53.82
AB045495.1.178.undefined.HC124.1072,1072,AB045495.1.178.undefined.HC124.1072,53.82
AB045496.1.179.undefined.HC134.1072,1072,AB045496.1.179.undefined.HC134.1072,53.82
AB045497.1.180.undefined.HC148.1072,1072,AB045497.1.180.undefined.HC148.1072,53.82
AB045498.1.181.undefined.HC150.1072,1072,AB045498.1.181.undefined.HC150.1072,53.82
AB045499.1.182.undefined.HC151.1072,1072,AB045499.1.182.undefined.HC151.1072,53.82
AB045500.1.183.undefined.HC157.1072,1072,AB045500.1.183.undefined.HC157.1072,53.82
AB045501.1.184.undefined.HC160.1072,1072,AB045501.1.184.undefined.HC160.1072,53.82
AB045502.1.185.undefined.HC162.1072,1072,AB045502.1.185.undefined.HC162.1072,53.82
AB045503.1.186.undefined.HC165.1072,1072,AB045503.1.186.undefined.HC165.1072,53.82
AB045504.1.187.undefined.HC229.1072,1072,AB045504.1.187.undefined.HC229.1072,53.82
AB045505.1.188.undefined.HC1226.1072,1072,AB045505.1.188.undefined.HC1226.1072,53.82
AB045506.1.189.undefined.HC1227.1072,1072,AB045506.1.189.undefined.HC1227.1072,53.82
AB045507.1.190.undefined.HC64.1072,1072,AB045507.1.190.undefined.HC64.1072,53.73
AB045508.1.191.undefined.HC75.1072,1072,AB045508.1.191.undefined.HC75.1072,53.82
AB045509.1.192.undefined.HC91.1072,1072,AB045509.1.192.undefined.HC91.1072,53.73
AB045510.1.193.undefined.HC98.1072,1072,AB045510.1.193.undefined.HC98.1072,53.92
AB045511.1.194.undefined.HC100.1072,1072,AB045511.1.194.undefined.HC100.1072,53.73
AB045512.1.195.undefined.HC101.1072,1072,AB045512.1.195.undefined.HC101.1072,53.73
AB045513.1.196.undefined.HC102.1072,1072,AB045513.1.196.undefined.HC102.1072,53.64
AB045514.1.197.undefined.HC112.1072,1072,AB045514.1.197.undefined.HC112.1072,53.82
AB045515.1.198.undefined.HC119.1072,1072,AB045515.1.198.undefined.HC119.1072,53.82
AB045516.1.199.undefined.HC125.1072,1072,AB045516.1.199.undefined.HC125.1072,53.82
AB045517.1.200.undefined.HC128.1072,1072,AB045517.1.200.undefined.HC128.1072,53.82
AB045518.1.201.undefined.HC129.1072,1072,AB045518.1.201.undefined.HC129.1072,53.73
AB045519.1.202.undefined.HC137.1072,1072,AB045519.1.202.undefined.HC137.1072,53.92
AB045520.1.203.undefined.HC139.1072,1072,AB045520.1.203.undefined.HC139.1072,53.73
AB045521.1.204.undefined.HC141.1072,1072,AB045521.1.204.undefined.HC141.1072,53.82
AB045522.1.205.undefined.HC142.1072,1072,AB045522.1.205.undefined.HC142.1072,53.82
AB045523.1.206.undefined.HC152.1072,1072,AB045523.1.206.undefined.HC152.1072,53.92
AB045524.1.207.undefined.HC155.1072,1072,AB045524.1.207.undefined.HC155.1072,53.92
AB045525.1.208.undefined.HC156.1072,1072,AB045525.1.208.undefined.HC156.1072,53.73
AB045526.1.209.undefined.HC159.1072,1072,AB045526.1.209.undefined.HC159.1072,53.92
AB045527.1.210.undefined.HC230.1072,1072,AB045527.1.210.undefined.HC230.1072,53.73
AB045528.1.211.undefined.HC232.1072,1072,AB045528.1.211.undefined.HC232.1072,53.82
AB045529.1.212.undefined.HC234.1072,1072,AB045529.1.212.undefined.HC234.1072,54.01
AB045530.1.213.undefined.HC1229.1072,1072,AB045530.1.213.undefined.HC1229.1072,53.82
AB045531.1.214.undefined.HC1225.1072,1072,AB045531.1.214.undefined.HC1225.1072,53.92
AB045532.1.215.undefined.HC35.844,844,AB045532.1.215.undefined.HC35.844,52.96
AB045533.1.216.undefined.HC20.1070,1070,AB045533.1.216.undefined.HC20.1070,53.83
AB045534.1.217.undefined.HC117.1073,1073,AB045534.1.217.undefined.HC117.1073,53.87
AB045535.1.218.undefined.HC34-20.1071,1071,AB045535.1.218.undefined.HC34-20.1071,53.69
AB045536.1.219.undefined.HC34-25.1071,1071,AB045536.1.219.undefined.HC34-25.1071,53.69
AB045537.1.220.undefined.HC34-1.1072,1072,AB045537.1.220.undefined.HC34-1.1072,53.82
AB045538.1.221.undefined.HC34-2.1072,1072,AB045538.1.221.undefined.HC34-2.1072,53.82
AB045539.1.222.undefined.HC34-3.1072,1072,AB045539.1.222.undefined.HC34-3.1072,53.82
AB045540.1.223.undefined.HC34-4.1072,1072,AB045540.1.223.undefined.HC34-4.1072,53.73
AB045541.1.224.undefined.HC34-5.1072,1072,AB045541.1.224.undefined.HC34-5.1072,54.01
AB045542.1.225.undefined.HC34-6.1072,1072,AB045542.1.225.undefined.HC34-6.1072,53.73
AB045543.1.226.undefined.HC34-7.1072,1072,AB045543.1.226.undefined.HC34-7.1072,53.92
AB045544.1.227.undefined.HC34-8.1072,1072,AB045544.1.227.undefined.HC34-8.1072,53.73
AB045545.1.228.undefined.HC34-9.1072,1072,AB045545.1.228.undefined.HC34-9.1072,53.92
AB045546.1.229.undefined.HC34-10.1072,1072,AB045546.1.229.undefined.HC34-10.1072,53.92
AB045547.1.230.undefined.HC34-11.1072,1072,AB045547.1.230.undefined.HC34-11.1072,53.82
AB045548.1.231.undefined.HC34-12.1072,1072,AB045548.1.231.undefined.HC34-12.1072,53.92
AB045549.1.232.undefined.HC34-13.1072,1072,AB045549.1.232.undefined.HC34-13.1072,53.82
AB045550.1.233.undefined.HC34-14.1072,1072,AB045550.1.233.undefined.HC34-14.1072,53.73
AB045551.1.234.undefined.HC34-15.1072,1072,AB045551.1.234.undefined.HC34-15.1072,53.73
AB045552.1.235.undefined.HC34-16.1072,1072,AB045552.1.235.undefined.HC34-16.1072,53.73
AB045553.1.236.undefined.HC34-17.1072,1072,AB045553.1.236.undefined.HC34-17.1072,53.73
AB045554.1.237.undefined.HC34-18.1072,1072,AB045554.1.237.undefined.HC34-18.1072,53.73
AB045555.1.238.undefined.HC34-19.1072,1072,AB045555.1.238.undefined.HC34-19.1072,53.82
AB045556.1.239.undefined.HC34-21.1072,1072,AB045556.1.239.undefined.HC34-21.1072,53.82
AB045557.1.240.undefined.HC34-22.1072,1072,AB045557.1.240.undefined.HC34-22.1072,53.73
AB045558.1.241.undefined.HC34-23.1072,1072,AB045558.1.241.undefined.HC34-23.1072,53.82
AB045559.1.242.undefined.HC34-24.1072,1072,AB045559.1.242.undefined.HC34-24.1072,53.82
AB045632.1.243.undefined.Son,1072,AB045632.1.243.undefined.Son of HAM9.1072,53.92
AB045633.1.244.undefined.Son,1072,AB045633.1.244.undefined.Son of HAM10.1072,53.92
AB045634.1.245.undefined.Wife,1072,AB045634.1.245.undefined.Wife of HAM19.1072,53.73
AB045635.1.246.undefined.Sister,1072,AB045635.1.246.undefined.Sister of HAM24.1072,54.01
AB045636.1.247.undefined.Sister,1072,AB045636.1.247.undefined.Sister of HAM34 (1).1072,53.73
AB045637.1.248.undefined.Sister,1072,AB045637.1.248.undefined.Sister of HAM34 (2).1072,53.73
AB045638.1.249.undefined.Husband,1072,AB045638.1.249.undefined.Husband of HAM39.1072,53.54
AB045639.1.250.undefined.Mother,1072,AB045639.1.250.undefined.Mother of ATL36.1072,53.64
AB045640.1.251.undefined.Sister,1072,AB045640.1.251.undefined.Sister of ATL36.1072,53.64
AB045641.1.252.undefined.HAM5,1072,AB045641.1.252.undefined.HAM5 .1072,53.73
AB045642.1.253.undefined.HAM15,1072,AB045642.1.253.undefined.HAM15 .1072,53.73
AB045643.1.254.undefined.HAM49,1072,AB045643.1.254.undefined.HAM49 .1072,53.73
AB045644.1.255.undefined.HAM61.1072,1072,AB045644.1.255.undefined.HAM61.1072,53.82
AB127436.1.256.undefined.HAM31.399,399,AB127436.1.256.undefined.HAM31.399,57.39
AB127437.1.257.undefined.HAM47.399,399,AB127437.1.257.undefined.HAM47.399,57.39
AB127438.1.258.undefined.HAM67.399,399,AB127438.1.258.undefined.HAM67.399,57.39
AB127439.1.259.undefined.HAM57.399,399,AB127439.1.259.undefined.HAM57.399,57.14
AB127440.1.260.undefined.HAM68.399,399,AB127440.1.260.undefined.HAM68.399,57.39
AB127441.1.261.undefined.HAM69.399,399,AB127441.1.261.undefined.HAM69.399,57.39
AB127442.1.262.undefined.HAM70.399,399,AB127442.1.262.undefined.HAM70.399,57.39
AB127443.1.263.undefined.HAM71.399,399,AB127443.1.263.undefined.HAM71.399,57.39
AB127444.1.264.undefined.HAM73.399,399,AB127444.1.264.undefined.HAM73.399,57.39
AB127445.1.265.undefined.HAM74.399,399,AB127445.1.265.undefined.HAM74.399,57.14
AB127446.1.266.undefined.HAM75.399,399,AB127446.1.266.undefined.HAM75.399,57.39
AB127447.1.267.undefined.HAM79.399,399,AB127447.1.267.undefined.HAM79.399,57.14
AB127448.1.268.undefined.HAM83.399,399,AB127448.1.268.undefined.HAM83.399,57.39
AB127449.1.269.undefined.HAM84.399,399,AB127449.1.269.undefined.HAM84.399,57.39
AB127450.1.270.undefined.HAM85.399,399,AB127450.1.270.undefined.HAM85.399,57.39
AB127451.1.271.undefined.HAM90.399,399,AB127451.1.271.undefined.HAM90.399,57.14
AB127452.1.272.undefined.HAM95.399,399,AB127452.1.272.undefined.HAM95.399,57.39
AB127453.1.273.undefined.HAM98.399,399,AB127453.1.273.undefined.HAM98.399,57.39
AB127454.1.274.undefined.HAM99.399,399,AB127454.1.274.undefined.HAM99.399,57.39
AB127455.1.275.undefined.HAM100.399,399,AB127455.1.275.undefined.HAM100.399,57.39
AB127456.1.276.undefined.HAM101.399,399,AB127456.1.276.undefined.HAM101.399,57.39
AB127457.1.277.undefined.HAM102.399,399,AB127457.1.277.undefined.HAM102.399,57.39
AB127458.1.278.undefined.HAM105.399,399,AB127458.1.278.undefined.HAM105.399,57.14
AB127459.1.279.undefined.HAM117.399,399,AB127459.1.279.undefined.HAM117.399,57.39
AB127460.1.280.undefined.HAM125.399,399,AB127460.1.280.undefined.HAM125.399,57.39
AB127461.1.281.undefined.HAM132.399,399,AB127461.1.281.undefined.HAM132.399,57.39
AB127462.1.282.undefined.HAM136.399,399,AB127462.1.282.undefined.HAM136.399,57.39
AB127463.1.283.undefined.HAM137.399,399,AB127463.1.283.undefined.HAM137.399,57.39
AB127464.1.284.undefined.HAM138.399,399,AB127464.1.284.undefined.HAM138.399,57.39
AB127465.1.285.undefined.HAM139.399,399,AB127465.1.285.undefined.HAM139.399,56.89
AB127466.1.286.undefined.HAM142.399,399,AB127466.1.286.undefined.HAM142.399,57.39
AB127467.1.287.undefined.HAM143.399,399,AB127467.1.287.undefined.HAM143.399,57.14
AB127468.1.288.undefined.HAM144.399,399,AB127468.1.288.undefined.HAM144.399,57.39
AB127469.1.289.undefined.HAM146.399,399,AB127469.1.289.undefined.HAM146.399,57.14
AB127470.1.290.undefined.HAM147.399,399,AB127470.1.290.undefined.HAM147.399,57.14
AB127471.1.291.undefined.HAM149.399,399,AB127471.1.291.undefined.HAM149.399,57.14
AB127472.1.292.undefined.HAM150.399,399,AB127472.1.292.undefined.HAM150.399,57.39
AB127473.1.293.undefined.HAM159.399,399,AB127473.1.293.undefined.HAM159.399,57.14
AB127474.1.294.undefined.HAM160.399,399,AB127474.1.294.undefined.HAM160.399,56.89
AB127475.1.295.undefined.HAM161.399,399,AB127475.1.295.undefined.HAM161.399,57.39
AB127476.1.296.undefined.HAM164.399,399,AB127476.1.296.undefined.HAM164.399,57.39
AB127477.1.297.undefined.HAM168.399,399,AB127477.1.297.undefined.HAM168.399,57.39
AB127478.1.298.undefined.HAM169.399,399,AB127478.1.298.undefined.HAM169.399,57.39
AB127479.1.299.undefined.HAM170.399,399,AB127479.1.299.undefined.HAM170.399,57.39
AB127480.1.300.undefined.HAM173.399,399,AB127480.1.300.undefined.HAM173.399,57.64
AB127481.1.301.undefined.HAM175.399,399,AB127481.1.301.undefined.HAM175.399,57.64
AB127482.1.302.undefined.HAM177.399,399,AB127482.1.302.undefined.HAM177.399,57.14
AB127483.1.303.undefined.HAM178.399,399,AB127483.1.303.undefined.HAM178.399,57.39
AB127484.1.304.undefined.HAM180.399,399,AB127484.1.304.undefined.HAM180.399,57.39
AB127485.1.305.undefined.HAM181.399,399,AB127485.1.305.undefined.HAM181.399,57.14
AB127486.1.306.undefined.HAM183.399,399,AB127486.1.306.undefined.HAM183.399,57.39
AB127487.1.307.undefined.HAM188.399,399,AB127487.1.307.undefined.HAM188.399,57.39
AB127488.1.308.undefined.HAM191.399,399,AB127488.1.308.undefined.HAM191.399,57.39
AB127489.1.309.undefined.HAM192.399,399,AB127489.1.309.undefined.HAM192.399,57.39
AB127490.1.310.undefined.HAM197.399,399,AB127490.1.310.undefined.HAM197.399,57.39
AB127491.1.311.undefined.HAM199.399,399,AB127491.1.311.undefined.HAM199.399,57.39
AB127492.1.312.undefined.HAM200.399,399,AB127492.1.312.undefined.HAM200.399,57.39
AB127493.1.313.undefined.HAM201.399,399,AB127493.1.313.undefined.HAM201.399,57.39
AB127494.1.314.undefined.HAM202.399,399,AB127494.1.314.undefined.HAM202.399,57.39
AB127495.1.315.undefined.HAM204.399,399,AB127495.1.315.undefined.HAM204.399,57.14
AB127496.1.316.undefined.HAM212.399,399,AB127496.1.316.undefined.HAM212.399,57.64
AB127497.1.317.undefined.HAM214.399,399,AB127497.1.317.undefined.HAM214.399,57.14
AB127498.1.318.undefined.HAM216.399,399,AB127498.1.318.undefined.HAM216.399,57.39
AB127499.1.319.undefined.HAM217.399,399,AB127499.1.319.undefined.HAM217.399,57.39
AB127500.1.320.undefined.HAM224.399,399,AB127500.1.320.undefined.HAM224.399,57.39
AB127501.1.321.undefined.HAM225.399,399,AB127501.1.321.undefined.HAM225.399,57.39
AB127502.1.322.undefined.HAM226.399,399,AB127502.1.322.undefined.HAM226.399,57.64
AB127503.1.323.undefined.HAM233.399,399,AB127503.1.323.undefined.HAM233.399,57.64
AB127504.1.324.undefined.HAM235.399,399,AB127504.1.324.undefined.HAM235.399,57.39
AB127505.1.325.undefined.HAM238.399,399,AB127505.1.325.undefined.HAM238.399,57.39
AB127506.1.326.undefined.HAM239.399,399,AB127506.1.326.undefined.HAM239.399,57.64
AB127507.1.327.undefined.HAM241.399,399,AB127507.1.327.undefined.HAM241.399,57.39
AB127508.1.328.undefined.HAM242.399,399,AB127508.1.328.undefined.HAM242.399,57.39
AB127509.1.329.undefined.HAM243.399,399,AB127509.1.329.undefined.HAM243.399,56.89
AB127510.1.330.undefined.HAM244.399,399,AB127510.1.330.undefined.HAM244.399,57.39
AB127511.1.331.undefined.HAM246.399,399,AB127511.1.331.undefined.HAM246.399,57.39
AB127512.1.332.undefined.HAM252.399,399,AB127512.1.332.undefined.HAM252.399,57.39
AB127513.1.333.undefined.HAM253.399,399,AB127513.1.333.undefined.HAM253.399,57.39
AB127514.1.334.undefined.HAM256.399,399,AB127514.1.334.undefined.HAM256.399,56.89
AB127515.1.335.undefined.HAM257.399,399,AB127515.1.335.undefined.HAM257.399,57.39
AB127516.1.336.undefined.HAM258.399,399,AB127516.1.336.undefined.HAM258.399,57.39
AB127517.1.337.undefined.HAM263.399,399,AB127517.1.337.undefined.HAM263.399,57.39
AB127518.1.338.undefined.HAM264.399,399,AB127518.1.338.undefined.HAM264.399,57.39
AB127519.1.339.undefined.HAM268.399,399,AB127519.1.339.undefined.HAM268.399,57.14
AB127520.1.340.undefined.HAM270.399,399,AB127520.1.340.undefined.HAM270.399,57.39
AB127521.1.341.undefined.HAM271.399,399,AB127521.1.341.undefined.HAM271.399,57.14
AB127522.1.342.undefined.HAM272.399,399,AB127522.1.342.undefined.HAM272.399,57.64
AB127523.1.343.undefined.HAM275.399,399,AB127523.1.343.undefined.HAM275.399,57.39
AB127524.1.344.undefined.HAM276.399,399,AB127524.1.344.undefined.HAM276.399,57.39
AB127525.1.345.undefined.HAM277.399,399,AB127525.1.345.undefined.HAM277.399,56.89
AB127526.1.346.undefined.HAM278.399,399,AB127526.1.346.undefined.HAM278.399,57.39
AB127527.1.347.undefined.HAM279.399,399,AB127527.1.347.undefined.HAM279.399,57.14
AB127528.1.348.undefined.HAM280.399,399,AB127528.1.348.undefined.HAM280.399,57.39
AB127529.1.349.undefined.HAM281.399,399,AB127529.1.349.undefined.HAM281.399,57.39
AB127530.1.350.undefined.HAM282.399,399,AB127530.1.350.undefined.HAM282.399,57.64
AB127531.1.351.undefined.HAM284.399,399,AB127531.1.351.undefined.HAM284.399,56.89
AB127532.1.352.undefined.HAM285.399,399,AB127532.1.352.undefined.HAM285.399,57.64
AB127533.1.353.undefined.HAM286.399,399,AB127533.1.353.undefined.HAM286.399,57.14
AB127534.1.354.undefined.HAM287.399,399,AB127534.1.354.undefined.HAM287.399,57.39
AB127535.1.355.undefined.HAM289.399,399,AB127535.1.355.undefined.HAM289.399,57.64
AB127536.1.356.undefined.HAM291.399,399,AB127536.1.356.undefined.HAM291.399,57.39
AB127537.1.357.undefined.HAM294.399,399,AB127537.1.357.undefined.HAM294.399,57.64
AB127538.1.358.undefined.HAM296.399,399,AB127538.1.358.undefined.HAM296.399,57.64
AB127539.1.359.undefined.HAM297.399,399,AB127539.1.359.undefined.HAM297.399,57.39
AB127540.1.360.undefined.HAM301.399,399,AB127540.1.360.undefined.HAM301.399,57.39
AB127541.1.361.undefined.HAM305.399,399,AB127541.1.361.undefined.HAM305.399,57.39
AB127542.1.362.undefined.HAM306.399,399,AB127542.1.362.undefined.HAM306.399,57.39
AB127543.1.363.undefined.HAM426.399,399,AB127543.1.363.undefined.HAM426.399,57.39
AB127544.1.364.undefined.HAM468.399,399,AB127544.1.364.undefined.HAM468.399,57.39
AB127545.1.365.undefined.HAM479.399,399,AB127545.1.365.undefined.HAM479.399,57.39
AB127546.1.366.undefined.HAM493.399,399,AB127546.1.366.undefined.HAM493.399,57.39
AB127547.1.367.undefined.HAM500.399,399,AB127547.1.367.undefined.HAM500.399,57.14
AB127548.1.368.undefined.HAM555.399,399,AB127548.1.368.undefined.HAM555.399,57.39
AB127549.1.369.undefined.HAM562.399,399,AB127549.1.369.undefined.HAM562.399,57.39
AB127550.1.370.undefined.HAM577.399,399,AB127550.1.370.undefined.HAM577.399,57.64
AB127551.1.371.undefined.HAM581.399,399,AB127551.1.371.undefined.HAM581.399,57.64
AB127552.1.372.undefined.HAM698.399,399,AB127552.1.372.undefined.HAM698.399,57.14
AB127553.1.373.undefined.HAM701.399,399,AB127553.1.373.undefined.HAM701.399,57.39
AB127554.1.374.undefined.HAM708.399,399,AB127554.1.374.undefined.HAM708.399,57.39
AB127555.1.375.undefined.HAM714.399,399,AB127555.1.375.undefined.HAM714.399,57.39
AB127556.1.376.undefined.HAM720.399,399,AB127556.1.376.undefined.HAM720.399,57.39
AB127557.1.377.undefined.HAM732.399,399,AB127557.1.377.undefined.HAM732.399,57.39
AB127558.1.378.undefined.HAM738.399,399,AB127558.1.378.undefined.HAM738.399,57.39
AB127559.1.379.undefined.HAM742.399,399,AB127559.1.379.undefined.HAM742.399,57.64
AB127560.1.380.undefined.HAM779.399,399,AB127560.1.380.undefined.HAM779.399,57.39
AB127561.1.381.undefined.HAM785.399,399,AB127561.1.381.undefined.HAM785.399,57.64
AB127562.1.382.undefined.HAM790.399,399,AB127562.1.382.undefined.HAM790.399,57.14
AB127563.1.383.undefined.HAM791.399,399,AB127563.1.383.undefined.HAM791.399,57.64
AB127564.1.384.undefined.HAM828.399,399,AB127564.1.384.undefined.HAM828.399,57.39
AB127565.1.385.undefined.HAM833.399,399,AB127565.1.385.undefined.HAM833.399,57.64
AB127566.1.386.undefined.HAM837.399,399,AB127566.1.386.undefined.HAM837.399,57.14
AB127567.1.387.undefined.HAM839.399,399,AB127567.1.387.undefined.HAM839.399,57.39
AB127568.1.388.undefined.HAM857.399,399,AB127568.1.388.undefined.HAM857.399,57.39
AB127569.1.389.undefined.HAM861.399,399,AB127569.1.389.undefined.HAM861.399,57.39
AB127570.1.390.undefined.HAM1211.399,399,AB127570.1.390.undefined.HAM1211.399,57.39
AB127571.1.391.undefined.HAM1221.399,399,AB127571.1.391.undefined.HAM1221.399,57.39
AB127572.1.392.undefined.HAM1223.399,399,AB127572.1.392.undefined.HAM1223.399,57.39
AB127573.1.393.undefined.HAM1224.399,399,AB127573.1.393.undefined.HAM1224.399,57.39
AB127574.1.394.undefined.HAM1320.399,399,AB127574.1.394.undefined.HAM1320.399,57.39
AB127575.1.395.undefined.HAM1325.399,399,AB127575.1.395.undefined.HAM1325.399,57.14
AB127576.1.396.undefined.HAM1340.399,399,AB127576.1.396.undefined.HAM1340.399,57.14
AB127577.1.397.undefined.HAM1342.399,399,AB127577.1.397.undefined.HAM1342.399,56.89
AB127578.1.398.undefined.HAM1350.399,399,AB127578.1.398.undefined.HAM1350.399,57.39
AB127579.1.399.undefined.HAM1351.399,399,AB127579.1.399.undefined.HAM1351.399,57.39
AB154777.1.400.undefined.ATL2.399,399,AB154777.1.400.undefined.ATL2.399,57.39
AB154778.1.401.undefined.ATL4.399,399,AB154778.1.401.undefined.ATL4.399,57.39
AB154779.1.402.undefined.ATL5.399,399,AB154779.1.402.undefined.ATL5.399,57.39
AB154780.1.403.undefined.ATL7.399,399,AB154780.1.403.undefined.ATL7.399,57.14
AB154781.1.404.undefined.ATL12.399,399,AB154781.1.404.undefined.ATL12.399,57.14
AB154782.1.405.undefined.ATL14.399,399,AB154782.1.405.undefined.ATL14.399,57.39
AB154783.1.406.undefined.ATL16.399,399,AB154783.1.406.undefined.ATL16.399,57.89
AB154784.1.407.undefined.ATL17.399,399,AB154784.1.407.undefined.ATL17.399,56.89
AB154785.1.408.undefined.ATL19.399,399,AB154785.1.408.undefined.ATL19.399,57.39
AB154786.1.409.undefined.ATL21.399,399,AB154786.1.409.undefined.ATL21.399,57.39
AB154787.1.410.undefined.ATL22.399,399,AB154787.1.410.undefined.ATL22.399,57.39
AB154788.1.411.undefined.ATL24.399,399,AB154788.1.411.undefined.ATL24.399,57.39
AB154789.1.412.undefined.ATL27.399,399,AB154789.1.412.undefined.ATL27.399,57.39
AB154790.1.413.undefined.ATL28.399,399,AB154790.1.413.undefined.ATL28.399,57.14
AB154791.1.414.undefined.ATL52.399,399,AB154791.1.414.undefined.ATL52.399,57.39
AB154792.1.415.undefined.ATL54.399,399,AB154792.1.415.undefined.ATL54.399,57.14
AB154793.1.416.undefined.ATL58.399,399,AB154793.1.416.undefined.ATL58.399,57.39
AB154794.1.417.undefined.ATL64.399,399,AB154794.1.417.undefined.ATL64.399,57.39
AB154795.1.418.undefined.ATL65.399,399,AB154795.1.418.undefined.ATL65.399,57.39
AB154796.1.419.undefined.ATL67.399,399,AB154796.1.419.undefined.ATL67.399,57.39
AB154797.1.420.undefined.ATL68.399,399,AB154797.1.420.undefined.ATL68.399,57.39
AB154798.1.421.undefined.ATL70.399,399,AB154798.1.421.undefined.ATL70.399,57.39
AB154799.1.422.undefined.ATL71.399,399,AB154799.1.422.undefined.ATL71.399,57.39
AB154800.1.423.undefined.ATL73.399,399,AB154800.1.423.undefined.ATL73.399,57.39
AB154801.1.424.undefined.ATL74.399,399,AB154801.1.424.undefined.ATL74.399,57.39
AB154802.1.425.undefined.ATL75.399,399,AB154802.1.425.undefined.ATL75.399,57.39
AB154803.1.426.undefined.ATL77.399,399,AB154803.1.426.undefined.ATL77.399,57.14
AB154804.1.427.undefined.ATL86.399,399,AB154804.1.427.undefined.ATL86.399,57.39
AB154805.1.428.undefined.ATL150.399,399,AB154805.1.428.undefined.ATL150.399,56.89
AB154806.1.429.undefined.ATL166.399,399,AB154806.1.429.undefined.ATL166.399,57.39
AB154807.1.430.undefined.ATL168.399,399,AB154807.1.430.undefined.ATL168.399,57.39
AB154808.1.431.undefined.ATL259.399,399,AB154808.1.431.undefined.ATL259.399,57.14
AB154809.1.432.undefined.ATL261.399,399,AB154809.1.432.undefined.ATL261.399,57.39
AB154810.1.433.undefined.ATL264.399,399,AB154810.1.433.undefined.ATL264.399,57.89
AB154811.1.434.undefined.ATL269.399,399,AB154811.1.434.undefined.ATL269.399,57.39
AB154812.1.435.undefined.ATL270.399,399,AB154812.1.435.undefined.ATL270.399,57.39
AB154813.1.436.undefined.ATL271.399,399,AB154813.1.436.undefined.ATL271.399,57.39
AB154814.1.437.undefined.ATL272.399,399,AB154814.1.437.undefined.ATL272.399,57.39
AB154815.1.438.undefined.ATL274.399,399,AB154815.1.438.undefined.ATL274.399,57.39
AB154816.1.439.undefined.ATL275.399,399,AB154816.1.439.undefined.ATL275.399,57.39
AB154817.1.440.undefined.ATL286.399,399,AB154817.1.440.undefined.ATL286.399,57.39
AB158146.1.441.undefined.AC7.399,399,AB158146.1.441.undefined.AC7.399,57.39
AB158147.1.442.undefined.AC29.399,399,AB158147.1.442.undefined.AC29.399,57.39
AB158148.1.443.undefined.AC1020.399,399,AB158148.1.443.undefined.AC1020.399,57.39
AB158149.1.444.undefined.AC66.399,399,AB158149.1.444.undefined.AC66.399,57.39
AB158150.1.445.undefined.AC1680.399,399,AB158150.1.445.undefined.AC1680.399,57.39
AB158151.1.446.undefined.AC1226.399,399,AB158151.1.446.undefined.AC1226.399,57.39
AB158152.1.447.undefined.AC1229.399,399,AB158152.1.447.undefined.AC1229.399,57.39
AB158153.1.448.undefined.AC1311.399,399,AB158153.1.448.undefined.AC1311.399,57.39
AB158154.1.449.undefined.AC1313.399,399,AB158154.1.449.undefined.AC1313.399,57.39
AB158155.1.450.undefined.AC1317.399,399,AB158155.1.450.undefined.AC1317.399,57.39
AB158156.1.451.undefined.AC1326.399,399,AB158156.1.451.undefined.AC1326.399,57.39
AB158157.1.452.undefined.AC1327.399,399,AB158157.1.452.undefined.AC1327.399,57.64
AB158158.1.453.undefined.AC1355.399,399,AB158158.1.453.undefined.AC1355.399,56.89
AB158159.1.454.undefined.AC1356.399,399,AB158159.1.454.undefined.AC1356.399,57.39
AB158160.1.455.undefined.AC1357.399,399,AB158160.1.455.undefined.AC1357.399,57.39
AB158161.1.456.undefined.AC1359.399,399,AB158161.1.456.undefined.AC1359.399,57.14
AB158162.1.457.undefined.AC1361.399,399,AB158162.1.457.undefined.AC1361.399,57.39
AB158163.1.458.undefined.AC1362.399,399,AB158163.1.458.undefined.AC1362.399,57.14
AB158164.1.459.undefined.AC1363.399,399,AB158164.1.459.undefined.AC1363.399,57.39
AB158165.1.460.undefined.AC1364.399,399,AB158165.1.460.undefined.AC1364.399,57.39
AB158166.1.461.undefined.AC1365.399,399,AB158166.1.461.undefined.AC1365.399,57.39
AB158167.1.462.undefined.AC1366.399,399,AB158167.1.462.undefined.AC1366.399,57.39
AB158168.1.463.undefined.AC1369.399,399,AB158168.1.463.undefined.AC1369.399,57.39
AB158169.1.464.undefined.AC1372.399,399,AB158169.1.464.undefined.AC1372.399,57.39
AB158170.1.465.undefined.AC1373.399,399,AB158170.1.465.undefined.AC1373.399,57.39
AB158171.1.466.undefined.AC1374.399,399,AB158171.1.466.undefined.AC1374.399,57.39
AB158172.1.467.undefined.AC1376.399,399,AB158172.1.467.undefined.AC1376.399,57.14
AB158173.1.468.undefined.AC1381.399,399,AB158173.1.468.undefined.AC1381.399,57.39
AB158174.1.469.undefined.AC1394.399,399,AB158174.1.469.undefined.AC1394.399,57.39
AB158175.1.470.undefined.AC1396.399,399,AB158175.1.470.undefined.AC1396.399,57.39
AB158176.1.471.undefined.AC1491.399,399,AB158176.1.471.undefined.AC1491.399,57.39
AB158177.1.472.undefined.AC1492.399,399,AB158177.1.472.undefined.AC1492.399,57.39
AB158178.1.473.undefined.AC1493.399,399,AB158178.1.473.undefined.AC1493.399,57.39
AB158179.1.474.undefined.AC1494.399,399,AB158179.1.474.undefined.AC1494.399,57.39
AB158180.1.475.undefined.AC1495.399,399,AB158180.1.475.undefined.AC1495.399,57.39
AB158181.1.476.undefined.AC1497.399,399,AB158181.1.476.undefined.AC1497.399,57.39
AB158182.1.477.undefined.AC1512.399,399,AB158182.1.477.undefined.AC1512.399,57.39
AB158183.1.478.undefined.AC1586.399,399,AB158183.1.478.undefined.AC1586.399,57.14
AB158184.1.479.undefined.AC1599.399,399,AB158184.1.479.undefined.AC1599.399,57.39
AB158185.1.480.undefined.AC1603.399,399,AB158185.1.480.undefined.AC1603.399,57.39
AB158186.1.481.undefined.AC1608.399,399,AB158186.1.481.undefined.AC1608.399,57.39
AB158187.1.482.undefined.AC1625.399,399,AB158187.1.482.undefined.AC1625.399,57.39
AB158188.1.483.undefined.AC1635.399,399,AB158188.1.483.undefined.AC1635.399,57.39
AB158189.1.484.undefined.AC1636.399,399,AB158189.1.484.undefined.AC1636.399,57.64
AB158190.1.485.undefined.AC1641.399,399,AB158190.1.485.undefined.AC1641.399,57.14
AB158191.1.486.undefined.AC1648.399,399,AB158191.1.486.undefined.AC1648.399,57.39
AB158266.1.487.undefined.HAM70.399,399,AB158266.1.487.undefined.HAM70.399,57.39
AB158267.1.488.undefined.HAM57.399,399,AB158267.1.488.undefined.HAM57.399,57.14
AB158268.1.489.undefined.HAM79.399,399,AB158268.1.489.undefined.HAM79.399,57.14
AB158269.1.490.undefined.HAM181,399,AB158269.1.490.undefined.HAM181 p12.399,57.14
AB158270.1.491.undefined.HAM105.399,399,AB158270.1.491.undefined.HAM105.399,57.14
AB158271.1.492.undefined.Husband,399,AB158271.1.492.undefined.Husband of HAM181.399,57.14
AB158272.1.493.undefined.Wife,399,AB158272.1.493.undefined.Wife of HAM201.399,57.39
AB158273.1.494.undefined.Sister,399,AB158273.1.494.undefined.Sister of HAM790.399,57.14
AB158274.1.495.undefined.Mother,399,AB158274.1.495.undefined.Mother of HAM790.399,57.14
AB158275.1.496.undefined.Sister,399,AB158275.1.496.undefined.Sister of HAM271 (AC).399,57.14
AB158276.1.497.undefined.Sister,399,AB158276.1.497.undefined.Sister of HAM271.399,57.14
AB181224.1.498.undefined.-.1077,1077,AB181224.1.498.undefined.-.1077,53.95
AB211199.1.499.undefined.B2,359,AB211199.1.499.undefined.B2 HAM.359,53.2
AB211200.1.500.undefined.C7,353,AB211200.1.500.undefined.C7 HC.353,53.82
AB211201.1.501.undefined.C3,1059,AB211201.1.501.undefined.C3 HAM.1059,53.73
AB211202.1.502.undefined.C3,1059,AB211202.1.502.undefined.C3 HC.1059,53.64
AB211203.1.503.undefined.C5,1059,AB211203.1.503.undefined.C5 HC.1059,53.73
AB211204.1.504.undefined.C7,1059,AB211204.1.504.undefined.C7 HC.1059,53.82
AB211205.1.505.undefined.C9,1059,AB211205.1.505.undefined.C9 HC.1059,53.92
AB211206.1.506.undefined.D5,1059,AB211206.1.506.undefined.D5 HAM.1059,53.73
AB211207.1.507.undefined.D11,1059,AB211207.1.507.undefined.D11 HAM.1059,53.92
AB211208.1.508.undefined.C1,519,AB211208.1.508.undefined.C1 HAM.519,52.99
AB211209.1.509.undefined.C4,480,AB211209.1.509.undefined.C4 HC.480,52.29
AB211210.1.510.undefined.C5,450,AB211210.1.510.undefined.C5 HC.450,53.56
AB211211.1.511.undefined.C7,483,AB211211.1.511.undefined.C7 HC.483,52.17
AB211212.1.512.undefined.D6,483,AB211212.1.512.undefined.D6 HAM.483,52.59
AB211213.1.513.undefined.D10,480,AB211213.1.513.undefined.D10 HAM.480,52.29
AB211214.1.514.undefined.C1,498,AB211214.1.514.undefined.C1 HC.498,58.63
AB211215.1.515.undefined.C3,513,AB211215.1.515.undefined.C3 HAM.513,57.89
AB211216.1.516.undefined.C6,505,AB211216.1.516.undefined.C6 HC.505,58.22
AB211217.1.517.undefined.C7,510,AB211217.1.517.undefined.C7 HC.510,57.65
AB211218.1.518.undefined.D2,513,AB211218.1.518.undefined.D2 HAM.513,57.89
AB211219.1.519.undefined.C4,359,AB211219.1.519.undefined.C4 HC.359,52.92
AB211220.1.520.undefined.C1,509,AB211220.1.520.undefined.C1 HAM.509,57.76
AB219938.1.521.undefined.-.1088,1088,AB219938.1.521.undefined.-.1088,56.16
AB273635.1.522.undefined.-.9033,9033,AB273635.1.522.undefined.-.9033,53.82
AB373952.1.523.undefined.-.1461,1461,AB373952.1.523.undefined.-.1461,54.93
AB471992.1.524.undefined.04viii08-01.649,649,AB471992.1.524.undefined.04viii08-01.649,58.86
AB471993.1.525.undefined.04viii08-03.633,633,AB471993.1.525.undefined.04viii08-03.633,59.08
AB471994.1.526.undefined.04viii08-07.639,639,AB471994.1.526.undefined.04viii08-07.639,58.84
AB471995.1.527.undefined.07viii08-03.642,642,AB471995.1.527.undefined.07viii08-03.642,59.19
AB471996.1.528.undefined.07viii08-04.632,632,AB471996.1.528.undefined.07viii08-04.632,59.02
AB471997.1.529.undefined.08viii08-01.644,644,AB471997.1.529.undefined.08viii08-01.644,58.85
AB471998.1.530.undefined.08viii08-02.637,637,AB471998.1.530.undefined.08viii08-02.637,58.56
AB471999.1.531.undefined.08viii08-03.633,633,AB471999.1.531.undefined.08viii08-03.633,59.4
AB472000.1.532.undefined.08viii08-04.618,618,AB472000.1.532.undefined.08viii08-04.618,59.55
AB472001.1.533.undefined.14viii08-02.640,640,AB472001.1.533.undefined.14viii08-02.640,59.22
AB472002.1.534.undefined.14viii08-03.647,647,AB472002.1.534.undefined.14viii08-03.647,59.04
AB472003.1.535.undefined.14viii08-04.642,642,AB472003.1.535.undefined.14viii08-04.642,59.03
AB472004.1.536.undefined.14viii08-05.641,641,AB472004.1.536.undefined.14viii08-05.641,58.97
AB472005.1.537.undefined.14viii08-06.650,650,AB472005.1.537.undefined.14viii08-06.650,58.77
AB472006.1.538.undefined.14viii08-07.650,650,AB472006.1.538.undefined.14viii08-07.650,59.08
AB472007.1.539.undefined.16viii08-01.641,641,AB472007.1.539.undefined.16viii08-01.641,58.81
AB472008.1.540.undefined.16viii08-02.640,640,AB472008.1.540.undefined.16viii08-02.640,59.06
AB472009.1.541.undefined.18viii08-01.650,650,AB472009.1.541.undefined.18viii08-01.650,58.77
AB472010.1.542.undefined.18viii08-03.646,646,AB472010.1.542.undefined.18viii08-03.646,58.82
AB513134.1.543.undefined.-.9034,9034,AB513134.1.543.undefined.-.9034,53.87
AB600204.1.544.undefined.04viii08-01.1467,1467,AB600204.1.544.undefined.04viii08-01.1467,51.33
AB600205.1.545.undefined.04viii08-03.1467,1467,AB600205.1.545.undefined.04viii08-03.1467,51.4
AB600206.1.546.undefined.08viii08-03.1467,1467,AB600206.1.546.undefined.08viii08-03.1467,51.33
AB600207.1.547.undefined.14viii08-06.1467,1467,AB600207.1.547.undefined.14viii08-06.1467,51.12
AB600208.1.548.undefined.14viii08-04.1467,1467,AB600208.1.548.undefined.14viii08-04.1467,51.26
AB600209.1.549.undefined.16viii08-02.1467,1467,AB600209.1.549.undefined.16viii08-02.1467,51.33
AB600210.1.550.undefined.01011023.1467,1467,AB600210.1.550.undefined.01011023.1467,51.06
AB600211.1.551.undefined.01011024.1467,1467,AB600211.1.551.undefined.01011024.1467,51.4
AB600212.1.552.undefined.01011035.1467,1467,AB600212.1.552.undefined.01011035.1467,51.53
AB600213.1.553.undefined.01011056.1467,1467,AB600213.1.553.undefined.01011056.1467,51.47
AB600214.1.554.undefined.3902014.1467,1467,AB600214.1.554.undefined.3902014.1467,51.33
AB600215.1.555.undefined.3902028.1467,1467,AB600215.1.555.undefined.3902028.1467,51.6
AB600216.1.556.undefined.3902030.1467,1467,AB600216.1.556.undefined.3902030.1467,51.33
AB600217.1.557.undefined.3902037.1467,1467,AB600217.1.557.undefined.3902037.1467,51.67
AB600218.1.558.undefined.4301017.1467,1467,AB600218.1.558.undefined.4301017.1467,51.26
AB600219.1.559.undefined.4701052.1467,1467,AB600219.1.559.undefined.4701052.1467,51.33
AB600220.1.560.undefined.4701054.1467,1467,AB600220.1.560.undefined.4701054.1467,51.6
AB600221.1.561.undefined.4701059.1467,1467,AB600221.1.561.undefined.4701059.1467,51.4
AB600222.1.562.undefined.4701063.1467,1467,AB600222.1.562.undefined.4701063.1467,51.53
AB600223.1.563.undefined.4701094.1467,1467,AB600223.1.563.undefined.4701094.1467,51.6
AB600224.1.564.undefined.42030621.1467,1467,AB600224.1.564.undefined.42030621.1467,51.47
AB600225.1.565.undefined.42030629.1467,1467,AB600225.1.565.undefined.42030629.1467,51.47
AB600226.1.566.undefined.43011009.1467,1467,AB600226.1.566.undefined.43011009.1467,51.67
AB600227.1.567.undefined.47011009.1467,1467,AB600227.1.567.undefined.47011009.1467,51.4
AB600228.1.568.undefined.03011001.1467,1467,AB600228.1.568.undefined.03011001.1467,51.4
AB600229.1.569.undefined.3902038.1467,1467,AB600229.1.569.undefined.3902038.1467,51.26
AB979451.1.570.undefined.-.8941,8941,AB979451.1.570.undefined.-.8941,53.95
AF003009.1.571.undefined.RKI1-Iran.1587,1587,AF003009.1.571.undefined.RKI1-Iran.1587,51.73
AF003010.1.572.undefined.RKI1-Iran.1679,1679,AF003010.1.572.undefined.RKI1-Iran.1679,55.81
AF003011.1.573.undefined.RKI12-Rum.1600,1600,AF003011.1.573.undefined.RKI12-Rum.1600,51.56
AF003012.1.574.undefined.-.1678,1678,AF003012.1.574.undefined.-.1678,55.6
AF005393.1.575.undefined.-.140,140,AF005393.1.575.undefined.-.140,40.71
AF005394.1.576.undefined.-.556,556,AF005394.1.576.undefined.-.556,56.12
AF005395.1.577.undefined.-.556,556,AF005395.1.577.undefined.-.556,56.83
AF005396.1.578.undefined.-.118,118,AF005396.1.578.undefined.-.118,60.17
AF005397.1.579.undefined.-.118,118,AF005397.1.579.undefined.-.118,60.17
AF005398.1.580.undefined.-.118,118,AF005398.1.580.undefined.-.118,60.17
AF005399.1.581.undefined.-.118,118,AF005399.1.581.undefined.-.118,60.17
AF005400.1.582.undefined.-.264,264,AF005400.1.582.undefined.-.264,53.79
AF005401.1.583.undefined.-.264,264,AF005401.1.583.undefined.-.264,53.41
AF005402.1.584.undefined.-.264,264,AF005402.1.584.undefined.-.264,53.79
AF005403.1.585.undefined.-.264,264,AF005403.1.585.undefined.-.264,54.17
AF007751.1.586.undefined.ARGDOU.507,507,AF007751.1.586.undefined.ARGDOU.507,59.17
AF007752.1.587.undefined.ARGFF.507,507,AF007752.1.587.undefined.ARGFF.507,59.17
AF007753.1.588.undefined.ARGGAY.507,507,AF007753.1.588.undefined.ARGGAY.507,59.57
AF007754.1.589.undefined.ARGMF.505,505,AF007754.1.589.undefined.ARGMF.505,58.42
AF007755.1.590.undefined.ARGSOT.507,507,AF007755.1.590.undefined.ARGSOT.507,59.17
AF007756.1.591.undefined.ARGMF.522,522,AF007756.1.591.undefined.ARGMF.522,51.92
AF013217.1.592.undefined.-.508,508,AF013217.1.592.undefined.-.508,58.66
AF013218.1.593.undefined.-.507,507,AF013218.1.593.undefined.-.507,59.37
AF013219.1.594.undefined.-.507,507,AF013219.1.594.undefined.-.507,58.38
AF013220.1.595.undefined.-.507,507,AF013220.1.595.undefined.-.507,58.58
AF013221.1.596.undefined.-.508,508,AF013221.1.596.undefined.-.508,59.06
AF014644.1.597.undefined.BRAPA01.507,507,AF014644.1.597.undefined.BRAPA01.507,58.97
AF014645.1.598.undefined.BRAPA02.507,507,AF014645.1.598.undefined.BRAPA02.507,58.78
AF014646.1.599.undefined.BRAPA03.507,507,AF014646.1.599.undefined.BRAPA03.507,58.97
AF014647.1.600.undefined.BRAPA04.507,507,AF014647.1.600.undefined.BRAPA04.507,58.97
AF014648.1.601.undefined.BRAPA05.508,508,AF014648.1.601.undefined.BRAPA05.508,59.84
AF014649.1.602.undefined.BRAPA06.508,508,AF014649.1.602.undefined.BRAPA06.508,58.46
AF014650.1.603.undefined.BRAPA07.507,507,AF014650.1.603.undefined.BRAPA07.507,58.58
AF014651.1.604.undefined.BRAPA08.507,507,AF014651.1.604.undefined.BRAPA08.507,58.97
AF014652.1.605.undefined.BRAPA09.509,509,AF014652.1.605.undefined.BRAPA09.509,58.15
AF014653.1.606.undefined.BRASA01.508,508,AF014653.1.606.undefined.BRASA01.508,58.66
AF014654.1.607.undefined.BRASA03.507,507,AF014654.1.607.undefined.BRASA03.507,59.17
AF014655.1.608.undefined.BRASP01.508,508,AF014655.1.608.undefined.BRASP01.508,58.46
AF014656.1.609.undefined.BRASP03.507,507,AF014656.1.609.undefined.BRASP03.507,58.78
AF014657.1.610.undefined.BRASP07.507,507,AF014657.1.610.undefined.BRASP07.507,58.58
AF014658.1.611.undefined.BRASP08.508,508,AF014658.1.611.undefined.BRASP08.508,58.27
AF014659.1.612.undefined.BRASP15.507,507,AF014659.1.612.undefined.BRASP15.507,58.78
AF014660.1.613.undefined.BRASP21.507,507,AF014660.1.613.undefined.BRASP21.507,58.19
AF014661.1.614.undefined.BRASP22.508,508,AF014661.1.614.undefined.BRASP22.508,58.46
AF014662.1.615.undefined.BRASP23.507,507,AF014662.1.615.undefined.BRASP23.507,58.19
AF014663.1.616.undefined.BRASP31.508,508,AF014663.1.616.undefined.BRASP31.508,58.27
AF014664.1.617.undefined.BRASP42.508,508,AF014664.1.617.undefined.BRASP42.508,57.87
AF014665.1.618.undefined.BRASP43.507,507,AF014665.1.618.undefined.BRASP43.507,58.78
AF014666.1.619.undefined.BRASP44.507,507,AF014666.1.619.undefined.BRASP44.507,59.37
AF014667.1.620.undefined.BRASP51.507,507,AF014667.1.620.undefined.BRASP51.507,58.38
AF014668.1.621.undefined.BRASP53.507,507,AF014668.1.621.undefined.BRASP53.507,58.58
AF014669.1.622.undefined.BRASP54.507,507,AF014669.1.622.undefined.BRASP54.507,58.97
AF014670.1.623.undefined.BRASP56.508,508,AF014670.1.623.undefined.BRASP56.508,58.86
AF020627.1.624.undefined.-.562,562,AF020627.1.624.undefined.-.562,59.79
AF020628.1.625.undefined.-.562,562,AF020628.1.625.undefined.-.562,60.32
AF020629.1.626.undefined.-.562,562,AF020629.1.626.undefined.-.562,59.61
AF020630.1.627.undefined.-.562,562,AF020630.1.627.undefined.-.562,60.14
AF020631.1.628.undefined.-.562,562,AF020631.1.628.undefined.-.562,60.14
AF020632.1.629.undefined.-.562,562,AF020632.1.629.undefined.-.562,59.96
AF020633.1.630.undefined.-.562,562,AF020633.1.630.undefined.-.562,60.14
AF020634.1.631.undefined.-.562,562,AF020634.1.631.undefined.-.562,60.14
AF020635.1.632.undefined.-.561,561,AF020635.1.632.undefined.-.561,60.43
AF027209.1.633.undefined.ATL,234,AF027209.1.633.undefined.ATL patient J.W..234,57.26
AF029072.1.634.undefined.IP145.961,961,AF029072.1.634.undefined.IP145.961,50.78
AF029073.1.635.undefined.2072gp21.536,536,AF029073.1.635.undefined.2072gp21.536,51.87
AF029074.1.636.undefined.IP084.961,961,AF029074.1.636.undefined.IP084.961,50.78
AF029075.2.637.undefined.2060gp21.536,536,AF029075.2.637.undefined.2060gp21.536,51.87
AF031888.1.638.undefined.-.225,225,AF031888.1.638.undefined.-.225,48.44
AF031889.1.639.undefined.C3H/HeJ.423,423,AF031889.1.639.undefined.C3H/HeJ.423,45.39
AF032470.1.640.undefined.KUW-4.704,704,AF032470.1.640.undefined.KUW-4.704,58.66
AF032989.1.641.undefined.-.765,765,AF032989.1.641.undefined.-.765,57.25
AF032990.1.642.undefined.-.764,764,AF032990.1.642.undefined.-.764,57.98
AF032991.1.643.undefined.-.765,765,AF032991.1.643.undefined.-.765,57.65
AF032992.1.644.undefined.-.764,764,AF032992.1.644.undefined.-.764,57.59
AF032993.1.645.undefined.-.765,765,AF032993.1.645.undefined.-.765,57.52
AF033817.1.646.undefined.-.8507,8507,AF033817.1.646.undefined.-.8507,53.46
AF042071.1.647.undefined.RKI3-Ger.8868,8868,AF042071.1.647.undefined.RKI3-Ger.8868,53.91
AF054271.1.648.undefined.-.625,625,AF054271.1.648.undefined.-.625,57.44
AF054272.1.649.undefined.-.626,626,AF054272.1.649.undefined.-.626,57.83
AF054273.1.650.undefined.-.625,625,AF054273.1.650.undefined.-.625,56.8
AF054627.1.651.undefined.RKI4-Peru.856,856,AF054627.1.651.undefined.RKI4-Peru.856,55.33
AF054628.1.652.undefined.RKI6-Ger.419,419,AF054628.1.652.undefined.RKI6-Ger.419,58.71
AF058079.1.653.undefined.-.589,589,AF058079.1.653.undefined.-.589,53.48
AF058080.1.654.undefined.-.589,589,AF058080.1.654.undefined.-.589,53.48
AF058081.1.655.undefined.-.589,589,AF058081.1.655.undefined.-.589,53.48
AF058082.1.656.undefined.-.589,589,AF058082.1.656.undefined.-.589,53.31
AF058083.1.657.undefined.-.589,589,AF058083.1.657.undefined.-.589,53.31
AF058084.1.658.undefined.-.589,589,AF058084.1.658.undefined.-.589,53.48
AF058085.1.659.undefined.-.589,589,AF058085.1.659.undefined.-.589,53.14
AF058086.1.660.undefined.-.589,589,AF058086.1.660.undefined.-.589,53.48
AF058087.1.661.undefined.-.589,589,AF058087.1.661.undefined.-.589,53.14
AF058088.1.662.undefined.-.589,589,AF058088.1.662.undefined.-.589,53.14
AF058089.1.663.undefined.-.589,589,AF058089.1.663.undefined.-.589,53.14
AF063806.1.664.undefined.AMnar.522,522,AF063806.1.664.undefined.AMnar.522,52.49
AF063807.1.665.undefined.AMtoto.522,522,AF063807.1.665.undefined.AMtoto.522,52.49
AF063808.1.666.undefined.AMyam.522,522,AF063808.1.666.undefined.AMyam.522,52.11
AF063809.1.667.undefined.CR015.522,522,AF063809.1.667.undefined.CR015.522,51.92
AF063810.1.668.undefined.CR01.522,522,AF063810.1.668.undefined.CR01.522,52.49
AF063811.1.669.undefined.CR03.522,522,AF063811.1.669.undefined.CR03.522,52.3
AF063812.1.670.undefined.CR08.522,522,AF063812.1.670.undefined.CR08.522,52.3
AF063813.1.671.undefined.CRcam.522,522,AF063813.1.671.undefined.CRcam.522,52.11
AF063814.1.672.undefined.NM1626.522,522,AF063814.1.672.undefined.NM1626.522,51.72
AF063815.1.673.undefined.NM1688.522,522,AF063815.1.673.undefined.NM1688.522,51.72
AF063816.1.674.undefined.NM2015.522,522,AF063816.1.674.undefined.NM2015.522,51.72
AF063817.1.675.undefined.NM2028.522,522,AF063817.1.675.undefined.NM2028.522,51.72
AF063818.1.676.undefined.NMnic.522,522,AF063818.1.676.undefined.NMnic.522,51.72
AF063819.1.677.undefined.Cam.756,756,AF063819.1.677.undefined.Cam.756,58.07
AF063820.1.678.undefined.Nar.756,756,AF063820.1.678.undefined.Nar.756,57.8
AF063821.1.679.undefined.NM1626.757,757,AF063821.1.679.undefined.NM1626.757,57.33
AF074965.1.680.undefined.-.8893,8893,AF074965.1.680.undefined.-.8893,53.73
AF076254.1.681.undefined.kapo.424,424,AF076254.1.681.undefined.kapo.424,57.08
AF076255.1.682.undefined.yam.424,424,AF076255.1.682.undefined.yam.424,57.08
AF076256.1.683.undefined.-.423,423,AF076256.1.683.undefined.-.423,56.97
AF076257.1.684.undefined.nar.423,423,AF076257.1.684.undefined.nar.423,57.45
AF076258.1.685.undefined.cr015.423,423,AF076258.1.685.undefined.cr015.423,56.97
AF076259.1.686.undefined.cr01.423,423,AF076259.1.686.undefined.cr01.423,56.97
AF076260.1.687.undefined.1626.424,424,AF076260.1.687.undefined.1626.424,56.84
AF076261.1.688.undefined.1688.424,424,AF076261.1.688.undefined.1688.424,56.84
AF076262.1.689.undefined.nic.424,424,AF076262.1.689.undefined.nic.424,56.6
AF076263.1.690.undefined.2028.424,424,AF076263.1.690.undefined.2028.424,57.55
AF076264.1.691.undefined.2015.424,424,AF076264.1.691.undefined.2015.424,57.31
AF076265.1.692.undefined.cam.423,423,AF076265.1.692.undefined.cam.423,57.21
AF076266.1.693.undefined.cr03.423,423,AF076266.1.693.undefined.cr03.423,57.21
AF076267.1.694.undefined.cr08,423,AF076267.1.694.undefined.cr08 .423,56.97
AF077209.1.695.undefined.pt450.1344,1344,AF077209.1.695.undefined.pt450.1344,51.64
AF077211.1.696.undefined.pt450.246,246,AF077211.1.696.undefined.pt450.246,56.5
AF091494.1.697.undefined.2318.940,940,AF091494.1.697.undefined.2318.940,51.17
AF091495.1.698.undefined.2329.940,940,AF091495.1.698.undefined.2329.940,51.38
AF091496.1.699.undefined.IP60.940,940,AF091496.1.699.undefined.IP60.940,50.85
AF091497.1.700.undefined.IP66.940,940,AF091497.1.700.undefined.IP66.940,50.64
AF091498.1.701.undefined.IP70.940,940,AF091498.1.701.undefined.IP70.940,50.43
AF091499.1.702.undefined.IP71.940,940,AF091499.1.702.undefined.IP71.940,50.74
AF091500.1.703.undefined.IP74.940,940,AF091500.1.703.undefined.IP74.940,50.64
AF092065.1.704.undefined.IP100.940,940,AF092065.1.704.undefined.IP100.940,50.74
AF092848.1.705.undefined.-.705,705,AF092848.1.705.undefined.-.705,56.74
AF092849.1.706.undefined.-.705,705,AF092849.1.706.undefined.-.705,56.74
AF097524.1.707.undefined.97MZ03.555,555,AF097524.1.707.undefined.97MZ03.555,58.38
AF097525.1.708.undefined.97MZ06.555,555,AF097525.1.708.undefined.97MZ06.555,58.56
AF097526.1.709.undefined.97MZ26.550,550,AF097526.1.709.undefined.97MZ26.550,57.82
AF097527.1.710.undefined.97MZ28.555,555,AF097527.1.710.undefined.97MZ28.555,58.02
AF097528.1.711.undefined.TBH98.547,547,AF097528.1.711.undefined.TBH98.547,58.5
AF115495.1.712.undefined.-.755,755,AF115495.1.712.undefined.-.755,56.69
AF121866.1.713.undefined.SN014.509,509,AF121866.1.713.undefined.SN014.509,58.35
AF121867.1.714.undefined.SN079.510,510,AF121867.1.714.undefined.SN079.510,58.24
AF121868.1.715.undefined.SN094.509,509,AF121868.1.715.undefined.SN094.509,58.15
AF121869.1.716.undefined.SN132.509,509,AF121869.1.716.undefined.SN132.509,58.35
AF124043.1.717.undefined.BEL1.756,756,AF124043.1.717.undefined.BEL1.756,57.67
AF132300.1.718.undefined.-.522,522,AF132300.1.718.undefined.-.522,52.11
AF133522.1.719.undefined.-.1073,1073,AF133522.1.719.undefined.-.1073,53.31
AF133523.1.720.undefined.79/94.1073,1073,AF133523.1.720.undefined.79/94.1073,53.31
AF133524.1.721.undefined.122/97.1073,1073,AF133524.1.721.undefined.122/97.1073,53.31
AF133525.1.722.undefined.31/98.1073,1073,AF133525.1.722.undefined.31/98.1073,53.31
AF133526.1.723.undefined.28/97.1073,1073,AF133526.1.723.undefined.28/97.1073,53.31
AF139170.1.724.undefined.-.9031,9031,AF139170.1.724.undefined.-.9031,53.8
AF139382.1.725.undefined.-.8958,8958,AF139382.1.725.undefined.-.8958,53.91
AF139383.1.726.undefined.-.830,830,AF139383.1.726.undefined.-.830,50.72
AF139384.1.727.undefined.-.816,816,AF139384.1.727.undefined.-.816,50.61
AF139385.1.728.undefined.-.798,798,AF139385.1.728.undefined.-.798,50.13
AF139386.1.729.undefined.-.799,799,AF139386.1.729.undefined.-.799,50.44
AF139387.1.730.undefined.-.789,789,AF139387.1.730.undefined.-.789,50.25
AF139388.1.731.undefined.-.741,741,AF139388.1.731.undefined.-.741,58.16
AF139389.1.732.undefined.-.743,743,AF139389.1.732.undefined.-.743,58.14
AF139390.1.733.undefined.-.742,742,AF139390.1.733.undefined.-.742,58.09
AF139391.1.734.undefined.-.742,742,AF139391.1.734.undefined.-.742,57.82
AF139392.1.735.undefined.-.742,742,AF139392.1.735.undefined.-.742,57.82
AF139393.1.736.undefined.-.742,742,AF139393.1.736.undefined.-.742,58.03
AF148889.1.737.undefined.3669.407,407,AF148889.1.737.undefined.3669.407,54.55
AF148890.1.738.undefined.3614.473,473,AF148890.1.738.undefined.3614.473,54.97
AF148891.1.739.undefined.A212,448,AF148891.1.739.undefined.A212 .448,53.12
AF148892.1.740.undefined.EG.495,495,AF148892.1.740.undefined.EG.495,55.15
AF148893.1.741.undefined.FS.522,522,AF148893.1.741.undefined.FS.522,52.87
AF148894.1.742.undefined.FS.518,518,AF148894.1.742.undefined.FS.518,49.42
AF148895.1.743.undefined.MT-2.645,645,AF148895.1.743.undefined.MT-2.645,53.18
AF148896.1.744.undefined.8166.447,447,AF148896.1.744.undefined.8166.447,61.97
AF154338.1.745.undefined.KZN48.629,629,AF154338.1.745.undefined.KZN48.629,50.72
AF154339.1.746.undefined.KZN49.597,597,AF154339.1.746.undefined.KZN49.597,49.75
AF154340.1.747.undefined.KZN68.629,629,AF154340.1.747.undefined.KZN68.629,50.56
AF154341.1.748.undefined.KZN61.629,629,AF154341.1.748.undefined.KZN61.629,50.56
AF154342.1.749.undefined.KZN62.629,629,AF154342.1.749.undefined.KZN62.629,50.87
AF165067.1.750.undefined.-.686,686,AF165067.1.750.undefined.-.686,50.44
AF165068.1.751.undefined.-.686,686,AF165068.1.751.undefined.-.686,50.0
AF175467.1.752.undefined.-.763,763,AF175467.1.752.undefined.-.763,57.8
AF185281.1.753.undefined.-.145,145,AF185281.1.753.undefined.-.145,50.34
AF185282.1.754.undefined.-.668,668,AF185282.1.754.undefined.-.668,57.63
AF195020.1.755.undefined.-.479,479,AF195020.1.755.undefined.-.479,55.11
AF197250.1.756.undefined.-.481,481,AF197250.1.756.undefined.-.481,54.89
AF197251.1.757.undefined.-.479,479,AF197251.1.757.undefined.-.479,54.91
AF197252.1.758.undefined.-.480,480,AF197252.1.758.undefined.-.480,54.79
AF197253.1.759.undefined.-.479,479,AF197253.1.759.undefined.-.479,54.28
AF197254.1.760.undefined.-.479,479,AF197254.1.760.undefined.-.479,54.91
AF197255.1.761.undefined.-.480,480,AF197255.1.761.undefined.-.480,55.0
AF197256.1.762.undefined.-.480,480,AF197256.1.762.undefined.-.480,54.79
AF197257.1.763.undefined.-.473,473,AF197257.1.763.undefined.-.473,55.39
AF197258.1.764.undefined.-.473,473,AF197258.1.764.undefined.-.473,54.97
AF197259.1.765.undefined.-.478,478,AF197259.1.765.undefined.-.478,54.18
AF197260.1.766.undefined.-.478,478,AF197260.1.766.undefined.-.478,54.6
AF197261.1.767.undefined.-.479,479,AF197261.1.767.undefined.-.479,54.7
AF197262.1.768.undefined.-.481,481,AF197262.1.768.undefined.-.481,54.26
AF197263.1.769.undefined.-.479,479,AF197263.1.769.undefined.-.479,54.07
AF197264.1.770.undefined.-.479,479,AF197264.1.770.undefined.-.479,54.49
AF197265.1.771.undefined.-.479,479,AF197265.1.771.undefined.-.479,54.7
AF197266.1.772.undefined.-.479,479,AF197266.1.772.undefined.-.479,55.11
AF197267.1.773.undefined.-.479,479,AF197267.1.773.undefined.-.479,54.28
AF197268.1.774.undefined.-.479,479,AF197268.1.774.undefined.-.479,55.11
AF197269.1.775.undefined.-.479,479,AF197269.1.775.undefined.-.479,55.11
AF197270.1.776.undefined.-.479,479,AF197270.1.776.undefined.-.479,55.11
AF197271.1.777.undefined.-.480,480,AF197271.1.777.undefined.-.480,54.17
AF197272.1.778.undefined.-.480,480,AF197272.1.778.undefined.-.480,54.17
AF197273.1.779.undefined.-.480,480,AF197273.1.779.undefined.-.480,55.0
AF197274.1.780.undefined.-.480,480,AF197274.1.780.undefined.-.480,54.17
AF197275.1.781.undefined.-.631,631,AF197275.1.781.undefined.-.631,52.3
AF197276.1.782.undefined.-.631,631,AF197276.1.782.undefined.-.631,52.46
AF197277.1.783.undefined.-.631,631,AF197277.1.783.undefined.-.631,52.46
AF197278.1.784.undefined.-.631,631,AF197278.1.784.undefined.-.631,52.46
AF197279.1.785.undefined.-.630,630,AF197279.1.785.undefined.-.630,52.54
AF197280.1.786.undefined.-.630,630,AF197280.1.786.undefined.-.630,52.86
AF197281.1.787.undefined.-.630,630,AF197281.1.787.undefined.-.630,52.7
AF197282.1.788.undefined.-.630,630,AF197282.1.788.undefined.-.630,52.7
AF197283.1.789.undefined.-.630,630,AF197283.1.789.undefined.-.630,52.7
AF197284.1.790.undefined.-.631,631,AF197284.1.790.undefined.-.631,52.61
AF197285.1.791.undefined.-.318,318,AF197285.1.791.undefined.-.318,44.65
AF197286.1.792.undefined.-.318,318,AF197286.1.792.undefined.-.318,44.34
AF197287.1.793.undefined.-.318,318,AF197287.1.793.undefined.-.318,44.97
AF197288.1.794.undefined.-.318,318,AF197288.1.794.undefined.-.318,44.34
AF197289.1.795.undefined.-.318,318,AF197289.1.795.undefined.-.318,44.34
AF197290.1.796.undefined.-.318,318,AF197290.1.796.undefined.-.318,44.97
AF197291.1.797.undefined.-.318,318,AF197291.1.797.undefined.-.318,44.65
AF197292.1.798.undefined.-.318,318,AF197292.1.798.undefined.-.318,44.03
AF197293.1.799.undefined.-.318,318,AF197293.1.799.undefined.-.318,44.34
AF197294.1.800.undefined.-.318,318,AF197294.1.800.undefined.-.318,44.34
AF197295.1.801.undefined.-.318,318,AF197295.1.801.undefined.-.318,44.34
AF197296.1.802.undefined.-.318,318,AF197296.1.802.undefined.-.318,45.28
AF197297.1.803.undefined.-.318,318,AF197297.1.803.undefined.-.318,44.03
AF197298.1.804.undefined.-.318,318,AF197298.1.804.undefined.-.318,44.97
AF197299.1.805.undefined.-.318,318,AF197299.1.805.undefined.-.318,44.03
AF197300.1.806.undefined.-.318,318,AF197300.1.806.undefined.-.318,44.34
AF197301.1.807.undefined.-.318,318,AF197301.1.807.undefined.-.318,44.03
AF197302.1.808.undefined.-.318,318,AF197302.1.808.undefined.-.318,44.03
AF197303.1.809.undefined.-.318,318,AF197303.1.809.undefined.-.318,44.34
AF197304.1.810.undefined.-.318,318,AF197304.1.810.undefined.-.318,44.34
AF197305.1.811.undefined.-.318,318,AF197305.1.811.undefined.-.318,44.97
AF197306.1.812.undefined.-.318,318,AF197306.1.812.undefined.-.318,44.03
AF197307.1.813.undefined.-.318,318,AF197307.1.813.undefined.-.318,44.34
AF197308.1.814.undefined.-.318,318,AF197308.1.814.undefined.-.318,44.34
AF197309.1.815.undefined.-.318,318,AF197309.1.815.undefined.-.318,43.71
AF197310.1.816.undefined.-.318,318,AF197310.1.816.undefined.-.318,44.97
AF197311.1.817.undefined.-.318,318,AF197311.1.817.undefined.-.318,44.34
AF197312.1.818.undefined.-.318,318,AF197312.1.818.undefined.-.318,44.34
AF197313.1.819.undefined.-.318,318,AF197313.1.819.undefined.-.318,44.34
AF197314.1.820.undefined.-.318,318,AF197314.1.820.undefined.-.318,43.71
AF197315.1.821.undefined.-.318,318,AF197315.1.821.undefined.-.318,44.34
AF197316.1.822.undefined.-.318,318,AF197316.1.822.undefined.-.318,44.34
AF197317.1.823.undefined.-.318,318,AF197317.1.823.undefined.-.318,44.34
AF197318.1.824.undefined.-.318,318,AF197318.1.824.undefined.-.318,43.71
AF197319.1.825.undefined.-.318,318,AF197319.1.825.undefined.-.318,44.34
AF197320.1.826.undefined.-.318,318,AF197320.1.826.undefined.-.318,44.65
AF197321.1.827.undefined.-.318,318,AF197321.1.827.undefined.-.318,44.34
AF197322.1.828.undefined.-.318,318,AF197322.1.828.undefined.-.318,44.34
AF197323.1.829.undefined.-.318,318,AF197323.1.829.undefined.-.318,44.34
AF197324.1.830.undefined.-.318,318,AF197324.1.830.undefined.-.318,45.28
AF197325.1.831.undefined.-.318,318,AF197325.1.831.undefined.-.318,44.34
AF197326.1.832.undefined.-.318,318,AF197326.1.832.undefined.-.318,44.34
AF197327.1.833.undefined.-.318,318,AF197327.1.833.undefined.-.318,44.97
AF197328.1.834.undefined.-.145,145,AF197328.1.834.undefined.-.145,42.76
AF222019.1.835.undefined.U8306.508,508,AF222019.1.835.undefined.U8306.508,58.46
AF223406.1.836.undefined.-.140,140,AF223406.1.836.undefined.-.140,42.14
AF226593.1.837.undefined.-.1061,1061,AF226593.1.837.undefined.-.1061,53.06
AF226594.2.838.undefined.htlv446.966,966,AF226594.2.838.undefined.htlv446.966,51.66
AF226595.1.839.undefined.-.1500,1500,AF226595.1.839.undefined.-.1500,50.8
AF226596.1.840.undefined.-.966,966,AF226596.1.840.undefined.-.966,51.86
AF228926.1.841.undefined.-.461,461,AF228926.1.841.undefined.-.461,57.48
AF228927.1.842.undefined.-.461,461,AF228927.1.842.undefined.-.461,57.7
AF228928.1.843.undefined.-.460,460,AF228928.1.843.undefined.-.460,57.61
AF228929.1.844.undefined.-.461,461,AF228929.1.844.undefined.-.461,57.27
AF228930.1.845.undefined.-.459,459,AF228930.1.845.undefined.-.459,58.17
AF228931.1.846.undefined.-.459,459,AF228931.1.846.undefined.-.459,58.39
AF228932.1.847.undefined.-.459,459,AF228932.1.847.undefined.-.459,58.39
AF228933.1.848.undefined.-.617,617,AF228933.1.848.undefined.-.617,54.71
AF228934.1.849.undefined.-.577,577,AF228934.1.849.undefined.-.577,54.17
AF228935.1.850.undefined.-.577,577,AF228935.1.850.undefined.-.577,53.99
AF228936.1.851.undefined.-.461,461,AF228936.1.851.undefined.-.461,55.1
AF228937.1.852.undefined.-.461,461,AF228937.1.852.undefined.-.461,54.88
AF228938.1.853.undefined.-.409,409,AF228938.1.853.undefined.-.409,59.17
AF228939.1.854.undefined.-.762,762,AF228939.1.854.undefined.-.762,50.39
AF228940.1.855.undefined.-.407,407,AF228940.1.855.undefined.-.407,59.95
AF228941.1.856.undefined.-.407,407,AF228941.1.856.undefined.-.407,59.71
AF228942.1.857.undefined.-.407,407,AF228942.1.857.undefined.-.407,59.46
AF228943.1.858.undefined.-.407,407,AF228943.1.858.undefined.-.407,59.71
AF228944.1.859.undefined.-.471,471,AF228944.1.859.undefined.-.471,54.99
AF228945.1.860.undefined.-.539,539,AF228945.1.860.undefined.-.539,53.25
AF228946.1.861.undefined.-.659,659,AF228946.1.861.undefined.-.659,52.05
AF228947.1.862.undefined.-.659,659,AF228947.1.862.undefined.-.659,52.05
AF228948.1.863.undefined.-.659,659,AF228948.1.863.undefined.-.659,51.75
AF228949.1.864.undefined.-.507,507,AF228949.1.864.undefined.-.507,55.82
AF228950.1.865.undefined.-.507,507,AF228950.1.865.undefined.-.507,55.82
AF228951.1.866.undefined.-.507,507,AF228951.1.866.undefined.-.507,55.62
AF228952.1.867.undefined.-.542,542,AF228952.1.867.undefined.-.542,54.24
AF228953.1.868.undefined.-.542,542,AF228953.1.868.undefined.-.542,54.24
AF228954.1.869.undefined.-.413,413,AF228954.1.869.undefined.-.413,59.81
AF228955.1.870.undefined.-.469,469,AF228955.1.870.undefined.-.469,56.93
AF228956.1.871.undefined.-.469,469,AF228956.1.871.undefined.-.469,56.72
AF228957.1.872.undefined.-.469,469,AF228957.1.872.undefined.-.469,57.14
AF228958.1.873.undefined.-.675,675,AF228958.1.873.undefined.-.675,55.7
AF228959.1.874.undefined.-.421,421,AF228959.1.874.undefined.-.421,59.62
AF228960.1.875.undefined.-.441,441,AF228960.1.875.undefined.-.441,58.05
AF228961.1.876.undefined.-.441,441,AF228961.1.876.undefined.-.441,58.28
AF228962.1.877.undefined.-.441,441,AF228962.1.877.undefined.-.441,57.82
AF228963.1.878.undefined.-.454,454,AF228963.1.878.undefined.-.454,59.03
AF228964.1.879.undefined.-.454,454,AF228964.1.879.undefined.-.454,58.81
AF228965.1.880.undefined.-.527,527,AF228965.1.880.undefined.-.527,58.75
AF228966.1.881.undefined.-.640,640,AF228966.1.881.undefined.-.640,53.75
AF228967.1.882.undefined.-.526,526,AF228967.1.882.undefined.-.526,53.61
AF228968.1.883.undefined.-.526,526,AF228968.1.883.undefined.-.526,53.42
AF228969.1.884.undefined.-.526,526,AF228969.1.884.undefined.-.526,53.8
AF228970.1.885.undefined.-.526,526,AF228970.1.885.undefined.-.526,53.42
AF228971.1.886.undefined.-.524,524,AF228971.1.886.undefined.-.524,53.44
AF228972.1.887.undefined.-.448,448,AF228972.1.887.undefined.-.448,60.49
AF228973.1.888.undefined.-.448,448,AF228973.1.888.undefined.-.448,60.71
AF228974.1.889.undefined.-.448,448,AF228974.1.889.undefined.-.448,60.27
AF228975.1.890.undefined.-.448,448,AF228975.1.890.undefined.-.448,60.27
AF228976.1.891.undefined.-.482,482,AF228976.1.891.undefined.-.482,55.39
AF228977.1.892.undefined.-.482,482,AF228977.1.892.undefined.-.482,55.19
AF228978.1.893.undefined.-.572,572,AF228978.1.893.undefined.-.572,55.07
AF228979.1.894.undefined.-.563,563,AF228979.1.894.undefined.-.563,53.82
AF228980.1.895.undefined.-.415,415,AF228980.1.895.undefined.-.415,59.76
AF228981.1.896.undefined.-.415,415,AF228981.1.896.undefined.-.415,59.52
AF228982.1.897.undefined.-.413,413,AF228982.1.897.undefined.-.413,60.05
AF228983.1.898.undefined.-.414,414,AF228983.1.898.undefined.-.414,59.9
AF228984.1.899.undefined.-.656,656,AF228984.1.899.undefined.-.656,54.12
AF228985.1.900.undefined.-.655,655,AF228985.1.900.undefined.-.655,54.05
AF228986.1.901.undefined.-.556,556,AF228986.1.901.undefined.-.556,56.83
AF228987.1.902.undefined.-.555,555,AF228987.1.902.undefined.-.555,56.22
AF228988.1.903.undefined.-.555,555,AF228988.1.903.undefined.-.555,56.76
AF250200.1.904.undefined.2555.1466,1466,AF250200.1.904.undefined.2555.1466,50.41
AF255299.1.905.undefined.-.440,440,AF255299.1.905.undefined.-.440,50.91
AF257509.1.906.undefined.-.140,140,AF257509.1.906.undefined.-.140,40.71
AF257510.1.907.undefined.-.140,140,AF257510.1.907.undefined.-.140,42.14
AF257511.1.908.undefined.-.140,140,AF257511.1.908.undefined.-.140,40.0
AF257512.1.909.undefined.-.140,140,AF257512.1.909.undefined.-.140,42.86
AF257513.1.910.undefined.-.140,140,AF257513.1.910.undefined.-.140,41.43
AF257514.1.911.undefined.-.140,140,AF257514.1.911.undefined.-.140,42.86
AF258452.1.912.undefined.-.140,140,AF258452.1.912.undefined.-.140,42.14
AF258453.1.913.undefined.-.140,140,AF258453.1.913.undefined.-.140,42.14
AF258454.1.914.undefined.-.140,140,AF258454.1.914.undefined.-.140,42.14
AF258455.1.915.undefined.-.140,140,AF258455.1.915.undefined.-.140,42.14
AF258456.1.916.undefined.-.140,140,AF258456.1.916.undefined.-.140,42.14
AF258457.1.917.undefined.-.140,140,AF258457.1.917.undefined.-.140,40.0
AF258458.1.918.undefined.-.140,140,AF258458.1.918.undefined.-.140,40.0
AF258459.1.919.undefined.-.140,140,AF258459.1.919.undefined.-.140,40.0
AF258460.1.920.undefined.-.140,140,AF258460.1.920.undefined.-.140,42.14
AF258788.1.921.undefined.1RASCPZ.522,522,AF258788.1.921.undefined.1RASCPZ.522,51.92
AF259264.1.922.undefined.WHP.9034,9034,AF259264.1.922.undefined.WHP.9034,53.96
AF262407.1.923.undefined.-.589,589,AF262407.1.923.undefined.-.589,53.14
AF262408.1.924.undefined.-.625,625,AF262408.1.924.undefined.-.625,57.92
AF274481.1.925.undefined.-.652,652,AF274481.1.925.undefined.-.652,58.9
AF274482.1.926.undefined.-.621,621,AF274482.1.926.undefined.-.621,57.97
AF275905.1.927.undefined.-.455,455,AF275905.1.927.undefined.-.455,61.54
AF292000.1.928.undefined.PMT-2.1062,1062,AF292000.1.928.undefined.PMT-2.1062,53.67
AF292001.1.929.undefined.-.1071,1071,AF292001.1.929.undefined.-.1071,52.57
AF292002.1.930.undefined.-.996,996,AF292002.1.930.undefined.-.996,52.01
AF306724.1.931.undefined.-.624,624,AF306724.1.931.undefined.-.624,57.53
AF306725.1.932.undefined.-.622,622,AF306725.1.932.undefined.-.622,58.04
AF306726.1.933.undefined.-.624,624,AF306726.1.933.undefined.-.624,58.01
AF306727.1.934.undefined.-.624,624,AF306727.1.934.undefined.-.624,57.21
AF306728.1.935.undefined.-.624,624,AF306728.1.935.undefined.-.624,57.85
AF306729.1.936.undefined.-.623,623,AF306729.1.936.undefined.-.623,57.46
AF306730.1.937.undefined.-.624,624,AF306730.1.937.undefined.-.624,57.85
AF306731.1.938.undefined.-.623,623,AF306731.1.938.undefined.-.623,58.27
AF306732.1.939.undefined.-.625,625,AF306732.1.939.undefined.-.625,58.24
AF306733.1.940.undefined.-.624,624,AF306733.1.940.undefined.-.624,58.17
AF306734.1.941.undefined.-.623,623,AF306734.1.941.undefined.-.623,58.11
AF306735.1.942.undefined.-.624,624,AF306735.1.942.undefined.-.624,57.85
AF326583.1.943.undefined.-.8964,8964,AF326583.1.943.undefined.-.8964,53.87
AF326584.1.944.undefined.-.8955,8955,AF326584.1.944.undefined.-.8955,53.81
AF327515.1.945.undefined.-.159,159,AF327515.1.945.undefined.-.159,59.12
AF327516.1.946.undefined.-.140,140,AF327516.1.946.undefined.-.140,41.43
AF387073.1.947.undefined.-.966,966,AF387073.1.947.undefined.-.966,51.97
AF387074.1.948.undefined.-.966,966,AF387074.1.948.undefined.-.966,51.76
AF387075.1.949.undefined.-.966,966,AF387075.1.949.undefined.-.966,52.07
AF399895.1.950.undefined.-.466,466,AF399895.1.950.undefined.-.466,60.73
AF399896.1.951.undefined.-.487,487,AF399896.1.951.undefined.-.487,61.19
AF399897.1.952.undefined.-.518,518,AF399897.1.952.undefined.-.518,59.07
AF399898.1.953.undefined.-.545,545,AF399898.1.953.undefined.-.545,59.27
AF399899.1.954.undefined.-.457,457,AF399899.1.954.undefined.-.457,62.36
AF399900.1.955.undefined.-.473,473,AF399900.1.955.undefined.-.473,61.52
AF399901.1.956.undefined.-.649,649,AF399901.1.956.undefined.-.649,58.55
AF399902.1.957.undefined.-.671,671,AF399902.1.957.undefined.-.671,58.72
AF399903.1.958.undefined.-.628,628,AF399903.1.958.undefined.-.628,57.8
AF399904.1.959.undefined.-.592,592,AF399904.1.959.undefined.-.592,58.11
AF399905.1.960.undefined.-.640,640,AF399905.1.960.undefined.-.640,58.28
AF399906.1.961.undefined.-.650,650,AF399906.1.961.undefined.-.650,59.08
AF399907.1.962.undefined.-.630,630,AF399907.1.962.undefined.-.630,58.41
AF399908.1.963.undefined.-.647,647,AF399908.1.963.undefined.-.647,58.42
AF401491.1.964.undefined.-.668,668,AF401491.1.964.undefined.-.668,57.78
AF401492.1.965.undefined.-.668,668,AF401492.1.965.undefined.-.668,57.63
AF401493.1.966.undefined.-.672,672,AF401493.1.966.undefined.-.672,57.44
AF401494.1.967.undefined.-.672,672,AF401494.1.967.undefined.-.672,57.44
AF401495.1.968.undefined.-.670,670,AF401495.1.968.undefined.-.670,57.16
AF401496.1.969.undefined.-.2877,2877,AF401496.1.969.undefined.-.2877,53.95
AF405338.1.970.undefined.Co-001.1467,1467,AF405338.1.970.undefined.Co-001.1467,51.36
AF405339.1.971.undefined.Co-002.1467,1467,AF405339.1.971.undefined.Co-002.1467,51.43
AF405340.1.972.undefined.Co-003.1467,1467,AF405340.1.972.undefined.Co-003.1467,51.43
AF405341.1.973.undefined.Co-004.1467,1467,AF405341.1.973.undefined.Co-004.1467,49.74
AF405342.1.974.undefined.Co-005.1467,1467,AF405342.1.974.undefined.Co-005.1467,51.67
AF405343.1.975.undefined.Co-006.1467,1467,AF405343.1.975.undefined.Co-006.1467,51.74
AF405344.1.976.undefined.Co-007.1467,1467,AF405344.1.976.undefined.Co-007.1467,51.6
AF405345.1.977.undefined.Co-008.1467,1467,AF405345.1.977.undefined.Co-008.1467,51.43
AF405346.1.978.undefined.Co-009.1467,1467,AF405346.1.978.undefined.Co-009.1467,51.47
AF405347.1.979.undefined.Co-010.1467,1467,AF405347.1.979.undefined.Co-010.1467,51.36
AF405348.1.980.undefined.Co-011.1467,1467,AF405348.1.980.undefined.Co-011.1467,51.21
AF405349.1.981.undefined.Co-012.1467,1467,AF405349.1.981.undefined.Co-012.1467,51.32
AF412314.1.982.undefined.-.8962,8962,AF412314.1.982.undefined.-.8962,53.92
AF438752.1.983.undefined.case,936,AF438752.1.983.undefined.case 2.936,51.07
AF438753.1.984.undefined.case,936,AF438753.1.984.undefined.case 1.936,50.96
AF438754.1.985.undefined.case,936,AF438754.1.985.undefined.case 4.936,50.96
AF438755.1.986.undefined.case,936,AF438755.1.986.undefined.case 5.936,51.07
AF438756.1.987.undefined.case,936,AF438756.1.987.undefined.case 6.936,51.18
AF438757.1.988.undefined.case,936,AF438757.1.988.undefined.case 8.936,51.28
AF438758.1.989.undefined.case,936,AF438758.1.989.undefined.case 9.936,51.07
AF438759.1.990.undefined.case,936,AF438759.1.990.undefined.case 10.936,51.18
AF438760.1.991.undefined.case,936,AF438760.1.991.undefined.case 11.936,51.07
AF438761.1.992.undefined.case,936,AF438761.1.992.undefined.case 3.936,51.07
AF438762.1.993.undefined.case,936,AF438762.1.993.undefined.case 7.936,51.18
AF438763.1.994.undefined.case,936,AF438763.1.994.undefined.case 12.936,51.07
AF438764.1.995.undefined.case,936,AF438764.1.995.undefined.case 13.963,50.96
AF438765.1.996.undefined.case,501,AF438765.1.996.undefined.case 2.501,57.49
AF438766.1.997.undefined.case,501,AF438766.1.997.undefined.case 3.501,58.48
AF485380.1.998.undefined.-.1045,1045,AF485380.1.998.undefined.-.1045,53.59
AF485381.1.999.undefined.-.1038,1038,AF485381.1.999.undefined.-.1038,53.47
AF485382.1.1000.undefined.From,608,AF485382.1.1000.undefined.From patient 2.608,59.38
AF485383.1.1001.undefined.From,598,AF485383.1.1001.undefined.From patient 3.598,59.7
AF515451.1.1002.undefined.-.374,374,AF515451.1.1002.undefined.-.374,59.09
AF520453.1.1003.undefined.BA1239100.478,478,AF520453.1.1003.undefined.BA1239100.478,54.6
AF520454.1.1004.undefined.BA1978.479,479,AF520454.1.1004.undefined.BA1978.479,54.49
AF520455.1.1005.undefined.BA2031.479,479,AF520455.1.1005.undefined.BA2031.479,54.91
AF520456.1.1006.undefined.BA2127.478,478,AF520456.1.1006.undefined.BA2127.478,54.39
AF520457.1.1007.undefined.BA2326.480,480,AF520457.1.1007.undefined.BA2326.480,55.0
AF520458.1.1008.undefined.BA2497.480,480,AF520458.1.1008.undefined.BA2497.480,54.58
AF520459.1.1009.undefined.BA2567.479,479,AF520459.1.1009.undefined.BA2567.479,54.91
AF520460.1.1010.undefined.BA2746.479,479,AF520460.1.1010.undefined.BA2746.479,54.91
AF520461.1.1011.undefined.BA2781.480,480,AF520461.1.1011.undefined.BA2781.480,54.17
AF520462.1.1012.undefined.BA2960.479,479,AF520462.1.1012.undefined.BA2960.479,55.11
AF520463.1.1013.undefined.BA2993.480,480,AF520463.1.1013.undefined.BA2993.480,54.17
AF520464.1.1014.undefined.BA3076200.480,480,AF520464.1.1014.undefined.BA3076200.480,54.58
AF520465.1.1015.undefined.BA3229.479,479,AF520465.1.1015.undefined.BA3229.479,54.91
AF520466.1.1016.undefined.BA3451200.479,479,AF520466.1.1016.undefined.BA3451200.479,54.7
AF520467.1.1017.undefined.BA3525.479,479,AF520467.1.1017.undefined.BA3525.479,54.91
AF520468.1.1018.undefined.BA3565.479,479,AF520468.1.1018.undefined.BA3565.479,54.7
AF520469.1.1019.undefined.BA3604.479,479,AF520469.1.1019.undefined.BA3604.479,55.11
AF520470.1.1020.undefined.BA4971900.480,480,AF520470.1.1020.undefined.BA4971900.480,54.37
AF520471.1.1021.undefined.BA2871.401,401,AF520471.1.1021.undefined.BA2871.401,57.11
AF523269.1.1022.undefined.-.481,481,AF523269.1.1022.undefined.-.481,54.05
AF523270.1.1023.undefined.-.481,481,AF523270.1.1023.undefined.-.481,54.05
AF523271.1.1024.undefined.-.481,481,AF523271.1.1024.undefined.-.481,53.85
AF523272.1.1025.undefined.-.479,479,AF523272.1.1025.undefined.-.479,54.49
AF523273.1.1026.undefined.-.480,480,AF523273.1.1026.undefined.-.480,54.17
AF526264.1.1027.undefined.-.479,479,AF526264.1.1027.undefined.-.479,54.91
AF529955.1.1028.undefined.GM599.734,734,AF529955.1.1028.undefined.GM599.734,57.22
AF529956.1.1029.undefined.GM778.741,741,AF529956.1.1029.undefined.GM778.741,57.76
AF529957.1.1030.undefined.GP2.740,740,AF529957.1.1030.undefined.GP2.740,56.76
AF529958.1.1031.undefined.GP219.748,748,AF529958.1.1031.undefined.GP219.748,57.09
AF529959.1.1032.undefined.GP27.740,740,AF529959.1.1032.undefined.GP27.740,56.49
AF529960.1.1033.undefined.GP299.750,750,AF529960.1.1033.undefined.GP299.750,57.07
AF529961.1.1034.undefined.GP35.750,750,AF529961.1.1034.undefined.GP35.750,56.93
AF529962.1.1035.undefined.,730,AF529962.1.1035.undefined. GT551.730,57.12
AF529963.1.1036.undefined.GT895.749,749,AF529963.1.1036.undefined.GT895.749,57.28
AF529964.1.1037.undefined.GM599.353,353,AF529964.1.1037.undefined.GM599.353,48.16
AF529965.1.1038.undefined.GM778.544,544,AF529965.1.1038.undefined.GM778.544,53.12
AF529966.1.1039.undefined.GP2.950,950,AF529966.1.1039.undefined.GP2.950,52.11
AF529967.1.1040.undefined.GP219.955,955,AF529967.1.1040.undefined.GP219.955,51.62
AF529968.1.1041.undefined.GP27.559,559,AF529968.1.1041.undefined.GP27.559,53.05
AF529969.1.1042.undefined.GP299.970,970,AF529969.1.1042.undefined.GP299.970,51.44
AF529970.1.1043.undefined.GP35.952,952,AF529970.1.1043.undefined.GP35.952,51.68
AF529971.1.1044.undefined.GT551.554,554,AF529971.1.1044.undefined.GT551.554,52.72
AH002350.2.1045.undefined.-.2575,2575,AH002350.2.1045.undefined.-.2575,51.43
AH002351.2.1046.undefined.-.1668,1668,AH002351.2.1046.undefined.-.1668,57.97
AH002371.1.1047.undefined.-.955,955,AH002371.1.1047.undefined.-.955,54.97
AH002371.2.1048.undefined.-.1055,1055,AH002371.2.1048.undefined.-.1055,54.97
AH002564.2.1049.undefined.-.1062,1062,AH002564.2.1049.undefined.-.1062,56.73
AH002797.2.1050.undefined.-.947,947,AH002797.2.1050.undefined.-.947,51.24
AH002798.2.1051.undefined.-.947,947,AH002798.2.1051.undefined.-.947,51.59
AH002799.2.1052.undefined.-.947,947,AH002799.2.1052.undefined.-.947,51.48
AH002800.2.1053.undefined.-.947,947,AH002800.2.1053.undefined.-.947,52.18
AH002801.2.1054.undefined.-.799,799,AH002801.2.1054.undefined.-.799,51.93
AH002802.2.1055.undefined.-.799,799,AH002802.2.1055.undefined.-.799,51.79
AH002803.2.1056.undefined.-.947,947,AH002803.2.1056.undefined.-.947,51.59
AH002804.2.1057.undefined.-.947,947,AH002804.2.1057.undefined.-.947,51.59
AH002805.2.1058.undefined.-.947,947,AH002805.2.1058.undefined.-.947,51.24
AH004457.1.1059.undefined.CMCH,1149,AH004457.1.1059.undefined.CMCH 1.1149,52.74
AH004768.1.1060.undefined.A146.629,629,AH004768.1.1060.undefined.A146.629,57.87
AH004834.1.1061.undefined.-.485,485,AH004834.1.1061.undefined.-.485,50.93
AH004834.2.1062.undefined.-.585,585,AH004834.2.1062.undefined.-.585,50.93
AH007824.1.1063.undefined.pt450.1590,1590,AH007824.1.1063.undefined.pt450.1590,52.39
AH007824.2.1064.undefined.-.1690,1690,AH007824.2.1064.undefined.-.1690,52.39
AH007825.2.1065.undefined.-.1742,1742,AH007825.2.1065.undefined.-.1742,54.47
AX935532.1.1066.undefined.-.153,153,AX935532.1.1066.undefined.-.153,48.37
AX935534.1.1067.undefined.-.153,153,AX935534.1.1067.undefined.-.153,49.02
AX935536.1.1068.undefined.-.153,153,AX935536.1.1068.undefined.-.153,47.71
AX935538.1.1069.undefined.-.153,153,AX935538.1.1069.undefined.-.153,49.02
AX935540.1.1070.undefined.-.171,171,AX935540.1.1070.undefined.-.171,49.12
AX935542.1.1071.undefined.-.153,153,AX935542.1.1071.undefined.-.153,51.63
AX935544.1.1072.undefined.-.924,924,AX935544.1.1072.undefined.-.924,50.65
AX935546.1.1073.undefined.-.912,912,AX935546.1.1073.undefined.-.912,52.3
AY026842.1.1074.undefined.PAN-623.759,759,AY026842.1.1074.undefined.PAN-623.759,56.92
AY026843.1.1075.undefined.PAN-622.757,757,AY026843.1.1075.undefined.PAN-622.757,57.2
AY026844.1.1076.undefined.PAN-614.759,759,AY026844.1.1076.undefined.PAN-614.759,57.18
AY026845.1.1077.undefined.CMI-MIT.747,747,AY026845.1.1077.undefined.CMI-MIT.747,57.16
AY026846.1.1078.undefined.CAE-AGM535.754,754,AY026846.1.1078.undefined.CAE-AGM535.754,58.22
AY026847.1.1079.undefined.CAE-AGM511.754,754,AY026847.1.1079.undefined.CAE-AGM511.754,58.22
AY026848.1.1080.undefined.CAE-AGM03.754,754,AY026848.1.1080.undefined.CAE-AGM03.754,58.22
AY026849.1.1081.undefined.CAE-97024.754,754,AY026849.1.1081.undefined.CAE-97024.754,56.9
AY026850.1.1082.undefined.CAE-97022.754,754,AY026850.1.1082.undefined.CAE-97022.754,57.16
AY026851.1.1083.undefined.CAE-89032.754,754,AY026851.1.1083.undefined.CAE-89032.754,56.76
AY026852.1.1084.undefined.CAE-1301.755,755,AY026852.1.1084.undefined.CAE-1301.755,56.42
AY026853.1.1085.undefined.CMO-1401.756,756,AY026853.1.1085.undefined.CMO-1401.756,56.61
AY026854.1.1086.undefined.CNI-1001.755,755,AY026854.1.1086.undefined.CNI-1001.755,56.42
AY026855.1.1087.undefined.CTO-601.755,755,AY026855.1.1087.undefined.CTO-601.755,56.69
AY026856.1.1088.undefined.ANG-WIS.756,756,AY026856.1.1088.undefined.ANG-WIS.756,56.75
AY026857.1.1089.undefined.,755,AY026857.1.1089.undefined. ANG-VEN .755,56.29
AY026858.1.1090.undefined.ANG-MER.756,756,AY026858.1.1090.undefined.ANG-MER.756,56.75
AY034063.1.1091.undefined.RKI8-del1.564,564,AY034063.1.1091.undefined.RKI8-del1.564,56.03
AY034064.1.1092.undefined.RKI8-del2.584,584,AY034064.1.1092.undefined.RKI8-del2.584,52.05
AY034065.1.1093.undefined.RKI8-del3.706,706,AY034065.1.1093.undefined.RKI8-del3.706,53.54
AY034066.1.1094.undefined.-.832,832,AY034066.1.1094.undefined.-.832,54.57
AY035392.1.1095.undefined.MFR-Israel.778,778,AY035392.1.1095.undefined.MFR-Israel.778,56.17
AY040786.1.1096.undefined.-.695,695,AY040786.1.1096.undefined.-.695,58.99
AY040787.1.1097.undefined.-.695,695,AY040787.1.1097.undefined.-.695,58.85
AY040788.1.1098.undefined.-.693,693,AY040788.1.1098.undefined.-.693,58.44
AY040789.1.1099.undefined.-.693,693,AY040789.1.1099.undefined.-.693,58.73
AY040790.1.1100.undefined.-.693,693,AY040790.1.1100.undefined.-.693,58.87
AY040791.1.1101.undefined.-.693,693,AY040791.1.1101.undefined.-.693,58.44
AY040792.1.1102.undefined.-.694,694,AY040792.1.1102.undefined.-.694,58.5
AY040793.1.1103.undefined.-.695,695,AY040793.1.1103.undefined.-.695,58.85
AY040794.1.1104.undefined.-.693,693,AY040794.1.1104.undefined.-.693,59.02
AY040795.1.1105.undefined.-.693,693,AY040795.1.1105.undefined.-.693,58.87
AY040796.1.1106.undefined.-.693,693,AY040796.1.1106.undefined.-.693,58.73
AY124592.1.1107.undefined.-.479,479,AY124592.1.1107.undefined.-.479,54.91
AY124593.1.1108.undefined.-.479,479,AY124593.1.1108.undefined.-.479,54.91
AY124594.1.1109.undefined.-.479,479,AY124594.1.1109.undefined.-.479,54.91
AY124595.1.1110.undefined.-.479,479,AY124595.1.1110.undefined.-.479,54.49
AY124596.1.1111.undefined.-.480,480,AY124596.1.1111.undefined.-.480,53.96
AY124597.1.1112.undefined.-.479,479,AY124597.1.1112.undefined.-.479,55.11
AY124598.1.1113.undefined.-.479,479,AY124598.1.1113.undefined.-.479,54.91
AY124599.1.1114.undefined.-.481,481,AY124599.1.1114.undefined.-.481,54.05
AY124600.1.1115.undefined.-.479,479,AY124600.1.1115.undefined.-.479,54.91
AY124601.1.1116.undefined.-.480,480,AY124601.1.1116.undefined.-.480,54.17
AY124602.1.1117.undefined.-.479,479,AY124602.1.1117.undefined.-.479,54.7
AY124603.1.1118.undefined.-.480,480,AY124603.1.1118.undefined.-.480,54.17
AY124604.1.1119.undefined.-.480,480,AY124604.1.1119.undefined.-.480,54.17
AY124605.1.1120.undefined.-.479,479,AY124605.1.1120.undefined.-.479,54.91
AY124606.1.1121.undefined.-.480,480,AY124606.1.1121.undefined.-.480,54.37
AY124607.1.1122.undefined.-.480,480,AY124607.1.1122.undefined.-.480,55.0
AY124608.1.1123.undefined.-.479,479,AY124608.1.1123.undefined.-.479,54.7
AY124609.1.1124.undefined.-.479,479,AY124609.1.1124.undefined.-.479,54.7
AY124610.1.1125.undefined.-.480,480,AY124610.1.1125.undefined.-.480,54.17
AY124611.1.1126.undefined.-.471,471,AY124611.1.1126.undefined.-.471,54.35
AY124612.1.1127.undefined.-.479,479,AY124612.1.1127.undefined.-.479,54.91
AY124613.1.1128.undefined.-.479,479,AY124613.1.1128.undefined.-.479,54.91
AY124614.1.1129.undefined.-.479,479,AY124614.1.1129.undefined.-.479,54.7
AY124615.1.1130.undefined.-.480,480,AY124615.1.1130.undefined.-.480,54.17
AY124616.1.1131.undefined.-.481,481,AY124616.1.1131.undefined.-.481,54.26
AY124617.1.1132.undefined.-.478,478,AY124617.1.1132.undefined.-.478,54.6
AY124618.1.1133.undefined.-.479,479,AY124618.1.1133.undefined.-.479,55.32
AY124619.1.1134.undefined.-.480,480,AY124619.1.1134.undefined.-.480,54.17
AY124620.1.1135.undefined.-.479,479,AY124620.1.1135.undefined.-.479,54.91
AY124621.1.1136.undefined.-.480,480,AY124621.1.1136.undefined.-.480,54.37
AY124622.1.1137.undefined.-.480,480,AY124622.1.1137.undefined.-.480,54.17
AY124623.1.1138.undefined.-.479,479,AY124623.1.1138.undefined.-.479,54.91
AY124624.1.1139.undefined.-.480,480,AY124624.1.1139.undefined.-.480,54.79
AY124625.1.1140.undefined.-.479,479,AY124625.1.1140.undefined.-.479,54.28
AY124626.1.1141.undefined.-.479,479,AY124626.1.1141.undefined.-.479,54.91
AY124627.1.1142.undefined.-.480,480,AY124627.1.1142.undefined.-.480,55.0
AY124628.1.1143.undefined.-.480,480,AY124628.1.1143.undefined.-.480,54.79
AY124629.1.1144.undefined.-.473,473,AY124629.1.1144.undefined.-.473,55.39
AY124630.1.1145.undefined.-.472,472,AY124630.1.1145.undefined.-.472,55.08
AY124631.1.1146.undefined.-.478,478,AY124631.1.1146.undefined.-.478,54.18
AY124632.1.1147.undefined.-.478,478,AY124632.1.1147.undefined.-.478,54.6
AY124633.1.1148.undefined.-.479,479,AY124633.1.1148.undefined.-.479,54.7
AY124634.1.1149.undefined.-.481,481,AY124634.1.1149.undefined.-.481,54.26
AY124635.1.1150.undefined.-.479,479,AY124635.1.1150.undefined.-.479,54.07
AY124636.1.1151.undefined.-.479,479,AY124636.1.1151.undefined.-.479,54.49
AY124637.1.1152.undefined.-.479,479,AY124637.1.1152.undefined.-.479,54.7
AY124638.1.1153.undefined.-.479,479,AY124638.1.1153.undefined.-.479,55.11
AY124639.1.1154.undefined.-.479,479,AY124639.1.1154.undefined.-.479,54.28
AY124640.1.1155.undefined.-.479,479,AY124640.1.1155.undefined.-.479,55.11
AY124641.1.1156.undefined.-.479,479,AY124641.1.1156.undefined.-.479,55.11
AY124642.1.1157.undefined.-.479,479,AY124642.1.1157.undefined.-.479,55.11
AY124643.1.1158.undefined.-.480,480,AY124643.1.1158.undefined.-.480,54.17
AY124644.1.1159.undefined.-.480,480,AY124644.1.1159.undefined.-.480,54.17
AY124645.1.1160.undefined.-.479,479,AY124645.1.1160.undefined.-.479,55.11
AY124646.1.1161.undefined.-.480,480,AY124646.1.1161.undefined.-.480,55.0
AY124647.1.1162.undefined.-.481,481,AY124647.1.1162.undefined.-.481,54.89
AY125467.1.1163.undefined.-.479,479,AY125467.1.1163.undefined.-.479,54.91
AY183907.1.1164.undefined.ES02-ECM.536,536,AY183907.1.1164.undefined.ES02-ECM.536,58.96
AY183908.1.1165.undefined.ES02-JCP.563,563,AY183908.1.1165.undefined.ES02-JCP.563,59.5
AY223517.1.1166.undefined.-.744,744,AY223517.1.1166.undefined.-.744,58.74
AY269827.1.1167.undefined.108-Col,624,AY269827.1.1167.undefined.108-Col .624,57.21
AY269828.1.1168.undefined.220-Col.624,624,AY269828.1.1168.undefined.220-Col.624,57.21
AY269829.1.1169.undefined.233-Col.624,624,AY269829.1.1169.undefined.233-Col.624,57.21
AY269830.1.1170.undefined.272-Col.624,617,AY269830.1.1170.undefined.272-Col.624,57.86
AY269831.1.1171.undefined.962-Col.617,617,AY269831.1.1171.undefined.962-Col.617,58.02
AY269832.1.1172.undefined.2189-Col.616,616,AY269832.1.1172.undefined.2189-Col.616,57.47
AY269833.1.1173.undefined.3139-Col.617,617,AY269833.1.1173.undefined.3139-Col.617,57.7
AY269834.1,616,AY269834.1 .1174.undefined.3HU-Col.616,57.47
AY269835.1.1175.undefined.5HU-Col.617,617,AY269835.1.1175.undefined.5HU-Col.617,58.02
AY269836.1.1176.undefined.9HU-Col.624,624,AY269836.1.1176.undefined.9HU-Col.624,57.21
AY269837.1.1177.undefined.6.1.325,325,AY269837.1.1177.undefined.6.1.325,46.15
AY269838.1.1178.undefined.6.2.311,311,AY269838.1.1178.undefined.6.2.311,44.37
AY269839.1.1179.undefined.144.328,328,AY269839.1.1179.undefined.144.328,46.04
AY269840.1.1180.undefined.220.318,318,AY269840.1.1180.undefined.220.318,44.62
AY269841.1.1181.undefined.322.313,313,AY269841.1.1181.undefined.322.313,44.73
AY269842.1.1182.undefined.962.331,331,AY269842.1.1182.undefined.962.331,47.13
AY324777.1.1183.undefined.-.753,753,AY324777.1.1183.undefined.-.753,57.77
AY324778.1.1184.undefined.-.756,756,AY324778.1.1184.undefined.-.756,58.33
AY324779.1.1185.undefined.-.756,756,AY324779.1.1185.undefined.-.756,58.47
AY324780.1.1186.undefined.-.756,756,AY324780.1.1186.undefined.-.756,58.47
AY324781.1.1187.undefined.-.756,756,AY324781.1.1187.undefined.-.756,58.33
AY324782.1.1188.undefined.-.756,756,AY324782.1.1188.undefined.-.756,57.67
AY324783.1.1189.undefined.-.756,756,AY324783.1.1189.undefined.-.756,58.47
AY324784.1.1190.undefined.-.756,756,AY324784.1.1190.undefined.-.756,58.73
AY324785.1.1191.undefined.-.757,757,AY324785.1.1191.undefined.-.757,57.2
AY324786.1.1192.undefined.-.756,756,AY324786.1.1192.undefined.-.756,58.47
AY324787.1.1193.undefined.-.756,756,AY324787.1.1193.undefined.-.756,58.47
AY324788.1.1194.undefined.-.748,748,AY324788.1.1194.undefined.-.748,57.35
AY324789.1.1195.undefined.-.522,522,AY324789.1.1195.undefined.-.522,52.49
AY324790.1.1196.undefined.-.522,522,AY324790.1.1196.undefined.-.522,52.3
AY324791.1.1197.undefined.-.522,522,AY324791.1.1197.undefined.-.522,52.59
AY324792.1.1198.undefined.-.522,522,AY324792.1.1198.undefined.-.522,52.3
AY324793.1.1199.undefined.-.522,522,AY324793.1.1199.undefined.-.522,52.49
AY324794.1.1200.undefined.-.522,522,AY324794.1.1200.undefined.-.522,52.49
AY324795.1.1201.undefined.-.522,522,AY324795.1.1201.undefined.-.522,52.3
AY324796.1.1202.undefined.-.522,522,AY324796.1.1202.undefined.-.522,52.21
AY324797.1.1203.undefined.-.522,522,AY324797.1.1203.undefined.-.522,51.92
AY324798.1.1204.undefined.-.522,522,AY324798.1.1204.undefined.-.522,52.68
AY324799.1.1205.undefined.-.522,522,AY324799.1.1205.undefined.-.522,52.49
AY324800.1.1206.undefined.-.522,522,AY324800.1.1206.undefined.-.522,52.11
AY334275.1.1207.undefined.-.474,474,AY334275.1.1207.undefined.-.474,61.81
AY334276.1.1208.undefined.-.473,473,AY334276.1.1208.undefined.-.473,59.2
AY334277.1.1209.undefined.-.465,465,AY334277.1.1209.undefined.-.465,61.51
AY342300.1.1210.undefined.6A-issa,758,AY342300.1.1210.undefined.6A-issa .758,58.31
AY342301.1.1211.undefined.5B-Marietou.758,758,AY342301.1.1211.undefined.5B-Marietou.758,58.31
AY342302.1.1212.undefined.2B-Abdou.758,758,AY342302.1.1212.undefined.2B-Abdou.758,58.31
AY342303.1.1213.undefined.PH906,758,AY342303.1.1213.undefined.PH906 .758,57.26
AY342304.1.1214.undefined.PH907.758,758,AY342304.1.1214.undefined.PH907.758,57.26
AY342305.1.1215.undefined.PH908,758,AY342305.1.1215.undefined.PH908 .758,57.92
AY342306.1.1216.undefined.PH979.758,758,AY342306.1.1216.undefined.PH979.758,58.31
AY342307.1.1217.undefined.PH906.522,522,AY342307.1.1217.undefined.PH906.522,51.92
AY342308.1.1218.undefined.PH907.522,522,AY342308.1.1218.undefined.PH907.522,51.92
AY342309.1.1219.undefined.PH908.522,522,AY342309.1.1219.undefined.PH908.522,51.72
AY342310.1.1220.undefined.PH979.522,522,AY342310.1.1220.undefined.PH979.522,51.72
AY342311.1.1221.undefined.5B-Marieto.758,522,AY342311.1.1221.undefined.5B-Marieto.758,51.72
AY342312.1.1222.undefined.6A-Issa.522,522,AY342312.1.1222.undefined.6A-Issa.522,51.72
AY342313.1.1223.undefined.2B-Abdou.522,522,AY342313.1.1223.undefined.2B-Abdou.522,51.72
AY347748.1.1224.undefined.ARGF1.570,570,AY347748.1.1224.undefined.ARGF1.570,54.56
AY347749.1.1225.undefined.ARGF2.570,570,AY347749.1.1225.undefined.ARGF2.570,54.56
AY347750.1.1226.undefined.ARGF3.570,570,AY347750.1.1226.undefined.ARGF3.570,54.56
AY347751.1.1227.undefined.ARGF4.570,570,AY347751.1.1227.undefined.ARGF4.570,54.56
AY349143.1.1228.undefined.ARGF1.496,496,AY349143.1.1228.undefined.ARGF1.496,59.27
AY349144.1.1229.undefined.ARGF2.496,496,AY349144.1.1229.undefined.ARGF2.496,59.27
AY349145.1.1230.undefined.ARGF3.496,496,AY349145.1.1230.undefined.ARGF3.496,59.27
AY349146.1.1231.undefined.ARGF4.496,496,AY349146.1.1231.undefined.ARGF4.496,59.27
AY374449.1.1232.undefined.Gya542.522,522,AY374449.1.1232.undefined.Gya542.522,52.49
AY374450.1.1233.undefined.Gya468.522,522,AY374450.1.1233.undefined.Gya468.522,52.49
AY374451.1.1234.undefined.Gya572.522,522,AY374451.1.1234.undefined.Gya572.522,52.49
AY374452.1.1235.undefined.Gya813.522,522,AY374452.1.1235.undefined.Gya813.522,52.49
AY374453.1.1236.undefined.Gya1280.522,522,AY374453.1.1236.undefined.Gya1280.522,52.3
AY374454.1.1237.undefined.Gya1515.522,522,AY374454.1.1237.undefined.Gya1515.522,52.3
AY374455.1.1238.undefined.Sur229.522,522,AY374455.1.1238.undefined.Sur229.522,51.92
AY374456.1.1239.undefined.Sur230.522,522,AY374456.1.1239.undefined.Sur230.522,52.68
AY374457.1.1240.undefined.Sur1597.522,522,AY374457.1.1240.undefined.Sur1597.522,52.49
AY374458.1.1241.undefined.SurHM22.522,522,AY374458.1.1241.undefined.SurHM22.522,52.49
AY374459.1.1242.undefined.Gya468.480,480,AY374459.1.1242.undefined.Gya468.480,55.0
AY374460.1.1243.undefined.Gya542.479,479,AY374460.1.1243.undefined.Gya542.479,54.7
AY374461.1.1244.undefined.Gya572.481,481,AY374461.1.1244.undefined.Gya572.481,54.89
AY374462.1.1245.undefined.Gya813.479,479,AY374462.1.1245.undefined.Gya813.479,54.7
AY374463.1.1246.undefined.Gya1280.480,480,AY374463.1.1246.undefined.Gya1280.480,54.37
AY374464.1.1247.undefined.Gya1515.480,480,AY374464.1.1247.undefined.Gya1515.480,54.37
AY374465.1.1248.undefined.Sur1597.481,481,AY374465.1.1248.undefined.Sur1597.481,54.47
AY374466.1.1249.undefined.Sur230.481,480,AY374466.1.1249.undefined.Sur230.481,54.58
AY374467.1.1250.undefined.SurHM22.479,479,AY374467.1.1250.undefined.SurHM22.479,54.49
AY374468.1.1251.undefined.Sur229.488,480,AY374468.1.1251.undefined.Sur229.488,54.79
AY442364.1.1252.undefined.-.721,721,AY442364.1.1252.undefined.-.721,57.98
AY442365.1.1253.undefined.-.720,720,AY442365.1.1253.undefined.-.720,57.92
AY442366.1.1254.undefined.-.736,736,AY442366.1.1254.undefined.-.736,57.47
AY442367.1.1255.undefined.-.732,732,AY442367.1.1255.undefined.-.732,57.51
AY442368.1.1256.undefined.-.685,685,AY442368.1.1256.undefined.-.685,58.39
AY442369.1.1257.undefined.-.722,722,AY442369.1.1257.undefined.-.722,57.84
AY442370.1.1258.undefined.-.725,725,AY442370.1.1258.undefined.-.725,57.93
AY442371.1.1259.undefined.-.728,728,AY442371.1.1259.undefined.-.728,58.1
AY442372.1.1260.undefined.-.727,727,AY442372.1.1260.undefined.-.727,57.63
AY442373.1.1261.undefined.-.708,708,AY442373.1.1261.undefined.-.708,58.05
AY442374.1.1262.undefined.-.733,733,AY442374.1.1262.undefined.-.733,56.97
AY442375.1.1263.undefined.-.743,743,AY442375.1.1263.undefined.-.743,57.2
AY442376.1.1264.undefined.-.732,732,AY442376.1.1264.undefined.-.732,57.24
AY442377.1.1265.undefined.-.700,700,AY442377.1.1265.undefined.-.700,58.14
AY442378.1.1266.undefined.-.724,724,AY442378.1.1266.undefined.-.724,57.73
AY442379.1.1267.undefined.-.731,731,AY442379.1.1267.undefined.-.731,57.59
AY442380.1.1268.undefined.-.732,732,AY442380.1.1268.undefined.-.732,57.38
AY442381.1.1269.undefined.-.716,716,AY442381.1.1269.undefined.-.716,57.82
AY442382.1.1270.undefined.-.731,731,AY442382.1.1270.undefined.-.731,57.59
AY442383.1.1271.undefined.-.721,721,AY442383.1.1271.undefined.-.721,57.98
AY442384.1.1272.undefined.-.728,728,AY442384.1.1272.undefined.-.728,57.69
AY442385.1.1273.undefined.-.727,727,AY442385.1.1273.undefined.-.727,57.63
AY442386.1.1274.undefined.-.740,740,AY442386.1.1274.undefined.-.740,57.43
AY442387.1.1275.undefined.-.714,714,AY442387.1.1275.undefined.-.714,57.98
AY442388.1.1276.undefined.-.705,705,AY442388.1.1276.undefined.-.705,58.01
AY442389.1.1277.undefined.-.692,692,AY442389.1.1277.undefined.-.692,57.95
AY499185.1.1278.undefined.JPNBr41.689,689,AY499185.1.1278.undefined.JPNBr41.689,57.85
AY499186.1.1279.undefined.JPNBr81.686,686,AY499186.1.1279.undefined.JPNBr81.686,57.0
AY499187.1.1280.undefined.JPNBr177.691,691,AY499187.1.1280.undefined.JPNBr177.691,57.31
AY509597.1.1281.undefined.-.631,631,AY509597.1.1281.undefined.-.631,52.77
AY509598.1.1282.undefined.-.631,631,AY509598.1.1282.undefined.-.631,52.61
AY509599.1.1283.undefined.-.631,631,AY509599.1.1283.undefined.-.631,52.3
AY509600.1.1284.undefined.-.661,661,AY509600.1.1284.undefined.-.661,57.64
AY509601.1.1285.undefined.-.661,661,AY509601.1.1285.undefined.-.661,57.64
AY509602.1.1286.undefined.-.661,661,AY509602.1.1286.undefined.-.661,57.64
AY547508.1.1287.undefined.-.530,530,AY547508.1.1287.undefined.-.530,48.68
AY547509.1.1288.undefined.-.528,528,AY547509.1.1288.undefined.-.528,48.67
AY547510.1.1289.undefined.-.528,528,AY547510.1.1289.undefined.-.528,48.67
AY549875.1.1290.undefined.VAN-136.756,756,AY549875.1.1290.undefined.VAN-136.756,58.6
AY549876.1.1291.undefined.VAN-54.756,756,AY549876.1.1291.undefined.VAN-54.756,57.8
AY549877.1.1292.undefined.VAN-251.756,756,AY549877.1.1292.undefined.VAN-251.756,58.6
AY549878.1.1293.undefined.VAN-335.756,756,AY549878.1.1293.undefined.VAN-335.756,58.07
AY549879.1.1294.undefined.VAN-251,522,AY549879.1.1294.undefined.VAN-251 .522,52.11
AY549880.1.1295.undefined.VAN-54.522,522,AY549880.1.1295.undefined.VAN-54.522,51.92
AY549881.1.1296.undefined.VAN-335.522,522,AY549881.1.1296.undefined.VAN-335.522,51.72
AY549882.2.1297.undefined.VAN-136.1388,1388,AY549882.2.1297.undefined.VAN-136.1388,50.5
AY563953.1.1298.undefined.-.8383,8383,AY563953.1.1298.undefined.-.8383,53.54
AY563954.1.1299.undefined.BRRP438.8883,8883,AY563954.1.1299.undefined.BRRP438.8883,53.94
AY568416.1.1300.undefined.-.967,967,AY568416.1.1300.undefined.-.967,51.81
AY568417.1.1301.undefined.-.965,965,AY568417.1.1301.undefined.-.965,51.61
AY568418.1.1302.undefined.-.965,965,AY568418.1.1302.undefined.-.965,51.61
AY604874.1.1303.undefined.2036-A.1467,1467,AY604874.1.1303.undefined.2036-A.1467,50.92
AY604875.1.1304.undefined.2049-A.1467,1467,AY604875.1.1304.undefined.2049-A.1467,50.78
AY604876.1.1305.undefined.2050.1467,1467,AY604876.1.1305.undefined.2050.1467,50.92
AY604877.1.1306.undefined.2051.1467,1467,AY604877.1.1306.undefined.2051.1467,51.33
AY604878.1.1307.undefined.2053.1467,1467,AY604878.1.1307.undefined.2053.1467,50.65
AY604879.1.1308.undefined.2055-A.1467,1467,AY604879.1.1308.undefined.2055-A.1467,50.72
AY604880.1.1309.undefined.2059.1467,1467,AY604880.1.1309.undefined.2059.1467,51.26
AY604881.1.1310.undefined.2061.1467,1467,AY604881.1.1310.undefined.2061.1467,50.99
AY604882.1.1311.undefined.2065.1467,1467,AY604882.1.1311.undefined.2065.1467,51.33
AY604883.1.1312.undefined.2067.1467,1467,AY604883.1.1312.undefined.2067.1467,51.33
AY604884.1.1313.undefined.2084-A.1467,1467,AY604884.1.1313.undefined.2084-A.1467,51.33
AY604885.1.1314.undefined.2091-A.1467,1467,AY604885.1.1314.undefined.2091-A.1467,51.19
AY604886.1.1315.undefined.2093-A.1467,1467,AY604886.1.1315.undefined.2093-A.1467,51.19
AY604887.1.1316.undefined.2132.1467,1467,AY604887.1.1316.undefined.2132.1467,51.19
AY604888.1.1317.undefined.2134-1.1467,1467,AY604888.1.1317.undefined.2134-1.1467,51.19
AY604889.1.1318.undefined.2134-2.1467,1467,AY604889.1.1318.undefined.2134-2.1467,50.72
AY604890.1.1319.undefined.2136.1467,1467,AY604890.1.1319.undefined.2136.1467,51.33
AY604891.1.1320.undefined.2137.1467,1467,AY604891.1.1320.undefined.2137.1467,51.26
AY604892.1.1321.undefined.2138.1467,1467,AY604892.1.1321.undefined.2138.1467,51.33
AY604893.1.1322.undefined.2139.1467,1467,AY604893.1.1322.undefined.2139.1467,51.26
AY604894.1.1323.undefined.2163.1467,1467,AY604894.1.1323.undefined.2163.1467,51.33
AY604895.1.1324.undefined.2303.1467,1467,AY604895.1.1324.undefined.2303.1467,51.12
AY604896.1.1325.undefined.2306.1467,1467,AY604896.1.1325.undefined.2306.1467,50.58
AY604897.1.1326.undefined.2307.1467,1467,AY604897.1.1326.undefined.2307.1467,50.44
AY604898.1.1327.undefined.2313.1467,1467,AY604898.1.1327.undefined.2313.1467,50.58
AY604899.1.1328.undefined.2371-1.1467,1467,AY604899.1.1328.undefined.2371-1.1467,50.44
AY604900.1.1329.undefined.2371-2.1467,1467,AY604900.1.1329.undefined.2371-2.1467,50.37
AY604901.1.1330.undefined.2377.1467,1467,AY604901.1.1330.undefined.2377.1467,50.58
AY604902.1.1331.undefined.2378.1467,1467,AY604902.1.1331.undefined.2378.1467,50.51
AY604903.1.1332.undefined.2504.1467,1467,AY604903.1.1332.undefined.2504.1467,50.31
AY604904.1.1333.undefined.2510.1467,1467,AY604904.1.1333.undefined.2510.1467,50.65
AY604905.1.1334.undefined.2513.1467,1467,AY604905.1.1334.undefined.2513.1467,51.12
AY604906.1.1335.undefined.2515.1467,1467,AY604906.1.1335.undefined.2515.1467,50.31
AY604907.1.1336.undefined.2550.1467,1467,AY604907.1.1336.undefined.2550.1467,51.19
AY604908.1.1337.undefined.2551.1467,1467,AY604908.1.1337.undefined.2551.1467,50.37
AY604909.1.1338.undefined.2601.1467,1467,AY604909.1.1338.undefined.2601.1467,51.12
AY604910.1.1339.undefined.2605.1467,1467,AY604910.1.1339.undefined.2605.1467,51.4
AY604911.1.1340.undefined.2606.1467,1467,AY604911.1.1340.undefined.2606.1467,51.47
AY604912.1.1341.undefined.2607.1467,1467,AY604912.1.1341.undefined.2607.1467,51.19
AY604913.1.1342.undefined.2608.1467,1467,AY604913.1.1342.undefined.2608.1467,51.47
AY604914.1.1343.undefined.2701.1467,1467,AY604914.1.1343.undefined.2701.1467,51.26
AY604915.1.1344.undefined.2712-A.1467,1467,AY604915.1.1344.undefined.2712-A.1467,51.19
AY604916.1.1345.undefined.2801.1467,1467,AY604916.1.1345.undefined.2801.1467,50.65
AY604917.1.1346.undefined.2806.1467,1467,AY604917.1.1346.undefined.2806.1467,50.31
AY604918.1.1347.undefined.2808.1467,1467,AY604918.1.1347.undefined.2808.1467,50.44
AY604919.1.1348.undefined.2821.1467,1467,AY604919.1.1348.undefined.2821.1467,50.58
AY604920.1.1349.undefined.2822.1467,1467,AY604920.1.1349.undefined.2822.1467,50.31
AY604921.1.1350.undefined.2824.1467,1467,AY604921.1.1350.undefined.2824.1467,50.37
AY604922.1.1351.undefined.2857.1467,1467,AY604922.1.1351.undefined.2857.1467,50.31
AY604923.1.1352.undefined.2864.1467,1467,AY604923.1.1352.undefined.2864.1467,50.44
AY604924.1.1353.undefined.2885.1467,1467,AY604924.1.1353.undefined.2885.1467,50.44
AY604925.1.1354.undefined.2886.1467,1467,AY604925.1.1354.undefined.2886.1467,50.51
AY604926.1.1355.undefined.2899.1467,1467,AY604926.1.1355.undefined.2899.1467,50.31
AY604927.1.1356.undefined.2900.1467,1467,AY604927.1.1356.undefined.2900.1467,50.58
AY604928.1.1357.undefined.2902.1467,1467,AY604928.1.1357.undefined.2902.1467,50.37
AY604929.1.1358.undefined.2903.1467,1467,AY604929.1.1358.undefined.2903.1467,50.44
AY604930.1.1359.undefined.2917.1467,1467,AY604930.1.1359.undefined.2917.1467,50.37
AY604931.1.1360.undefined.2922.1467,1467,AY604931.1.1360.undefined.2922.1467,50.78
AY604932.1.1361.undefined.2946.1467,1467,AY604932.1.1361.undefined.2946.1467,50.58
AY604933.1.1362.undefined.2947.1467,1467,AY604933.1.1362.undefined.2947.1467,50.51
AY604934.1.1363.undefined.IP60-A.1467,1467,AY604934.1.1363.undefined.IP60-A.1467,50.85
AY604935.1.1364.undefined.PAR.1467,1467,AY604935.1.1364.undefined.PAR.1467,51.6
AY607576.1.1365.undefined.TNA.507,507,AY607576.1.1365.undefined.TNA.507,58.97
AY607577.1.1366.undefined.Ma1.507,507,AY607577.1.1366.undefined.Ma1.507,58.97
AY607578.1.1367.undefined.IND002.506,506,AY607578.1.1367.undefined.IND002.506,58.5
AY607579.1.1368.undefined.IND001.507,507,AY607579.1.1368.undefined.IND001.507,58.38
AY607580.1.1369.undefined.IN3.507,507,AY607580.1.1369.undefined.IN3.507,58.58
AY607581.1.1370.undefined.IN2.507,507,AY607581.1.1370.undefined.IN2.507,58.38
AY607582.1.1371.undefined.AP15.507,507,AY607582.1.1371.undefined.AP15.507,58.97
AY611009.1.1372.undefined.HT1IC1ta.485,485,AY611009.1.1372.undefined.HT1IC1ta.485,59.59
AY611010.1.1373.undefined.PE4cu.485,485,AY611010.1.1373.undefined.PE4cu.485,60.82
AY611011.1.1374.undefined.CH1va.484,484,AY611011.1.1374.undefined.CH1va.484,60.12
AY611012.1.1375.undefined.PE1ga.484,484,AY611012.1.1375.undefined.PE1ga.484,60.54
AY611013.1.1376.undefined.PE2di.484,484,AY611013.1.1376.undefined.PE2di.484,60.54
AY611014.1.1377.undefined.PE3pe.484,484,AY611014.1.1377.undefined.PE3pe.484,60.74
AY611015.1.1378.undefined.PE5ra.484,484,AY611015.1.1378.undefined.PE5ra.484,60.33
AY611016.1.1379.undefined.-.389,389,AY611016.1.1379.undefined.-.389,57.07
AY611017.1.1380.undefined.-.389,389,AY611017.1.1380.undefined.-.389,57.07
AY611018.1.1381.undefined.-.390,390,AY611018.1.1381.undefined.-.390,57.18
AY611019.1.1382.undefined.-.392,392,AY611019.1.1382.undefined.-.392,57.91
AY611020.1.1383.undefined.-.390,390,AY611020.1.1383.undefined.-.390,57.69
AY622977.1.1384.undefined.-.746,746,AY622977.1.1384.undefined.-.746,56.7
AY622978.1.1385.undefined.-.739,739,AY622978.1.1385.undefined.-.739,57.24
AY622979.1.1386.undefined.-.730,730,AY622979.1.1386.undefined.-.730,57.4
AY739051.1.1387.undefined.PtDk2.600,600,AY739051.1.1387.undefined.PtDk2.600,57.83
AY739052.1.1388.undefined.PtGr.600,600,AY739052.1.1388.undefined.PtGr.600,58.67
AY739053.1.1389.undefined.PtJq.599,599,AY739053.1.1389.undefined.PtJq.599,58.76
AY739054.1.1390.undefined.PtDk1.600,600,AY739054.1.1390.undefined.PtDk1.600,57.83
AY739055.1.1391.undefined.PtIs.600,600,AY739055.1.1391.undefined.PtIs.600,58.0
AY739056.1.1392.undefined.PtPd.600,600,AY739056.1.1392.undefined.PtPd.600,58.5
AY739057.1.1393.undefined.PtMm.601,601,AY739057.1.1393.undefined.PtMm.601,57.9
AY739058.1.1394.undefined.PtEm.598,598,AY739058.1.1394.undefined.PtEm.598,58.53
AY739059.1.1395.undefined.PtOf.596,596,AY739059.1.1395.undefined.PtOf.596,58.05
AY739060.1.1396.undefined.PtFd.604,604,AY739060.1.1396.undefined.PtFd.604,58.77
AY739061.1.1397.undefined.PtLc.597,597,AY739061.1.1397.undefined.PtLc.597,58.12
AY739062.1.1398.undefined.PtOs.605,605,AY739062.1.1398.undefined.PtOs.605,59.17
AY739063.1.1399.undefined.PtDj.589,589,AY739063.1.1399.undefined.PtDj.589,58.74
AY739064.1.1400.undefined.PtAd.599,599,AY739064.1.1400.undefined.PtAd.599,58.26
AY780366.1.1401.undefined.PE06.362,362,AY780366.1.1401.undefined.PE06.362,58.29
AY780367.1.1402.undefined.PE08.362,362,AY780367.1.1402.undefined.PE08.362,58.01
AY780368.1.1403.undefined.PE11.363,363,AY780368.1.1403.undefined.PE11.363,57.58
AY780369.1.1404.undefined.PE14.363,363,AY780369.1.1404.undefined.PE14.363,57.02
AY780370.1.1405.undefined.PE26.363,363,AY780370.1.1405.undefined.PE26.363,57.85
AY780371.1.1406.undefined.PE28.362,362,AY780371.1.1406.undefined.PE28.362,58.01
AY780372.1.1407.undefined.PE02.317,317,AY780372.1.1407.undefined.PE02.317,59.94
AY780373.1.1408.undefined.PE07.349,349,AY780373.1.1408.undefined.PE07.349,57.59
AY780374.1.1409.undefined.PE09.362,362,AY780374.1.1409.undefined.PE09.362,58.01
AY780375.1.1410.undefined.PE10.317,317,AY780375.1.1410.undefined.PE10.317,60.25
AY780376.1.1411.undefined.PE13.346,346,AY780376.1.1411.undefined.PE13.346,58.38
AY780377.1.1412.undefined.PE15.345,345,AY780377.1.1412.undefined.PE15.345,59.13
AY780378.1.1413.undefined.PE18.330,330,AY780378.1.1413.undefined.PE18.330,59.39
AY780379.1.1414.undefined.PE21.362,362,AY780379.1.1414.undefined.PE21.362,58.01
AY780380.1.1415.undefined.PE22.327,327,AY780380.1.1415.undefined.PE22.327,59.63
AY780381.1.1416.undefined.PE25.327,327,AY780381.1.1416.undefined.PE25.327,60.24
AY780382.1.1417.undefined.PE29.346,346,AY780382.1.1417.undefined.PE29.346,58.67
AY780383.1.1418.undefined.HE22.317,317,AY780383.1.1418.undefined.HE22.317,60.25
AY780384.1.1419.undefined.HE49.327,327,AY780384.1.1419.undefined.HE49.327,60.24
AY780385.1.1420.undefined.HE51.317,317,AY780385.1.1420.undefined.HE51.317,60.57
AY780386.1.1421.undefined.HE61.327,327,AY780386.1.1421.undefined.HE61.327,59.94
AY780387.1.1422.undefined.HE64.329,329,AY780387.1.1422.undefined.HE64.329,59.27
AY780388.1.1423.undefined.HE72.329,329,AY780388.1.1423.undefined.HE72.329,59.88
AY780389.1.1424.undefined.HE74.328,328,AY780389.1.1424.undefined.HE74.328,59.76
AY780390.1.1425.undefined.HE81.328,328,AY780390.1.1425.undefined.HE81.328,58.84
AY780391.1.1426.undefined.HE89.329,329,AY780391.1.1426.undefined.HE89.329,59.88
AY786205.1.1427.undefined.SA738.507,507,AY786205.1.1427.undefined.SA738.507,59.17
AY786206.1.1428.undefined.ARG009.508,508,AY786206.1.1428.undefined.ARG009.508,59.25
AY786207.1.1429.undefined.BOL011.507,507,AY786207.1.1429.undefined.BOL011.507,58.38
AY786208.1.1430.undefined.BOL010.507,507,AY786208.1.1430.undefined.BOL010.507,58.19
AY786209.1.1431.undefined.CHI384.507,507,AY786209.1.1431.undefined.CHI384.507,58.97
AY786210.1.1432.undefined.CHI399.507,507,AY786210.1.1432.undefined.CHI399.507,58.78
AY786211.1.1433.undefined.CHI408.507,507,AY786211.1.1433.undefined.CHI408.507,58.58
AY786212.1.1434.undefined.CHI430.507,507,AY786212.1.1434.undefined.CHI430.507,57.4
AY786213.1.1435.undefined.CHI431.508,508,AY786213.1.1435.undefined.CHI431.508,58.66
AY786214.1.1436.undefined.CHI444.508,508,AY786214.1.1436.undefined.CHI444.508,59.06
AY786215.1.1437.undefined.CRM41.507,507,AY786215.1.1437.undefined.CRM41.507,58.58
AY786216.1.1438.undefined.ID3046.507,507,AY786216.1.1438.undefined.ID3046.507,58.38
AY786217.1.1439.undefined.ID3048.507,507,AY786217.1.1439.undefined.ID3048.507,58.58
AY786218.1.1440.undefined.ID3050.507,507,AY786218.1.1440.undefined.ID3050.507,58.38
AY786219.1.1441.undefined.ID3053.506,506,AY786219.1.1441.undefined.ID3053.506,59.09
AY818407.1.1442.undefined.-.532,532,AY818407.1.1442.undefined.-.532,56.39
AY818408.1.1443.undefined.979MO.174,174,AY818408.1.1443.undefined.979MO.174,57.47
AY818409.1.1444.undefined.1259NG.174,174,AY818409.1.1444.undefined.1259NG.174,56.32
AY818410.1.1445.undefined.1380MV.174,174,AY818410.1.1445.undefined.1380MV.174,57.47
AY818411.1.1446.undefined.1443MV.174,174,AY818411.1.1446.undefined.1443MV.174,58.05
AY818412.1.1447.undefined.1503MV.174,174,AY818412.1.1447.undefined.1503MV.174,58.05
AY818413.1.1448.undefined.1537MV.174,174,AY818413.1.1448.undefined.1537MV.174,56.9
AY818414.1.1449.undefined.1842LE.174,174,AY818414.1.1449.undefined.1842LE.174,55.75
AY818416.1.1450.undefined.-.174,174,AY818416.1.1450.undefined.-.174,58.62
AY818417.1.1451.undefined.2472LE.174,174,AY818417.1.1451.undefined.2472LE.174,57.47
AY818418.1.1452.undefined.2656ND.174,174,AY818418.1.1452.undefined.2656ND.174,58.05
AY818419.1.1453.undefined.2810YI.174,174,AY818419.1.1453.undefined.2810YI.174,56.32
AY818420.1.1454.undefined.1127MO.174,174,AY818420.1.1454.undefined.1127MO.174,55.17
AY818421.1.1455.undefined.-.662,662,AY818421.1.1455.undefined.-.662,49.85
AY818423.1.1456.undefined.979MO.789,789,AY818423.1.1456.undefined.979MO.789,56.53
AY818424.1.1457.undefined.1259NG.691,691,AY818424.1.1457.undefined.1259NG.691,55.86
AY818425.1.1458.undefined.1380MV.791,791,AY818425.1.1458.undefined.1380MV.791,56.38
AY818426.1.1459.undefined.1443MV.789,789,AY818426.1.1459.undefined.1443MV.789,56.02
AY818427.1.1460.undefined.1503MV.785,785,AY818427.1.1460.undefined.1503MV.785,55.67
AY818428.1.1461.undefined.1537MV.790,790,AY818428.1.1461.undefined.1537MV.790,56.08
AY818429.1.1462.undefined.1842LE.693,693,AY818429.1.1462.undefined.1842LE.693,55.56
AY818430.1.1463.undefined.2472LE.789,789,AY818430.1.1463.undefined.2472LE.789,56.65
AY818431,796,AY818431 .1464.undefined.2656ND.796,54.9
AY818431.1.1465.undefined.-.796,796,AY818431.1.1465.undefined.-.796,54.9
AY818432,693,AY818432 .1466.undefined.2810YI.693,54.98
AY818432.1.1467.undefined.2810YI.693,693,AY818432.1.1467.undefined.2810YI.693,54.98
AY818433,692,AY818433  .1468.undefined.1127MO.692,54.77
AY818433.1.1469.undefined.1127MO.692,692,AY818433.1.1469.undefined.1127MO.692,54.77
AY854249.1.1470.undefined.RKI5-Guin.879,879,AY854249.1.1470.undefined.RKI5-Guin.879,58.93
AY920498.1.1471.undefined.Bel10420.522,522,AY920498.1.1471.undefined.Bel10420.522,58.43
AY920499.1.1472.undefined.-.508,508,AY920499.1.1472.undefined.-.508,55.51
AY920500.1.1473.undefined.-.509,509,AY920500.1.1473.undefined.-.509,55.4
AY920501.1.1474.undefined.-.510,510,AY920501.1.1474.undefined.-.510,55.88
AY920502.1.1475.undefined.-.508,508,AY920502.1.1475.undefined.-.508,55.91
AY920503.1.1476.undefined.Bel10564.522,522,AY920503.1.1476.undefined.Bel10564.522,58.05
CS179598.1.1477.undefined.-.1464,1464,CS179598.1.1477.undefined.-.1464,51.84
CS179600.1.1478.undefined.-.1458,1458,CS179600.1.1478.undefined.-.1458,51.92
D10033.1.1479.undefined.-.708,708,D10033.1.1479.undefined.-.708,52.4
D11119.1.1480.undefined.-.702,702,D11119.1.1480.undefined.-.702,51.71
D13005.1.1481.undefined.DDBJ.477,477,D13005.1.1481.undefined.DDBJ.477,58.91
D13784.1.1482.undefined.HS-35.8400,8400,D13784.1.1482.undefined.HS-35.8400,53.17
D14335.1.1483.undefined.-.609,609,D14335.1.1483.undefined.-.609,56.49
D23690.1.1484.undefined.-.732,732,D23690.1.1484.undefined.-.732,58.2
D23691.1.1485.undefined.-.636,636,D23691.1.1485.undefined.-.636,59.28
D23692.1.1486.undefined.-.732,732,D23692.1.1486.undefined.-.732,57.1
D23693.1.1487.undefined.-.751,751,D23693.1.1487.undefined.-.751,57.26
D23694.1.1488.undefined.-.755,755,D23694.1.1488.undefined.-.755,57.88
D38382.1.1489.undefined.pL001.3.539,539,D38382.1.1489.undefined.pL001.3.539,58.81
D38383.1.1490.undefined.pL001.4.539,539,D38383.1.1490.undefined.pL001.4.539,58.07
D38384.1.1491.undefined.pL002.1.539,539,D38384.1.1491.undefined.pL002.1.539,58.26
D38385.1.1492.undefined.pL002.3.537,537,D38385.1.1492.undefined.pL002.3.537,58.47
D38386.1.1493.undefined.pL003.2.539,539,D38386.1.1493.undefined.pL003.2.539,58.63
D38387.1.1494.undefined.pL004.2.540,540,D38387.1.1494.undefined.pL004.2.540,58.15
D38388.1.1495.undefined.pL005.1.540,540,D38388.1.1495.undefined.pL005.1.540,57.78
D38389.1.1496.undefined.pL113.1.539,539,D38389.1.1496.undefined.pL113.1.539,58.26
D38390.1.1497.undefined.pL005.2.540,540,D38390.1.1497.undefined.pL005.2.540,57.96
D38391.1.1498.undefined.pL113.2.539,539,D38391.1.1498.undefined.pL113.2.539,57.88
D38392.1.1499.undefined.pL118.4.539,539,D38392.1.1499.undefined.pL118.4.539,58.44
D38393.1.1500.undefined.pL189.1.539,539,D38393.1.1500.undefined.pL189.1.539,58.26
D38394.1.1501.undefined.pL004.1.540,540,D38394.1.1501.undefined.pL004.1.540,57.96
D38395.1.1502.undefined.pL189.2.539,539,D38395.1.1502.undefined.pL189.2.539,58.26
D38396.1.1503.undefined.pL195.1.539,539,D38396.1.1503.undefined.pL195.1.539,58.44
D38397.1.1504.undefined.pL195.2.539,539,D38397.1.1504.undefined.pL195.2.539,58.44
D38398.1.1505.undefined.MW2.1.539,539,D38398.1.1505.undefined.MW2.1.539,58.07
D38399.1.1506.undefined.MW2.2.539,539,D38399.1.1506.undefined.MW2.2.539,58.44
D38400.1.1507.undefined.pL302.1.539,539,D38400.1.1507.undefined.pL302.1.539,58.63
D38401.1.1508.undefined.pL302.2.539,539,D38401.1.1508.undefined.pL302.2.539,58.26
D38402.1.1509.undefined.pL118.1.539,539,D38402.1.1509.undefined.pL118.1.539,57.88
D38403.1.1510.undefined.pL003.1.539,539,D38403.1.1510.undefined.pL003.1.539,58.26
D50334.1.1511.undefined.-.300,300,D50334.1.1511.undefined.-.300,50.33
D82946.1.1512.undefined.COL001.507,507,D82946.1.1512.undefined.COL001.507,59.37
D82947.1.1513.undefined.clone:COL013.507,507,D82947.1.1513.undefined.clone:COL013.507,59.37
D82948.1.1514.undefined.clone:COL084.507,507,D82948.1.1514.undefined.clone:COL084.507,59.57
D82949.1.1515.undefined.clone:COL443.507,507,D82949.1.1515.undefined.clone:COL443.507,59.37
D82950.1.1516.undefined.SIB190.507,507,D82950.1.1516.undefined.SIB190.507,59.17
D82951.1.1517.undefined.SIB220,507,D82951.1.1517.undefined.SIB220 (clone).507,59.37
D82952.1.1518.undefined.-.458,458,D82952.1.1518.undefined.-.458,61.35
D82953.1.1519.undefined.-.458,458,D82953.1.1519.undefined.-.458,62.01
D82954.1.1520.undefined.-.458,458,D82954.1.1520.undefined.-.458,61.79
D82955.1.1521.undefined.-.457,457,D82955.1.1521.undefined.-.457,61.27
D82956.1.1522.undefined.-.458,458,D82956.1.1522.undefined.-.458,62.23
D82957.1.1523.undefined.-.456,456,D82957.1.1523.undefined.-.456,61.62
D82958.1.1524.undefined.-.456,456,D82958.1.1524.undefined.-.456,61.84
D82959.1.1525.undefined.-.458,458,D82959.1.1525.undefined.-.458,61.35
DD058105.1.1526.undefined.-.45,45,DD058105.1.1526.undefined.-.45,35.56
DD058106.1.1527.undefined.-.27,27,DD058106.1.1527.undefined.-.27,33.33
DD112391.1.1528.undefined.-.501,501,DD112391.1.1528.undefined.-.501,52.69
DD288390.1.1529.undefined.-.153,153,DD288390.1.1529.undefined.-.153,48.37
DD288391.1.1530.undefined.-.153,153,DD288391.1.1530.undefined.-.153,49.02
DD288392.1.1531.undefined.-.153,153,DD288392.1.1531.undefined.-.153,47.71
DD288393.1.1532.undefined.-.153,153,DD288393.1.1532.undefined.-.153,49.02
DD288394.1.1533.undefined.-.171,171,DD288394.1.1533.undefined.-.171,49.12
DD288395.1.1534.undefined.-.153,153,DD288395.1.1534.undefined.-.153,51.63
DD288396.1.1535.undefined.-.924,924,DD288396.1.1535.undefined.-.924,50.65
DD288397.1.1536.undefined.-.912,912,DD288397.1.1536.undefined.-.912,52.3
DI374303.1.1537.undefined.-.801,801,DI374303.1.1537.undefined.-.801,47.57
DL000263.1.1538.undefined.-.924,924,DL000263.1.1538.undefined.-.924,50.65
DL000264.1.1539.undefined.-.912,912,DL000264.1.1539.undefined.-.912,52.3
DL000268.1.1540.undefined.-.153,153,DL000268.1.1540.undefined.-.153,48.37
DL000269.1.1541.undefined.-.153,153,DL000269.1.1541.undefined.-.153,49.02
DL000270.1.1542.undefined.-.153,153,DL000270.1.1542.undefined.-.153,47.71
DL000271.1.1543.undefined.-.153,153,DL000271.1.1543.undefined.-.153,48.37
DL000272.1.1544.undefined.-.171,171,DL000272.1.1544.undefined.-.171,49.12
DL000273.1.1545.undefined.-.153,153,DL000273.1.1545.undefined.-.153,51.63
DL195007.1.1546.undefined.-.1464,1464,DL195007.1.1546.undefined.-.1464,51.84
DL195008.1.1547.undefined.-.1458,1458,DL195008.1.1547.undefined.-.1458,51.92
DQ005546.1.1548.undefined.FNN9.758,758,DQ005546.1.1548.undefined.FNN9.758,58.44
DQ005547.1.1549.undefined.FNN100.757,757,DQ005547.1.1549.undefined.FNN100.757,58.52
DQ005548.1.1550.undefined.FNN148.758,758,DQ005548.1.1550.undefined.FNN148.758,57.65
DQ005549.1.1551.undefined.FNN149.757,757,DQ005549.1.1551.undefined.FNN149.757,57.99
DQ005550.1.1552.undefined.FNN153.757,757,DQ005550.1.1552.undefined.FNN153.757,57.99
DQ005551.1.1553.undefined.FNN155.758,758,DQ005551.1.1553.undefined.FNN155.758,57.78
DQ005552.1.1554.undefined.FNN156.757,757,DQ005552.1.1554.undefined.FNN156.757,58.26
DQ005553.1.1555.undefined.FNN158.759,759,DQ005553.1.1555.undefined.FNN158.759,58.23
DQ005554.1.1556.undefined.FNN159.758,758,DQ005554.1.1556.undefined.FNN159.758,57.52
DQ005555.1.1557.undefined.IDUSSA.757,757,DQ005555.1.1557.undefined.IDUSSA.757,58.52
DQ005556.1.1558.undefined.HTLV01.757,757,DQ005556.1.1558.undefined.HTLV01.757,57.86
DQ005557.1.1559.undefined.HTLV04.756,756,DQ005557.1.1559.undefined.HTLV04.756,57.8
DQ005558.1.1560.undefined.HTLV06.757,757,DQ005558.1.1560.undefined.HTLV06.757,57.73
DQ005559.1.1561.undefined.HTLV07.757,757,DQ005559.1.1561.undefined.HTLV07.757,57.73
DQ005560.1.1562.undefined.HTLV8.757,757,DQ005560.1.1562.undefined.HTLV8.757,57.73
DQ005561.1.1563.undefined.HTLV9.756,756,DQ005561.1.1563.undefined.HTLV9.756,57.8
DQ005562.1.1564.undefined.HTLV15.758,758,DQ005562.1.1564.undefined.HTLV15.758,57.52
DQ005563.1.1565.undefined.HTLV18.757,757,DQ005563.1.1565.undefined.HTLV18.757,57.99
DQ005564.1.1566.undefined.HTLV20.757,757,DQ005564.1.1566.undefined.HTLV20.757,57.73
DQ005565.1.1567.undefined.HTLV24.758,758,DQ005565.1.1567.undefined.HTLV24.758,57.92
DQ005566.1.1568.undefined.HTLV25.757,757,DQ005566.1.1568.undefined.HTLV25.757,57.73
DQ005567.1.1569.undefined.HTLV30.757,757,DQ005567.1.1569.undefined.HTLV30.757,57.86
DQ005568.1.1570.undefined.HTLV33.757,757,DQ005568.1.1570.undefined.HTLV33.757,57.99
DQ005569.1.1571.undefined.HTLV60.757,757,DQ005569.1.1571.undefined.HTLV60.757,58.39
DQ005570.1.1572.undefined.HTLV63.757,757,DQ005570.1.1572.undefined.HTLV63.757,57.73
DQ005571.1.1573.undefined.HTLV106.757,757,DQ005571.1.1573.undefined.HTLV106.757,57.86
DQ005572.1.1574.undefined.HTLV200.757,757,DQ005572.1.1574.undefined.HTLV200.757,57.99
DQ005573.1.1575.undefined.HTLV436.757,757,DQ005573.1.1575.undefined.HTLV436.757,57.99
DQ005574.1.1576.undefined.HTLV631.757,757,DQ005574.1.1576.undefined.HTLV631.757,57.73
DQ007189.1.1577.undefined.FNN9.555,555,DQ007189.1.1577.undefined.FNN9.555,54.77
DQ007190.1.1578.undefined.FNN100.555,555,DQ007190.1.1578.undefined.FNN100.555,54.95
DQ007191.1.1579.undefined.FNN148.555,555,DQ007191.1.1579.undefined.FNN148.555,54.95
DQ007192.1.1580.undefined.FNN149.555,555,DQ007192.1.1580.undefined.FNN149.555,54.77
DQ007193.1.1581.undefined.FNN153.555,555,DQ007193.1.1581.undefined.FNN153.555,54.95
DQ007194.1.1582.undefined.FNN155.555,555,DQ007194.1.1582.undefined.FNN155.555,54.95
DQ007195.1.1583.undefined.FNN156.555,555,DQ007195.1.1583.undefined.FNN156.555,55.32
DQ007196.1.1584.undefined.FNN158.555,555,DQ007196.1.1584.undefined.FNN158.555,54.59
DQ007197.1.1585.undefined.FNN159.555,555,DQ007197.1.1585.undefined.FNN159.555,54.77
DQ007198.1.1586.undefined.IDUSSA.555,555,DQ007198.1.1586.undefined.IDUSSA.555,54.77
DQ007199.1.1587.undefined.HTLV01.555,555,DQ007199.1.1587.undefined.HTLV01.555,54.77
DQ007200.1.1588.undefined.HTLV06.555,555,DQ007200.1.1588.undefined.HTLV06.555,55.5
DQ007201.1.1589.undefined.HTLV8.555,555,DQ007201.1.1589.undefined.HTLV8.555,54.59
DQ007202.1.1590.undefined.HTLV9.555,555,DQ007202.1.1590.undefined.HTLV9.555,54.59
DQ007203.1.1591.undefined.HTLV33.555,555,DQ007203.1.1591.undefined.HTLV33.555,54.77
DQ007204.1.1592.undefined.HTLV60.555,555,DQ007204.1.1592.undefined.HTLV60.555,54.77
DQ007205.1.1593.undefined.HTLV63.555,555,DQ007205.1.1593.undefined.HTLV63.555,54.59
DQ007206.1.1594.undefined.HTLV106.555,555,DQ007206.1.1594.undefined.HTLV106.555,54.41
DQ007207.1.1595.undefined.HTLV200.555,555,DQ007207.1.1595.undefined.HTLV200.555,54.59
DQ007208.1.1596.undefined.HTLV436.555,555,DQ007208.1.1596.undefined.HTLV436.555,54.77
DQ007209.1.1597.undefined.HTLV631.555,555,DQ007209.1.1597.undefined.HTLV631.555,54.59
DQ022075.1.1598.undefined.-.1096,1096,DQ022075.1.1598.undefined.-.1096,53.47
DQ028605.1.1599.undefined.-.496,496,DQ028605.1.1599.undefined.-.496,57.46
DQ028606.1.1600.undefined.-.496,496,DQ028606.1.1600.undefined.-.496,57.46
DQ028607.1.1601.undefined.-.491,491,DQ028607.1.1601.undefined.-.491,57.03
DQ028608.1.1602.undefined.-.491,491,DQ028608.1.1602.undefined.-.491,57.03
DQ028609.1.1603.undefined.-.429,429,DQ028609.1.1603.undefined.-.429,56.88
DQ028610.1.1604.undefined.-.442,442,DQ028610.1.1604.undefined.-.442,57.47
DQ028611.1.1605.undefined.-.499,499,DQ028611.1.1605.undefined.-.499,57.31
DQ028612.1.1606.undefined.-.500,500,DQ028612.1.1606.undefined.-.500,57.4
DQ028613.1.1607.undefined.-.496,496,DQ028613.1.1607.undefined.-.496,57.46
DQ028614.1.1608.undefined.-.405,405,DQ028614.1.1608.undefined.-.405,57.53
DQ028615.1.1609.undefined.-.456,456,DQ028615.1.1609.undefined.-.456,55.7
DQ028616.1.1610.undefined.-.456,456,DQ028616.1.1610.undefined.-.456,55.7
DQ028617.1.1611.undefined.-.487,487,DQ028617.1.1611.undefined.-.487,58.73
DQ028618.1.1612.undefined.-.487,487,DQ028618.1.1612.undefined.-.487,58.73
DQ028619.1.1613.undefined.-.348,348,DQ028619.1.1613.undefined.-.348,59.77
DQ028620.1.1614.undefined.-.572,572,DQ028620.1.1614.undefined.-.572,59.44
DQ028621.1.1615.undefined.-.574,574,DQ028621.1.1615.undefined.-.574,58.89
DQ028622.1.1616.undefined.-.400,400,DQ028622.1.1616.undefined.-.400,60.0
DQ028623.1.1617.undefined.-.485,485,DQ028623.1.1617.undefined.-.485,58.97
DQ028624.1.1618.undefined.-.424,424,DQ028624.1.1618.undefined.-.424,59.43
DQ028625.1.1619.undefined.-.348,348,DQ028625.1.1619.undefined.-.348,59.77
DQ028626.1.1620.undefined.-.574,574,DQ028626.1.1620.undefined.-.574,58.89
DQ028627.1.1621.undefined.-.583,583,DQ028627.1.1621.undefined.-.583,59.01
DQ028628.1.1622.undefined.-.572,572,DQ028628.1.1622.undefined.-.572,59.44
DQ065781.1.1623.undefined.2ARG.387,387,DQ065781.1.1623.undefined.2ARG.387,57.11
DQ065782.1.1624.undefined.ARJJ1.1.374,374,DQ065782.1.1624.undefined.ARJJ1.1.374,56.68
DQ065783.1.1625.undefined.ARJJ1.3.376,376,DQ065783.1.1625.undefined.ARJJ1.3.376,56.91
DQ065784.1.1626.undefined.ARJJ1.4.376,376,DQ065784.1.1626.undefined.ARJJ1.4.376,56.91
DQ065785.1.1627.undefined.ARJJ2.2.398,398,DQ065785.1.1627.undefined.ARJJ2.2.398,56.78
DQ065786.1.1628.undefined.ARJJ11.1.400,400,DQ065786.1.1628.undefined.ARJJ11.1.400,56.5
DQ065787.1.1629.undefined.ARJJ11.3.355,355,DQ065787.1.1629.undefined.ARJJ11.3.355,58.31
DQ065788.1.1630.undefined.ARJJ11.4.381,381,DQ065788.1.1630.undefined.ARJJ11.4.381,57.22
DQ065789.1.1631.undefined.ARJJ13.1.364,364,DQ065789.1.1631.undefined.ARJJ13.1.364,57.42
DQ065790.1.1632.undefined.ARJJ16.3.397,397,DQ065790.1.1632.undefined.ARJJ16.3.397,57.43
DQ065791.1.1633.undefined.ARJJ22.1.393,393,DQ065791.1.1633.undefined.ARJJ22.1.393,57.25
DQ065792.1.1634.undefined.ARJJ42.1.397,397,DQ065792.1.1634.undefined.ARJJ42.1.397,56.93
DQ065793.1.1635.undefined.ARJJ47.2.374,374,DQ065793.1.1635.undefined.ARJJ47.2.374,56.95
DQ065794.1.1636.undefined.ARNoju,392,DQ065794.1.1636.undefined.ARNoju P12.392,56.89
DQ070891.1.1637.undefined.SNT43.486,486,DQ070891.1.1637.undefined.SNT43.486,60.29
DQ070892.1.1638.undefined.SNT92,486,DQ070892.1.1638.undefined.SNT92 5'.486,60.08
DQ093792.1.1639.undefined.-.8917,8917,DQ093792.1.1639.undefined.-.8917,52.83
DQ102350.1.1640.undefined.-.348,348,DQ102350.1.1640.undefined.-.348,59.48
DQ102351.1.1641.undefined.-.525,525,DQ102351.1.1641.undefined.-.525,59.62
DQ102352.1.1642.undefined.-.510,510,DQ102352.1.1642.undefined.-.510,60.0
DQ102353.1.1643.undefined.-.525,525,DQ102353.1.1643.undefined.-.525,59.62
DQ102354.1.1644.undefined.-.495,495,DQ102354.1.1644.undefined.-.495,59.6
DQ102355.1.1645.undefined.-.519,519,DQ102355.1.1645.undefined.-.519,59.54
DQ102356.1.1646.undefined.-.498,498,DQ102356.1.1646.undefined.-.498,60.44
DQ102357.1.1647.undefined.-.498,498,DQ102357.1.1647.undefined.-.498,60.44
DQ119844.1.1648.undefined.-.625,625,DQ119844.1.1648.undefined.-.625,52.64
DQ119845.1.1649.undefined.-.633,633,DQ119845.1.1649.undefined.-.633,52.45
DQ119846.1.1650.undefined.-.626,626,DQ119846.1.1650.undefined.-.626,52.4
DQ150695.1.1651.undefined.-.967,967,DQ150695.1.1651.undefined.-.967,51.71
DQ182355.1.1652.undefined.ArJ43-1.624,624,DQ182355.1.1652.undefined.ArJ43-1.624,58.49
DQ182356.1.1653.undefined.ArJ43-2.654,654,DQ182356.1.1653.undefined.ArJ43-2.654,58.72
DQ182357.1.1654.undefined.ArBsAs-sgb.639,639,DQ182357.1.1654.undefined.ArBsAs-sgb.639,59.47
DQ182358.1.1655.undefined.ArJ17-1.604,604,DQ182358.1.1655.undefined.ArJ17-1.604,58.94
DQ182359.1.1656.undefined.ArJ17-2.627,627,DQ182359.1.1656.undefined.ArJ17-2.627,59.33
DQ182360.1.1657.undefined.ArJ3-2.580,580,DQ182360.1.1657.undefined.ArJ3-2.580,59.48
DQ182361.1.1658.undefined.ArJ13-1.616,616,DQ182361.1.1658.undefined.ArJ13-1.616,58.28
DQ182362.1.1659.undefined.ArJ29-2.602,602,DQ182362.1.1659.undefined.ArJ29-2.602,59.3
DQ182363.1.1660.undefined.ArJ2-1.604,604,DQ182363.1.1660.undefined.ArJ2-1.604,59.27
DQ182364.1.1661.undefined.ArJ2-2.616,616,DQ182364.1.1661.undefined.ArJ2-2.616,59.25
DQ182365.1.1662.undefined.ArJ35-3.589,589,DQ182365.1.1662.undefined.ArJ35-3.589,59.42
DQ182366.1.1663.undefined.ArJ1-3.590,590,DQ182366.1.1663.undefined.ArJ1-3.590,59.32
DQ182367.1.1664.undefined.ArJ65-1.643,643,DQ182367.1.1664.undefined.ArJ65-1.643,59.72
DQ182368.1.1665.undefined.ArJ11-1.614,614,DQ182368.1.1665.undefined.ArJ11-1.614,58.96
DQ182369.1.1666.undefined.ArJ11-5.618,618,DQ182369.1.1666.undefined.ArJ11-5.618,59.06
DQ182370.1.1667.undefined.ArJ54-1.603,603,DQ182370.1.1667.undefined.ArJ54-1.603,59.54
DQ182371.1.1668.undefined.ArJ25-1.631,631,DQ182371.1.1668.undefined.ArJ25-1.631,58.95
DQ182372.1.1669.undefined.ArJ25-2.604,604,DQ182372.1.1669.undefined.ArJ25-2.604,58.94
DQ182373.1.1670.undefined.ArCBA-sego.643,643,DQ182373.1.1670.undefined.ArCBA-sego.643,58.94
DQ182374.1.1671.undefined.ArJ3-1.606,606,DQ182374.1.1671.undefined.ArJ3-1.606,59.08
DQ182375.1.1672.undefined.ArJ3-3.591,591,DQ182375.1.1672.undefined.ArJ3-3.591,58.88
DQ182376.1.1673.undefined.ArJ3-4.582,582,DQ182376.1.1673.undefined.ArJ3-4.582,59.45
DQ182377.1.1674.undefined.ArJ32-1.604,604,DQ182377.1.1674.undefined.ArJ32-1.604,58.94
DQ182378.1.1675.undefined.ArJ1-1.628,628,DQ182378.1.1675.undefined.ArJ1-1.628,59.24
DQ182379.1.1676.undefined.ArJ1-2.554,554,DQ182379.1.1676.undefined.ArJ1-2.554,58.84
DQ182380.1.1677.undefined.ArJ28-3.593,593,DQ182380.1.1677.undefined.ArJ28-3.593,59.7
DQ182381.1.1678.undefined.ArJ16-1.608,608,DQ182381.1.1678.undefined.ArJ16-1.608,58.55
DQ182382.1.1679.undefined.ArJ16-3.595,595,DQ182382.1.1679.undefined.ArJ16-3.595,58.99
DQ182383.1.1680.undefined.ArJ14-1.604,604,DQ182383.1.1680.undefined.ArJ14-1.604,59.27
DQ182384.1.1681.undefined.ArJ14-2.588,588,DQ182384.1.1681.undefined.ArJ14-2.588,59.18
DQ182385.1.1682.undefined.ArJ15-1.601,601,DQ182385.1.1682.undefined.ArJ15-1.601,59.4
DQ182386.1.1683.undefined.ArJ11-2.604,604,DQ182386.1.1683.undefined.ArJ11-2.604,58.94
DQ182387.1.1684.undefined.ArJ11-4.619,619,DQ182387.1.1684.undefined.ArJ11-4.619,58.48
DQ182388.1.1685.undefined.ArJ11-3.593,593,DQ182388.1.1685.undefined.ArJ11-3.593,59.19
DQ182389.1.1686.undefined.ArJ19-1,609,DQ182389.1.1686.undefined.ArJ19-1 .609,58.95
DQ182390.1.1687.undefined.ArJ47-1.609,609,DQ182390.1.1687.undefined.ArJ47-1.609,58.95
DQ182391.1.1688.undefined.ArJ47-2.603,603,DQ182391.1.1688.undefined.ArJ47-2.603,59.2
DQ182392.1.1689.undefined.ArJ65-2.630,630,DQ182392.1.1689.undefined.ArJ65-2.630,59.05
DQ182393.1.1690.undefined.ArJ35-2.602,602,DQ182393.1.1690.undefined.ArJ35-2.602,59.3
DQ182394.1.1691.undefined.ArJ30-1.602,602,DQ182394.1.1691.undefined.ArJ30-1.602,59.3
DQ182395.1.1692.undefined.ArJ30-2.571,571,DQ182395.1.1692.undefined.ArJ30-2.571,59.19
DQ182396.1.1693.undefined.ArJ29-3.628,628,DQ182396.1.1693.undefined.ArJ29-3.628,58.76
DQ182397.1.1694.undefined.ArJ34-1.608,608,DQ182397.1.1694.undefined.ArJ34-1.608,58.55
DQ182398.1.1695.undefined.ArJ54-3.644,644,DQ182398.1.1695.undefined.ArJ54-3.644,59.16
DQ182399.1.1696.undefined.ArJ40-2.622,622,DQ182399.1.1696.undefined.ArJ40-2.622,57.88
DQ182400.1.1697.undefined.ArJ42-1.631,631,DQ182400.1.1697.undefined.ArJ42-1.631,58.8
DQ182401.1.1698.undefined.ArJ48-1.602,602,DQ182401.1.1698.undefined.ArJ48-1.602,59.3
DQ182402.1.1699.undefined.ArJ55-2.607,607,DQ182402.1.1699.undefined.ArJ55-2.607,58.98
DQ182403.1.1700.undefined.ArJ4-1.603,603,DQ182403.1.1700.undefined.ArJ4-1.603,59.04
DQ182404.1.1701.undefined.ArJ19-3.604,604,DQ182404.1.1701.undefined.ArJ19-3.604,58.94
DQ182405.1.1702.undefined.ArJ20-2.631,631,DQ182405.1.1702.undefined.ArJ20-2.631,58.64
DQ182406.1.1703.undefined.ArJ6-1.607,607,DQ182406.1.1703.undefined.ArJ6-1.607,59.47
DQ182407.1.1704.undefined.ArJ33-7.664,664,DQ182407.1.1704.undefined.ArJ33-7.664,58.58
DQ182408.1.1705.undefined.ArJ1-4.624,624,DQ182408.1.1705.undefined.ArJ1-4.624,59.29
DQ182409.1.1706.undefined.ArJ29-1.582,582,DQ182409.1.1706.undefined.ArJ29-1.582,59.45
DQ182410.1.1707.undefined.ArJ20-1.627,627,DQ182410.1.1707.undefined.ArJ20-1.627,58.85
DQ182411.1.1708.undefined.ArJ44-1.599,599,DQ182411.1.1708.undefined.ArJ44-1.599,59.6
DQ182412.1.1709.undefined.ArJ22-1.593,593,DQ182412.1.1709.undefined.ArJ22-1.593,59.36
DQ182413.1.1710.undefined.ArJ22-2.643,643,DQ182413.1.1710.undefined.ArJ22-2.643,59.25
DQ182414.1.1711.undefined.ArCBA-noju.642,642,DQ182414.1.1711.undefined.ArCBA-noju.642,59.19
DQ182415.1.1712.undefined.ArJ54-2.593,593,DQ182415.1.1712.undefined.ArJ54-2.593,58.68
DQ223974.1.1713.undefined.ArJ17-1.524,524,DQ223974.1.1713.undefined.ArJ17-1.524,52.86
DQ223975.1.1714.undefined.ArCBA-sego.467,467,DQ223975.1.1714.undefined.ArCBA-sego.467,53.32
DQ223976.1.1715.undefined.ArJ22-2.547,547,DQ223976.1.1715.undefined.ArJ22-2.547,53.2
DQ223977.1.1716.undefined.ArJ3-4.524,524,DQ223977.1.1716.undefined.ArJ3-4.524,52.29
DQ223978.1.1717.undefined.ArJ19-3.524,524,DQ223978.1.1717.undefined.ArJ19-3.524,52.1
DQ223979.1.1718.undefined.ArJ47-1.524,524,DQ223979.1.1718.undefined.ArJ47-1.524,52.29
DQ223980.1.1719.undefined.ArJ13-1.524,524,DQ223980.1.1719.undefined.ArJ13-1.524,52.29
DQ223981.1.1720.undefined.ArJ14-1.524,524,DQ223981.1.1720.undefined.ArJ14-1.524,52.29
DQ223982.1.1721.undefined.ArJ16-1.524,524,DQ223982.1.1721.undefined.ArJ16-1.524,52.29
DQ223983.1.1722.undefined.ArJ16-3.524,524,DQ223983.1.1722.undefined.ArJ16-3.524,52.29
DQ223984.1.1723.undefined.ArJ65-1.524,524,DQ223984.1.1723.undefined.ArJ65-1.524,52.1
DQ223985.1.1724.undefined.ArJ65-2.524,524,DQ223985.1.1724.undefined.ArJ65-2.524,52.1
DQ223986.1.1725.undefined.ArJ11-2.555,555,DQ223986.1.1725.undefined.ArJ11-2.555,52.79
DQ223987.1.1726.undefined.ArJ11-5.524,524,DQ223987.1.1726.undefined.ArJ11-5.524,52.29
DQ223988.1.1727.undefined.ArJ11-1.524,524,DQ223988.1.1727.undefined.ArJ11-1.524,52.29
DQ223989.1.1728.undefined.ArJ20-1.546,546,DQ223989.1.1728.undefined.ArJ20-1.546,53.3
DQ223990.1.1729.undefined.ArJ20-2.524,524,DQ223990.1.1729.undefined.ArJ20-2.524,52.67
DQ223991.1.1730.undefined.ArJ6-1.524,524,DQ223991.1.1730.undefined.ArJ6-1.524,52.67
DQ223992.1.1731.undefined.ArJ1-3.524,524,DQ223992.1.1731.undefined.ArJ1-3.524,52.48
DQ223993.1.1732.undefined.ArJ19-1.524,524,DQ223993.1.1732.undefined.ArJ19-1.524,52.48
DQ223994.1.1733.undefined.ArJ2-1.524,524,DQ223994.1.1733.undefined.ArJ2-1.524,52.48
DQ223995.1.1734.undefined.ArJ2-2.524,524,DQ223995.1.1734.undefined.ArJ2-2.524,52.48
DQ223996.1.1735.undefined.ArJ29-2.524,524,DQ223996.1.1735.undefined.ArJ29-2.524,52.48
DQ223997.1.1736.undefined.ArJ30-1.524,524,DQ223997.1.1736.undefined.ArJ30-1.524,52.48
DQ223998.1.1737.undefined.ArJ30-2.524,524,DQ223998.1.1737.undefined.ArJ30-2.524,52.48
DQ223999.1.1738.undefined.ArJ4-1.524,524,DQ223999.1.1738.undefined.ArJ4-1.524,52.48
DQ224000.1.1739.undefined.ArJ42-1.524,524,DQ224000.1.1739.undefined.ArJ42-1.524,52.48
DQ224001.1.1740.undefined.ArJ1-1.524,524,DQ224001.1.1740.undefined.ArJ1-1.524,52.48
DQ224002.1.1741.undefined.ArJ1-2.523,523,DQ224002.1.1741.undefined.ArJ1-2.523,52.39
DQ224003.1.1742.undefined.ArJ29-3.524,524,DQ224003.1.1742.undefined.ArJ29-3.524,52.48
DQ224004.1.1743.undefined.ArJ55-2.524,524,DQ224004.1.1743.undefined.ArJ55-2.524,52.29
DQ224005.1.1744.undefined.ArJ15-1.524,524,DQ224005.1.1744.undefined.ArJ15-1.524,52.1
DQ224006.1.1745.undefined.ArJ54-1.524,524,DQ224006.1.1745.undefined.ArJ54-1.524,52.29
DQ224007.1.1746.undefined.ArJ11-4.524,524,DQ224007.1.1746.undefined.ArJ11-4.524,51.91
DQ224008.1.1747.undefined.ArJ11-3.524,524,DQ224008.1.1747.undefined.ArJ11-3.524,52.48
DQ224009.1.1748.undefined.ArJ22-1.550,550,DQ224009.1.1748.undefined.ArJ22-1.550,52.91
DQ224010.1.1749.undefined.ArJ33-7.524,524,DQ224010.1.1749.undefined.ArJ33-7.524,52.48
DQ224011.1.1750.undefined.ArJ43-1.524,524,DQ224011.1.1750.undefined.ArJ43-1.524,52.48
DQ224012.1.1751.undefined.ArJ43-2.524,524,DQ224012.1.1751.undefined.ArJ43-2.524,52.48
DQ224013.1.1752.undefined.ArJ25-1.524,524,DQ224013.1.1752.undefined.ArJ25-1.524,52.29
DQ224014.1.1753.undefined.ArJ25-2.524,524,DQ224014.1.1753.undefined.ArJ25-2.524,52.29
DQ224015.1.1754.undefined.ArCBA-maol.550,550,DQ224015.1.1754.undefined.ArCBA-maol.550,53.09
DQ224016.1.1755.undefined.ArJ3-2.524,524,DQ224016.1.1755.undefined.ArJ3-2.524,52.48
DQ224017.1.1756.undefined.ArJ48-1.524,524,DQ224017.1.1756.undefined.ArJ48-1.524,52.48
DQ224018.1.1757.undefined.ArBsAs-flb.550,550,DQ224018.1.1757.undefined.ArBsAs-flb.550,53.27
DQ224019.1.1758.undefined.ArJ17-2.524,524,DQ224019.1.1758.undefined.ArJ17-2.524,52.67
DQ224020.1.1759.undefined.ArJ3-1.524,524,DQ224020.1.1759.undefined.ArJ3-1.524,52.29
DQ224021.1.1760.undefined.ArJ44-1.555,555,DQ224021.1.1760.undefined.ArJ44-1.555,52.97
DQ224022.1.1761.undefined.ArJ3-3.524,524,DQ224022.1.1761.undefined.ArJ3-3.524,52.1
DQ224023.1.1762.undefined.ArJ54-3.524,524,DQ224023.1.1762.undefined.ArJ54-3.524,51.91
DQ224024.1.1763.undefined.ArJ40-2.524,524,DQ224024.1.1763.undefined.ArJ40-2.524,52.29
DQ224025.1.1764.undefined.ArBsAs-nr151.548,548,DQ224025.1.1764.undefined.ArBsAs-nr151.548,53.65
DQ224026.1.1765.undefined.ArJ47-2.524,524,DQ224026.1.1765.undefined.ArJ47-2.524,51.63
DQ224027.1.1766.undefined.ArJ1-4.524,524,DQ224027.1.1766.undefined.ArJ1-4.524,52.48
DQ224028.1.1767.undefined.ArJ35-2.529,529,DQ224028.1.1767.undefined.ArJ35-2.529,53.12
DQ224029.1.1768.undefined.ArJ32-1.524,524,DQ224029.1.1768.undefined.ArJ32-1.524,52.29
DQ224030.1.1769.undefined.ArCBA-noju.550,550,DQ224030.1.1769.undefined.ArCBA-noju.550,52.91
DQ224031.1.1770.undefined.ArBsAs-tm.543,543,DQ224031.1.1770.undefined.ArBsAs-tm.543,52.12
DQ224032.1.1771.undefined.ArBsAs-zjc.566,566,DQ224032.1.1771.undefined.ArBsAs-zjc.566,52.12
DQ227128.1.1772.undefined.ArBsAs-nr151.1035,1035,DQ227128.1.1772.undefined.ArBsAs-nr151.1035,53.53
DQ227129.1.1773.undefined.ArJ1-1.1035,1035,DQ227129.1.1773.undefined.ArJ1-1.1035,53.33
DQ227130.1.1774.undefined.ArJ2-1.1035,1035,DQ227130.1.1774.undefined.ArJ2-1.1035,53.14
DQ227131.1.1775.undefined.ArJ3-1.1035,1035,DQ227131.1.1775.undefined.ArJ3-1.1035,53.33
DQ227132.1.1776.undefined.ArJ6-1.1035,1035,DQ227132.1.1776.undefined.ArJ6-1.1035,53.43
DQ227133.1.1777.undefined.ArJ11-1.1035,1035,DQ227133.1.1777.undefined.ArJ11-1.1035,53.24
DQ227134.1.1778.undefined.ArJ13-1.1035,1035,DQ227134.1.1778.undefined.ArJ13-1.1035,53.24
DQ227135.1.1779.undefined.ArJ16-1.1035,1035,DQ227135.1.1779.undefined.ArJ16-1.1035,52.95
DQ227136.1.1780.undefined.ArJ19-1.1035,1035,DQ227136.1.1780.undefined.ArJ19-1.1035,53.43
DQ227137.1.1781.undefined.ArJ20-1.1035,1035,DQ227137.1.1781.undefined.ArJ20-1.1035,53.33
DQ227138.1.1782.undefined.ArJ20-2.1035,1035,DQ227138.1.1782.undefined.ArJ20-2.1035,53.24
DQ227139.1.1783.undefined.ArJ22-2.1035,1035,DQ227139.1.1783.undefined.ArJ22-2.1035,53.33
DQ227140.1.1784.undefined.ArJ25-1.1035,1035,DQ227140.1.1784.undefined.ArJ25-1.1035,53.33
DQ227141.1.1785.undefined.ArJ29-1.1035,1035,DQ227141.1.1785.undefined.ArJ29-1.1035,53.33
DQ227142.1.1786.undefined.ArJ30-2.1035,1035,DQ227142.1.1786.undefined.ArJ30-2.1035,53.33
DQ227143.1.1787.undefined.ArJ44-1.1035,1035,DQ227143.1.1787.undefined.ArJ44-1.1035,52.95
DQ227144.1.1788.undefined.ArJ54-3.1035,1035,DQ227144.1.1788.undefined.ArJ54-3.1035,53.33
DQ227145.1.1789.undefined.ArJ65-1.1035,1035,DQ227145.1.1789.undefined.ArJ65-1.1035,53.43
DQ227146.1.1790.undefined.ArJ1-2.1035,1035,DQ227146.1.1790.undefined.ArJ1-2.1035,53.33
DQ227147.1.1791.undefined.ArJ1-3.1035,1035,DQ227147.1.1791.undefined.ArJ1-3.1035,53.24
DQ227148.1.1792.undefined.ArJ1-4.1035,1035,DQ227148.1.1792.undefined.ArJ1-4.1035,53.33
DQ227149.1.1793.undefined.ArJ2-2.1035,1035,DQ227149.1.1793.undefined.ArJ2-2.1035,53.24
DQ227150.1.1794.undefined.,1035,DQ227150.1.1794.undefined. ArJ3-2.1035,53.33
DQ227151.1.1795.undefined.ArJ3-3.1035,1035,DQ227151.1.1795.undefined.ArJ3-3.1035,53.43
DQ227152.1.1796.undefined.ArJ3-4.1035,1035,DQ227152.1.1796.undefined.ArJ3-4.1035,53.53
DQ227153.1.1797.undefined.ArJ3-5.1029,1029,DQ227153.1.1797.undefined.ArJ3-5.1029,53.45
DQ227154.1.1798.undefined.ArJ4-1.1035,1035,DQ227154.1.1798.undefined.ArJ4-1.1035,53.43
DQ227155.1.1799.undefined.ArJ11-2.1035,1035,DQ227155.1.1799.undefined.ArJ11-2.1035,53.33
DQ227156.1.1800.undefined.ArJ11-3.1035,1035,DQ227156.1.1800.undefined.ArJ11-3.1035,53.33
DQ227157.1.1801.undefined.ArJ11-4.1035,1035,DQ227157.1.1801.undefined.ArJ11-4.1035,53.33
DQ227158.1.1802.undefined.ArJ11-5.1035,1035,DQ227158.1.1802.undefined.ArJ11-5.1035,53.29
DQ227159.1.1803.undefined.ArJ13-5.1029,1029,DQ227159.1.1803.undefined.ArJ13-5.1029,53.55
DQ227160.1.1804.undefined.ArJ14-1.1035,1035,DQ227160.1.1804.undefined.ArJ14-1.1035,53.43
DQ227161.1.1805.undefined.ArJ14-2.1029,1029,DQ227161.1.1805.undefined.ArJ14-2.1029,53.55
DQ227162.1.1806.undefined.ArJ15-1.1035,1035,DQ227162.1.1806.undefined.ArJ15-1.1035,53.33
DQ227163.1.1807.undefined.ArJ16-3.1035,1035,DQ227163.1.1807.undefined.ArJ16-3.1035,53.04
DQ227164.1.1808.undefined.ArJ17-1.1035,1035,DQ227164.1.1808.undefined.ArJ17-1.1035,53.33
DQ227165.1.1809.undefined.ArJ17-2.1035,1035,DQ227165.1.1809.undefined.ArJ17-2.1035,53.24
DQ227166.1.1810.undefined.ArJ19-3.1035,1035,DQ227166.1.1810.undefined.ArJ19-3.1035,53.43
DQ227167.1.1811.undefined.ArJ22-1.1035,1035,DQ227167.1.1811.undefined.ArJ22-1.1035,53.53
DQ227168.1.1812.undefined.ArJ25-2.1035,1035,DQ227168.1.1812.undefined.ArJ25-2.1035,53.33
DQ227169.1.1813.undefined.ArJ25-5.1035,1035,DQ227169.1.1813.undefined.ArJ25-5.1035,53.33
DQ227170.1.1814.undefined.ArJ28-3.1029,1029,DQ227170.1.1814.undefined.ArJ28-3.1029,53.55
DQ227171.1.1815.undefined.ArJ29-2.1035,1035,DQ227171.1.1815.undefined.ArJ29-2.1035,53.33
DQ227172.1.1816.undefined.ArJ29-3.1035,1035,DQ227172.1.1816.undefined.ArJ29-3.1035,53.33
DQ227173.1.1817.undefined.ArJ30-1.1035,1035,DQ227173.1.1817.undefined.ArJ30-1.1035,53.33
DQ227174.1.1818.undefined.ArJ32-1.1035,1035,DQ227174.1.1818.undefined.ArJ32-1.1035,53.24
DQ227175.1.1819.undefined.ArJ33-7.1035,1035,DQ227175.1.1819.undefined.ArJ33-7.1035,53.43
DQ227176.1.1820.undefined.ArJ34-1.1035,1035,DQ227176.1.1820.undefined.ArJ34-1.1035,52.95
DQ227177.1.1821.undefined.ArJ35-2.1035,1035,DQ227177.1.1821.undefined.ArJ35-2.1035,53.33
DQ227178.1.1822.undefined.ArJ35-3.1029,1029,DQ227178.1.1822.undefined.ArJ35-3.1029,53.74
DQ227179.1.1823.undefined.ArJ40-2.1035,1035,DQ227179.1.1823.undefined.ArJ40-2.1035,53.33
DQ227180.1.1824.undefined.ArJ41-2.1029,1029,DQ227180.1.1824.undefined.ArJ41-2.1029,53.74
DQ227181.1.1825.undefined.ArJ42-1.1035,1035,DQ227181.1.1825.undefined.ArJ42-1.1035,53.33
DQ227182.1.1826.undefined.ArJ43-2.1035,1035,DQ227182.1.1826.undefined.ArJ43-2.1035,53.33
DQ227183.1.1827.undefined.ArJ44-2.1029,1029,DQ227183.1.1827.undefined.ArJ44-2.1029,53.35
DQ227184.1.1828.undefined.,1035,DQ227184.1.1828.undefined. ArJ47-1.1035,53.33
DQ227185.1.1829.undefined.,1035,DQ227185.1.1829.undefined. ArJ47-2.1035,53.43
DQ227186.1.1830.undefined.ArJ48-1.1035,1035,DQ227186.1.1830.undefined.ArJ48-1.1035,53.33
DQ227187.1.1831.undefined.ArJ54-1.1035,1035,DQ227187.1.1831.undefined.ArJ54-1.1035,53.33
DQ227188.1.1832.undefined.ArJ54-2.1035,1035,DQ227188.1.1832.undefined.ArJ54-2.1035,53.33
DQ227189.1.1833.undefined.ArJ55-2.1035,1035,DQ227189.1.1833.undefined.ArJ55-2.1035,53.33
DQ227190.1.1834.undefined.ArJ59-1.1029,1029,DQ227190.1.1834.undefined.ArJ59-1.1029,53.4
DQ227191.1.1835.undefined.ArJ65-2.1035,1035,DQ227191.1.1835.undefined.ArJ65-2.1035,53.33
DQ229137.1.1836.undefined.JA10073.507,507,DQ229137.1.1836.undefined.JA10073.507,58.78
DQ229138.1.1837.undefined.JA10068.507,507,DQ229138.1.1837.undefined.JA10068.507,57.59
DQ229139.1.1838.undefined.JA50033.507,507,DQ229139.1.1838.undefined.JA50033.507,58.78
DQ229140.1.1839.undefined.JA50118.507,507,DQ229140.1.1839.undefined.JA50118.507,59.57
DQ229141.1.1840.undefined.JA50076.507,507,DQ229141.1.1840.undefined.JA50076.507,59.37
DQ229142.1.1841.undefined.JA10027.507,507,DQ229142.1.1841.undefined.JA10027.507,59.17
DQ229143.1.1842.undefined.JA50004.507,507,DQ229143.1.1842.undefined.JA50004.507,58.97
DQ229144.1.1843.undefined.JA50020.507,507,DQ229144.1.1843.undefined.JA50020.507,58.58
DQ235698.1.1844.undefined.BD89112.758,758,DQ235698.1.1844.undefined.BD89112.758,58.05
DQ235699.1.1845.undefined.-.758,758,DQ235699.1.1845.undefined.-.758,58.05
DQ235700.1.1846.undefined.BD78883.758,758,DQ235700.1.1846.undefined.BD78883.758,57.65
DQ235701.1.1847.undefined.BD75766.758,758,DQ235701.1.1847.undefined.BD75766.758,57.65
DQ235702.1.1848.undefined.BD89112.522,522,DQ235702.1.1848.undefined.BD89112.522,51.92
DQ235703.1.1849.undefined.BD89517.522,522,DQ235703.1.1849.undefined.BD89517.522,51.92
DQ235704.1.1850.undefined.BD78883.522,522,DQ235704.1.1850.undefined.BD78883.522,52.11
DQ235705.1.1851.undefined.BD75766.522,522,DQ235705.1.1851.undefined.BD75766.522,51.92
DQ235706.1.1852.undefined.-.624,624,DQ235706.1.1852.undefined.-.624,58.17
DQ273132.1.1853.undefined.-.2271,2271,DQ273132.1.1853.undefined.-.2271,53.72
DQ279283.1.1854.undefined.-.831,831,DQ279283.1.1854.undefined.-.831,52.11
DQ279284.1.1855.undefined.-.831,831,DQ279284.1.1855.undefined.-.831,51.74
DQ279285.1.1856.undefined.-.831,831,DQ279285.1.1856.undefined.-.831,52.23
DQ279286.1.1857.undefined.-.831,831,DQ279286.1.1857.undefined.-.831,52.35
DQ279287.1.1858.undefined.-.831,831,DQ279287.1.1858.undefined.-.831,51.74
DQ279288.1.1859.undefined.-.831,831,DQ279288.1.1859.undefined.-.831,51.87
DQ279289.1.1860.undefined.-.831,831,DQ279289.1.1860.undefined.-.831,51.74
DQ279290.1.1861.undefined.-.831,831,DQ279290.1.1861.undefined.-.831,51.99
DQ279291.1.1862.undefined.JA10073,762,DQ279291.1.1862.undefined.JA10073 .762,55.51
DQ279292.1.1863.undefined.JA50033.762,762,DQ279292.1.1863.undefined.JA50033.762,56.3
DQ279293.1.1864.undefined.JA50118.762,762,DQ279293.1.1864.undefined.JA50118.762,56.17
DQ279294.1.1865.undefined.JA50076.762,762,DQ279294.1.1865.undefined.JA50076.762,56.17
DQ279295.1.1866.undefined.JA10027.762,762,DQ279295.1.1866.undefined.JA10027.762,56.3
DQ279296.1.1867.undefined.JA50004.762,762,DQ279296.1.1867.undefined.JA50004.762,56.3
DQ279297.1.1868.undefined.JA50020.762,762,DQ279297.1.1868.undefined.JA50020.762,55.38
DQ323750.1.1869.undefined.BRRJ276-95.523,523,DQ323750.1.1869.undefined.BRRJ276-95.523,53.54
DQ323751.1.1870.undefined.BRRJMDP.483,483,DQ323751.1.1870.undefined.BRRJMDP.483,54.04
DQ323752.1.1871.undefined.BRRP490.485,485,DQ323752.1.1871.undefined.BRRP490.485,54.23
DQ323753.1.1872.undefined.BRRJ53-97.487,487,DQ323753.1.1872.undefined.BRRJ53-97.487,54.0
DQ323754.1.1873.undefined.BRRJ56-00.487,487,DQ323754.1.1873.undefined.BRRJ56-00.487,54.21
DQ323755.1.1874.undefined.BRRP445.486,486,DQ323755.1.1874.undefined.BRRP445.486,53.91
DQ323756.1.1875.undefined.BRRJ122-97.520,520,DQ323756.1.1875.undefined.BRRJ122-97.520,51.92
DQ323757.1.1876.undefined.BRRJFA.469,469,DQ323757.1.1876.undefined.BRRJFA.469,54.37
DQ323758.1.1877.undefined.BRRP495.456,456,DQ323758.1.1877.undefined.BRRP495.456,55.04
DQ323759.1.1878.undefined.BRRJ136-96.479,479,DQ323759.1.1878.undefined.BRRJ136-96.479,54.49
DQ323760.1.1879.undefined.BRRJ86-97.484,484,DQ323760.1.1879.undefined.BRRJ86-97.484,53.93
DQ323761.1.1880.undefined.BRRP500.483,483,DQ323761.1.1880.undefined.BRRP500.483,54.24
DQ323762.1.1881.undefined.BRRJ55-97.482,482,DQ323762.1.1881.undefined.BRRJ55-97.482,54.15
DQ323763.1.1882.undefined.BRRJ64-97.486,486,DQ323763.1.1882.undefined.BRRJ64-97.486,53.91
DQ323764.1.1883.undefined.BRRJ209-95.489,489,DQ323764.1.1883.undefined.BRRJ209-95.489,53.58
DQ323765.1.1884.undefined.BRRJ73-97.487,487,DQ323765.1.1884.undefined.BRRJ73-97.487,53.59
DQ323766.1.1885.undefined.BRRJ76-97.486,486,DQ323766.1.1885.undefined.BRRJ76-97.486,53.7
DQ323767.1.1886.undefined.BRRJ112.484,484,DQ323767.1.1886.undefined.BRRJ112.484,53.93
DQ323768.1.1887.undefined.BRRJ160-97.485,485,DQ323768.1.1887.undefined.BRRJ160-97.485,54.23
DQ323769.1.1888.undefined.BRRJ159-97.485,485,DQ323769.1.1888.undefined.BRRJ159-97.485,53.4
DQ323770.1.1889.undefined.BRRJ55-00.485,485,DQ323770.1.1889.undefined.BRRJ55-00.485,53.81
DQ323771.1.1890.undefined.BRRP483.485,485,DQ323771.1.1890.undefined.BRRP483.485,54.02
DQ323772.1.1891.undefined.BRRP484.483,483,DQ323772.1.1891.undefined.BRRP484.483,54.66
DQ323773.1.1892.undefined.BRRP485.483,483,DQ323773.1.1892.undefined.BRRP485.483,54.04
DQ323774.1.1893.undefined.BRRP468.481,481,DQ323774.1.1893.undefined.BRRP468.481,54.47
DQ323775.1.1894.undefined.BRRP433.463,463,DQ323775.1.1894.undefined.BRRP433.463,54.0
DQ323776.1.1895.undefined.BRRP474.485,485,DQ323776.1.1895.undefined.BRRP474.485,54.23
DQ323777.1.1896.undefined.BRRP488.485,485,DQ323777.1.1896.undefined.BRRP488.485,53.81
DQ323778.1.1897.undefined.BRRJ231-91.484,484,DQ323778.1.1897.undefined.BRRJ231-91.484,53.72
DQ323779.1.1898.undefined.BRRJEF.502,502,DQ323779.1.1898.undefined.BRRJEF.502,52.79
DQ323780.1.1899.undefined.BRRP478.484,484,DQ323780.1.1899.undefined.BRRP478.484,53.72
DQ323781.1.1900.undefined.BRRJ005-97-23.480,480,DQ323781.1.1900.undefined.BRRJ005-97-23.480,53.33
DQ323782.1.1901.undefined.BRRP377.394,394,DQ323782.1.1901.undefined.BRRP377.394,57.11
DQ323783.1.1902.undefined.BRRP439.394,394,DQ323783.1.1902.undefined.BRRP439.394,56.85
DQ323784.1.1903.undefined.BRRP416.394,394,DQ323784.1.1903.undefined.BRRP416.394,57.36
DQ323785.1.1904.undefined.BRRP050.394,394,DQ323785.1.1904.undefined.BRRP050.394,57.11
DQ323786.1.1905.undefined.BRRJ074-00.445,445,DQ323786.1.1905.undefined.BRRJ074-00.445,55.73
DQ323787.1.1906.undefined.BRRJ028-98.481,481,DQ323787.1.1906.undefined.BRRJ028-98.481,54.05
DQ323788.1.1907.undefined.BRRJ127-93.476,476,DQ323788.1.1907.undefined.BRRJ127-93.476,54.41
DQ323789.1.1908.undefined.BRRJ134-97.480,480,DQ323789.1.1908.undefined.BRRJ134-97.480,54.58
DQ323790.1.1909.undefined.BRRJ136-96(2).479,479,DQ323790.1.1909.undefined.BRRJ136-96(2).479,54.49
DQ323791.1.1910.undefined.BRRJ166-96.482,482,DQ323791.1.1910.undefined.BRRJ166-96.482,54.36
DQ323792.1.1911.undefined.BRRJ059-95.476,476,DQ323792.1.1911.undefined.BRRJ059-95.476,54.62
DQ323793.1.1912.undefined.BRRJ19-99.479,479,DQ323793.1.1912.undefined.BRRJ19-99.479,54.7
DQ323794.1.1913.undefined.BRRJ139-95.482,482,DQ323794.1.1913.undefined.BRRJ139-95.482,54.36
DQ323795.1.1914.undefined.BRRJ476.481,481,DQ323795.1.1914.undefined.BRRJ476.481,53.85
DQ323796.1.1915.undefined.BRRJ3476.476,476,DQ323796.1.1915.undefined.BRRJ3476.476,54.41
DQ323797.1.1916.undefined.BRRJ106-96.482,482,DQ323797.1.1916.undefined.BRRJ106-96.482,54.15
DQ323798.1.1917.undefined.BRRJ234.484,484,DQ323798.1.1917.undefined.BRRJ234.484,53.72
DQ323799.1.1918.undefined.BRRJ81-95.484,484,DQ323799.1.1918.undefined.BRRJ81-95.484,53.93
DQ323800.1.1919.undefined.BRRJ124-97.479,479,DQ323800.1.1919.undefined.BRRJ124-97.479,54.7
DQ323801.1.1920.undefined.BRRJ153-97.483,483,DQ323801.1.1920.undefined.BRRJ153-97.483,54.24
DQ323802.1.1921.undefined.BRRJ156-97.531,531,DQ323802.1.1921.undefined.BRRJ156-97.531,52.73
DQ323803.1.1922.undefined.BRRJ69-00.483,483,DQ323803.1.1922.undefined.BRRJ69-00.483,54.45
DQ323804.1.1923.undefined.BRRJ84-97.527,527,DQ323804.1.1923.undefined.BRRJ84-97.527,53.13
DQ323805.1.1924.undefined.BRRJA.446,446,DQ323805.1.1924.undefined.BRRJA.446,56.28
DQ323806.1.1925.undefined.BRRP418.393,393,DQ323806.1.1925.undefined.BRRP418.393,57.76
DQ323807.1.1926.undefined.BRRP432.393,393,DQ323807.1.1926.undefined.BRRP432.393,57.76
DQ323808.1.1927.undefined.BRRP409.393,393,DQ323808.1.1927.undefined.BRRP409.393,58.02
DQ323809.1.1928.undefined.BRRP430.393,393,DQ323809.1.1928.undefined.BRRP430.393,57.76
DQ323810.1.1929.undefined.BRRP165.393,393,DQ323810.1.1929.undefined.BRRP165.393,57.51
DQ323811.1.1930.undefined.BRRP438.393,393,DQ323811.1.1930.undefined.BRRP438.393,57.51
DQ323812.1.1931.undefined.BRRJ058-01.445,445,DQ323812.1.1931.undefined.BRRJ058-01.445,56.63
DQ323813.1.1932.undefined.BRRJ-22.486,486,DQ323813.1.1932.undefined.BRRJ-22.486,53.91
DQ323814.1.1933.undefined.BRRP198.393,393,DQ323814.1.1933.undefined.BRRP198.393,57.76
DQ323815.1.1934.undefined.BRRP383.393,393,DQ323815.1.1934.undefined.BRRP383.393,57.25
DQ323816.1.1935.undefined.BRRP070.393,393,DQ323816.1.1935.undefined.BRRP070.393,57.76
DQ323817.1.1936.undefined.BRRP001.393,393,DQ323817.1.1936.undefined.BRRP001.393,57.76
DQ323818.1.1937.undefined.BRRP410.393,393,DQ323818.1.1937.undefined.BRRP410.393,58.02
DQ323819.1.1938.undefined.BRRP352.393,393,DQ323819.1.1938.undefined.BRRP352.393,57.51
DQ323820.1.1939.undefined.BRRP435.393,393,DQ323820.1.1939.undefined.BRRP435.393,57.51
DQ323821.1.1940.undefined.BRRP347.393,393,DQ323821.1.1940.undefined.BRRP347.393,57.25
DQ323822.1.1941.undefined.BRRP325.393,393,DQ323822.1.1941.undefined.BRRP325.393,57.76
DQ323823.1.1942.undefined.BRRP002.393,393,DQ323823.1.1942.undefined.BRRP002.393,58.02
DQ323824.1.1943.undefined.BRRP426.393,393,DQ323824.1.1943.undefined.BRRP426.393,58.02
DQ323825.1.1944.undefined.BRRP429.393,393,DQ323825.1.1944.undefined.BRRP429.393,57.51
DQ323826.1.1945.undefined.BRRP013.394,394,DQ323826.1.1945.undefined.BRRP013.394,57.61
DQ323827.1.1946.undefined.BRRP417.394,394,DQ323827.1.1946.undefined.BRRP417.394,57.36
DQ323828.1.1947.undefined.BRRP420.394,394,DQ323828.1.1947.undefined.BRRP420.394,57.36
DQ323829.1.1948.undefined.BRRP437.395,395,DQ323829.1.1948.undefined.BRRP437.395,57.47
DQ323830.1.1949.undefined.BRRP174.382,382,DQ323830.1.1949.undefined.BRRP174.382,57.33
DQ323831.1.1950.undefined.BRRP004.392,392,DQ323831.1.1950.undefined.BRRP004.392,57.65
DQ323832.1.1951.undefined.BRRP388.392,392,DQ323832.1.1951.undefined.BRRP388.392,57.91
DQ323833.1.1952.undefined.BRRJ017_95.1000,1000,DQ323833.1.1952.undefined.BRRJ017_95.1000,53.6
DQ323834.1.1953.undefined.,1000,DQ323834.1.1953.undefined. BRRJ3476.1000,54.3
DQ323835.1.1954.undefined.BRRJa107_96.1000,1000,DQ323835.1.1954.undefined.BRRJa107_96.1000,53.7
DQ323836.1.1955.undefined.BRRJa156_971.1000,1000,DQ323836.1.1955.undefined.BRRJa156_971.1000,53.9
DQ323837.1.1956.undefined.BRRJa156_972.1000,1000,DQ323837.1.1956.undefined.BRRJa156_972.1000,53.9
DQ323838.1.1957.undefined.BRRJa84_97.1000,1000,DQ323838.1.1957.undefined.BRRJa84_97.1000,53.8
DQ323839.1.1958.undefined.BRRJaRJFA.1000,1000,DQ323839.1.1958.undefined.BRRJaRJFA.1000,53.8
DQ323840.1.1959.undefined.BRRJc127_97.1000,1000,DQ323840.1.1959.undefined.BRRJc127_97.1000,54.0
DQ323841.1.1960.undefined.BRRJc19_99.1000,1000,DQ323841.1.1960.undefined.BRRJc19_99.1000,53.8
DQ323842.1.1961.undefined.BRRJc22.1000,1000,DQ323842.1.1961.undefined.BRRJc22.1000,53.8
DQ323843.1.1962.undefined.BRRJc325_02.1000,1000,DQ323843.1.1962.undefined.BRRJc325_02.1000,53.8
DQ323844.1.1963.undefined.BRRJl236_95.1000,1000,DQ323844.1.1963.undefined.BRRJl236_95.1000,53.9
DQ323845.1.1964.undefined.BRRJl69_00.1000,1000,DQ323845.1.1964.undefined.BRRJl69_00.1000,53.9
DQ323846.1.1965.undefined.BRRJs81_95.1000,1000,DQ323846.1.1965.undefined.BRRJs81_95.1000,53.7
DQ323847.1.1966.undefined.BRRJa134_97.1000,1000,DQ323847.1.1966.undefined.BRRJa134_97.1000,53.6
DQ323848.1.1967.undefined.BRRP526.1000,1000,DQ323848.1.1967.undefined.BRRP526.1000,54.0
DQ323849.1.1968.undefined.BRRJ192_95.1000,1000,DQ323849.1.1968.undefined.BRRJ192_95.1000,53.9
DQ323850.1.1969.undefined.BRRP050.1000,1000,DQ323850.1.1969.undefined.BRRP050.1000,53.9
DQ323851.1.1970.undefined.BRRP070.1000,1000,DQ323851.1.1970.undefined.BRRP070.1000,53.6
DQ323852.1.1971.undefined.BRRP174.1000,1000,DQ323852.1.1971.undefined.BRRP174.1000,53.8
DQ323853.1.1972.undefined.BRRP325.1000,1000,DQ323853.1.1972.undefined.BRRP325.1000,53.9
DQ323854.1.1973.undefined.BRRP347.999,999,DQ323854.1.1973.undefined.BRRP347.999,53.65
DQ323855.1.1974.undefined.BRRP388.1000,1000,DQ323855.1.1974.undefined.BRRP388.1000,53.7
DQ323856.1.1975.undefined.BRRP401.1000,1000,DQ323856.1.1975.undefined.BRRP401.1000,53.7
DQ323857.1.1976.undefined.BRRP410.1000,1000,DQ323857.1.1976.undefined.BRRP410.1000,53.6
DQ323858.1.1977.undefined.BRRP416.1000,1000,DQ323858.1.1977.undefined.BRRP416.1000,53.7
DQ323859.1.1978.undefined.BRRP420.1000,1000,DQ323859.1.1978.undefined.BRRP420.1000,54.0
DQ323860.1.1979.undefined.BRRP435.1000,1000,DQ323860.1.1979.undefined.BRRP435.1000,53.7
DQ323861.1.1980.undefined.BRRP437.1000,1000,DQ323861.1.1980.undefined.BRRP437.1000,53.7
DQ323862.1.1981.undefined.BRRP438.1000,1000,DQ323862.1.1981.undefined.BRRP438.1000,53.7
DQ323863.1.1982.undefined.BRRP439.1000,1000,DQ323863.1.1982.undefined.BRRP439.1000,53.9
DQ323864.1.1983.undefined.BRRP453.1000,1000,DQ323864.1.1983.undefined.BRRP453.1000,53.9
DQ323865.1.1984.undefined.BRRPCM028.1000,1000,DQ323865.1.1984.undefined.BRRPCM028.1000,53.8
DQ323866.1.1985.undefined.BRRJ136_96.1000,1000,DQ323866.1.1985.undefined.BRRJ136_96.1000,53.9
DQ323867.1.1986.undefined.BRRJ166_96.1000,1000,DQ323867.1.1986.undefined.BRRJ166_96.1000,53.7
DQ323868.1.1987.undefined.BRRP001.1000,1000,DQ323868.1.1987.undefined.BRRP001.1000,53.4
DQ323869.1.1988.undefined.BRRP003.1000,1000,DQ323869.1.1988.undefined.BRRP003.1000,53.9
DQ323870.1.1989.undefined.BRRP004.1000,1000,DQ323870.1.1989.undefined.BRRP004.1000,53.9
DQ323871.1.1990.undefined.BRRP005.1000,1000,DQ323871.1.1990.undefined.BRRP005.1000,53.5
DQ323872.1.1991.undefined.BRRP006.1000,1000,DQ323872.1.1991.undefined.BRRP006.1000,53.8
DQ323873.1.1992.undefined.BRRP013.1000,1000,DQ323873.1.1992.undefined.BRRP013.1000,53.9
DQ323874.1.1993.undefined.BRRP032.1000,1000,DQ323874.1.1993.undefined.BRRP032.1000,53.7
DQ323875.1.1994.undefined.BRRP165.1000,1000,DQ323875.1.1994.undefined.BRRP165.1000,53.7
DQ323876.1.1995.undefined.BRRP198.1000,1000,DQ323876.1.1995.undefined.BRRP198.1000,53.7
DQ323877.1.1996.undefined.BRRP208.1000,1000,DQ323877.1.1996.undefined.BRRP208.1000,53.9
DQ323878.1.1997.undefined.BRRP364.1000,1000,DQ323878.1.1997.undefined.BRRP364.1000,53.6
DQ323879.1.1998.undefined.BRRP424.1000,1000,DQ323879.1.1998.undefined.BRRP424.1000,53.8
DQ323880.1.1999.undefined.BRRP429.998,998,DQ323880.1.1999.undefined.BRRP429.998,53.41
DQ323881.1.2000.undefined.BRRP430.999,999,DQ323881.1.2000.undefined.BRRP430.999,53.75
DQ323882.1.2001.undefined.BRRP452.1000,1000,DQ323882.1.2001.undefined.BRRP452.1000,53.8
DQ323883.1.2002.undefined.BRRP464.1000,1000,DQ323883.1.2002.undefined.BRRP464.1000,53.7
DQ462191.1.2003.undefined.-.8553,8553,DQ462191.1.2003.undefined.-.8553,53.48
DQ471187.1.2004.undefined.HB3167.715,715,DQ471187.1.2004.undefined.HB3167.715,58.88
DQ471188.1.2005.undefined.HB3104.716,716,DQ471188.1.2005.undefined.HB3104.716,58.8
DQ471189.1.2006.undefined.HB3133.717,717,DQ471189.1.2006.undefined.HB3133.717,58.58
DQ471190.1.2007.undefined.HB2966.718,718,DQ471190.1.2007.undefined.HB2966.718,58.5
DQ471191.1.2008.undefined.HB3168.716,716,DQ471191.1.2008.undefined.HB3168.716,58.66
DQ471192.1.2009.undefined.HB3171.717,717,DQ471192.1.2009.undefined.HB3171.717,58.58
DQ471193.1.2010.undefined.HB3170.717,717,DQ471193.1.2010.undefined.HB3170.717,58.86
DQ471194.1.2011.undefined.HB3311.716,716,DQ471194.1.2011.undefined.HB3311.716,58.66
DQ471195.1.2012.undefined.HB3229.717,717,DQ471195.1.2012.undefined.HB3229.717,58.72
DQ471196.1.2013.undefined.HB3114.715,715,DQ471196.1.2013.undefined.HB3114.715,58.46
DQ471197.1.2014.undefined.HB2562.715,715,DQ471197.1.2014.undefined.HB2562.715,58.46
DQ471198.1.2015.undefined.HB3205.718,718,DQ471198.1.2015.undefined.HB3205.718,58.36
DQ471199.1.2016.undefined.HB3135.715,715,DQ471199.1.2016.undefined.HB3135.715,58.46
DQ471200.1.2017.undefined.HB3166.727,727,DQ471200.1.2017.undefined.HB3166.727,58.18
DQ471201.1.2018.undefined.HB3160.717,717,DQ471201.1.2018.undefined.HB3160.717,58.72
DQ471202.1.2019.undefined.HB3119.716,716,DQ471202.1.2019.undefined.HB3119.716,58.66
DQ471203.1.2020.undefined.HB3230.715,715,DQ471203.1.2020.undefined.HB3230.715,59.44
DQ471204.1.2021.undefined.HB3102.715,715,DQ471204.1.2021.undefined.HB3102.715,59.02
DQ471205.1.2022.undefined.HB3203.716,716,DQ471205.1.2022.undefined.HB3203.716,58.66
DQ471206.1.2023.undefined.HB3120.718,718,DQ471206.1.2023.undefined.HB3120.718,58.36
DQ471207.1.2024.undefined.HB3134.716,716,DQ471207.1.2024.undefined.HB3134.716,58.52
DQ471208.1.2025.undefined.HB3202.716,716,DQ471208.1.2025.undefined.HB3202.716,58.38
DQ471209.1.2026.undefined.HB3194.717,717,DQ471209.1.2026.undefined.HB3194.717,58.58
DQ512873.1.2027.undefined.PtEr.635,635,DQ512873.1.2027.undefined.PtEr.635,58.2
DQ512874.1.2028.undefined.PtCr.632,632,DQ512874.1.2028.undefined.PtCr.632,58.23
DQ512875.1.2029.undefined.PtNs.578,578,DQ512875.1.2029.undefined.PtNs.578,59.52
DQ530557.1.2030.undefined.1137_e.160,160,DQ530557.1.2030.undefined.1137_e.160,48.75
DQ530558.1.2031.undefined.1137_d.160,160,DQ530558.1.2031.undefined.1137_d.160,48.75
DQ530559.1.2032.undefined.1137_93.160,160,DQ530559.1.2032.undefined.1137_93.160,48.75
DQ530560.1.2033.undefined.1137_44,160,DQ530560.1.2033.undefined.1137_44 .160,50.0
DQ530561.1.2034.undefined.1137_54.160,160,DQ530561.1.2034.undefined.1137_54.160,49.38
DQ530562.1.2035.undefined.1137_81.160,160,DQ530562.1.2035.undefined.1137_81.160,48.75
DQ530563.1.2036.undefined.1137_h.160,160,DQ530563.1.2036.undefined.1137_h.160,48.12
DQ530564.1.2037.undefined.1137_13.160,160,DQ530564.1.2037.undefined.1137_13.160,48.75
DQ530565.1.2038.undefined.1137_10.160,160,DQ530565.1.2038.undefined.1137_10.160,48.12
DQ530566.1.2039.undefined.1208(ATL)_119.159,159,DQ530566.1.2039.undefined.1208(ATL)_119.159,47.17
DQ530567.1.2040.undefined.1208(ATL)_112.159,159,DQ530567.1.2040.undefined.1208(ATL)_112.159,47.17
DQ530568.1.2041.undefined.1208(ATL)_65.159,159,DQ530568.1.2041.undefined.1208(ATL)_65.159,45.91
DQ530569.1.2042.undefined.1208(ATL)_8.159,159,DQ530569.1.2042.undefined.1208(ATL)_8.159,47.8
DQ530570.1.2043.undefined.1208(ATL)_6.159,159,DQ530570.1.2043.undefined.1208(ATL)_6.159,47.8
DQ530571.1.2044.undefined.1208(ATL)_89.159,159,DQ530571.1.2044.undefined.1208(ATL)_89.159,47.17
DQ530572.1.2045.undefined.1208(ATL)_18.159,159,DQ530572.1.2045.undefined.1208(ATL)_18.159,47.17
DQ530573.1.2046.undefined.1208(ATL)_52.159,159,DQ530573.1.2046.undefined.1208(ATL)_52.159,45.91
DQ530574.1.2047.undefined.1208(ATL)_85.159,159,DQ530574.1.2047.undefined.1208(ATL)_85.159,47.8
DQ530575.1.2048.undefined.1208(ATL)_83a.159,159,DQ530575.1.2048.undefined.1208(ATL)_83a.159,46.54
DQ530576.1.2049.undefined.1208(ATL)_42.159,159,DQ530576.1.2049.undefined.1208(ATL)_42.159,47.17
DQ530577.1.2050.undefined.1208(ATL)_21.159,159,DQ530577.1.2050.undefined.1208(ATL)_21.159,47.17
DQ530578.1.2051.undefined.1208(ATL)_81.159,159,DQ530578.1.2051.undefined.1208(ATL)_81.159,45.91
DQ530579.1.2052.undefined.1208(ATL)_24.159,159,DQ530579.1.2052.undefined.1208(ATL)_24.159,47.17
DQ530580.1.2053.undefined.1208(ATL)_116.159,159,DQ530580.1.2053.undefined.1208(ATL)_116.159,47.17
DQ530581.1.2054.undefined.1208(ATL)_120.159,159,DQ530581.1.2054.undefined.1208(ATL)_120.159,47.17
DQ530582.1.2055.undefined.J16-01(TSP/HAM)-76.158,158,DQ530582.1.2055.undefined.J16-01(TSP/HAM)-76.158,48.1
DQ530583.1.2056.undefined.J16-01(TSP/HAM)-68.158,158,DQ530583.1.2056.undefined.J16-01(TSP/HAM)-68.158,47.47
DQ530584.1.2057.undefined.J16-01(TSP/HAM)-11.158,158,DQ530584.1.2057.undefined.J16-01(TSP/HAM)-11.158,47.47
DQ530585.1.2058.undefined.J16-01(TSP/HAM)-86.158,158,DQ530585.1.2058.undefined.J16-01(TSP/HAM)-86.158,49.37
DQ530586.1.2059.undefined.J16-01(TSP/HAM)-79.158,158,DQ530586.1.2059.undefined.J16-01(TSP/HAM)-79.158,47.47
DQ530587.1.2060.undefined.J16-01(TSP/HAM)-81.158,158,DQ530587.1.2060.undefined.J16-01(TSP/HAM)-81.158,47.47
DQ530588.1.2061.undefined.J16-01(TSP/HAM)-56.158,158,DQ530588.1.2061.undefined.J16-01(TSP/HAM)-56.158,48.73
DQ530589.1.2062.undefined.J16-01(TSP/HAM)-7.158,158,DQ530589.1.2062.undefined.J16-01(TSP/HAM)-7.158,47.47
DQ530590.1.2063.undefined.J16-01(TSP/HAM)-36.158,158,DQ530590.1.2063.undefined.J16-01(TSP/HAM)-36.158,47.47
DQ530591.1.2064.undefined.J16-01(TSP/HAM)-10.157,157,DQ530591.1.2064.undefined.J16-01(TSP/HAM)-10.157,49.04
DQ530592.1.2065.undefined.J16-01(TSP/HAM)-35.158,158,DQ530592.1.2065.undefined.J16-01(TSP/HAM)-35.158,47.47
DQ530593.1.2066.undefined.J16-01(TSP/HAM)-23.158,158,DQ530593.1.2066.undefined.J16-01(TSP/HAM)-23.158,47.47
DQ530594.1.2067.undefined.J16-01(TSP/HAM)-60.157,157,DQ530594.1.2067.undefined.J16-01(TSP/HAM)-60.157,49.04
DQ530595.1.2068.undefined.J16-01(TSP/HAM)-40.157,157,DQ530595.1.2068.undefined.J16-01(TSP/HAM)-40.157,49.04
DQ530596.1.2069.undefined.J16-01(TSP/HAM)-85.157,157,DQ530596.1.2069.undefined.J16-01(TSP/HAM)-85.157,49.04
DQ663633.1.2070.undefined.PtPd.1399,1399,DQ663633.1.2070.undefined.PtPd.1399,50.82
DQ663634.1.2071.undefined.PrGr.1422,1422,DQ663634.1.2071.undefined.PrGr.1422,52.81
DQ663635.1.2072.undefined.PtMm.1403,1403,DQ663635.1.2072.undefined.PtMm.1403,50.96
DQ663636.1.2073.undefined.PtAd.1289,1289,DQ663636.1.2073.undefined.PtAd.1289,51.9
DQ663637.1.2074.undefined.PtEr.1405,1405,DQ663637.1.2074.undefined.PtEr.1405,51.74
DQ663638.1.2075.undefined.PtDk1.1423,1423,DQ663638.1.2075.undefined.PtDk1.1423,51.02
DQ663639.1.2076.undefined.PtLc.1411,1411,DQ663639.1.2076.undefined.PtLc.1411,51.17
DQ663640.1.2077.undefined.PtJq.1403,1403,DQ663640.1.2077.undefined.PtJq.1403,52.03
DQ663641.1.2078.undefined.PtIs.1412,1412,DQ663641.1.2078.undefined.PtIs.1412,51.27
DQ663642.1.2079.undefined.PtDk2.1412,1412,DQ663642.1.2079.undefined.PtDk2.1412,51.13
DQ663643.1.2080.undefined.PtCr.1372,1372,DQ663643.1.2080.undefined.PtCr.1372,49.85
DQ663644.1.2081.undefined.PtNs.1412,1412,DQ663644.1.2081.undefined.PtNs.1412,51.84
DQ663645.1.2082.undefined.PtDj.1399,1399,DQ663645.1.2082.undefined.PtDj.1399,50.68
DQ663646.1.2083.undefined.PtOf.1413,1413,DQ663646.1.2083.undefined.PtOf.1413,51.38
DQ663647.1.2084.undefined.PtFd.1313,1313,DQ663647.1.2084.undefined.PtFd.1313,50.8
DQ663648.1.2085.undefined.PtOs.1407,1407,DQ663648.1.2085.undefined.PtOs.1407,51.88
DQ897682.1.2086.undefined.TSP18323.391,391,DQ897682.1.2086.undefined.TSP18323.391,59.85
DQ897683.1.2087.undefined.TSP12481.389,389,DQ897683.1.2087.undefined.TSP12481.389,59.64
DQ897684.1.2088.undefined.TSP12705.390,390,DQ897684.1.2088.undefined.TSP12705.390,60.26
DQ897685.1.2089.undefined.TSP12823.390,390,DQ897685.1.2089.undefined.TSP12823.390,60.0
DQ897686.1.2090.undefined.TSP12827.390,390,DQ897686.1.2090.undefined.TSP12827.390,60.26
DQ911752.1.2091.undefined.MTA-1.435,435,DQ911752.1.2091.undefined.MTA-1.435,53.56
E02120.1.2092.undefined.-.755,755,E02120.1.2092.undefined.-.755,57.35
E02234.1.2093.undefined.-.555,555,E02234.1.2093.undefined.-.555,53.15
E02264.1.2094.undefined.-.555,555,E02264.1.2094.undefined.-.555,53.15
E02322.1.2095.undefined.-.1561,1561,E02322.1.2095.undefined.-.1561,51.63
E02332.1.2096.undefined.-.555,555,E02332.1.2096.undefined.-.555,53.15
E02457.1.2097.undefined.-.1290,1290,E02457.1.2097.undefined.-.1290,56.12
E02458.1.2098.undefined.-.30,30,E02458.1.2098.undefined.-.30,46.67
E02797.1.2099.undefined.-.1561,1561,E02797.1.2099.undefined.-.1561,51.63
EF061850.1.2100.undefined.ES262.523,522,EF061850.1.2100.undefined.ES262.523,51.53
EF061851.1.2101.undefined.ESW99.522,522,EF061851.1.2101.undefined.ESW99.522,52.11
EF061852.1.2102.undefined.ESH85.522,522,EF061852.1.2102.undefined.ESH85.522,51.92
EF061853.1.2103.undefined.ESW85.522,522,EF061853.1.2103.undefined.ESW85.522,51.92
EF061854.1.2104.undefined.ESW54.522,522,EF061854.1.2104.undefined.ESW54.522,51.92
EF061855.1.2105.undefined.DH1SIL2.522,522,EF061855.1.2105.undefined.DH1SIL2.522,51.72
EF061856.1.2106.undefined.PE376.522,522,EF061856.1.2106.undefined.PE376.522,52.11
EF061857.1.2107.undefined.TA149,522,EF061857.1.2107.undefined.TA149 .522,52.11
EF061858.1.2108.undefined.TA166.522,522,EF061858.1.2108.undefined.TA166.522,51.92
EF061859.1.2109.undefined.TA10.522,522,EF061859.1.2109.undefined.TA10.522,51.92
EF061860.1.2110.undefined.TA139.522,522,EF061860.1.2110.undefined.TA139.522,51.72
EF061861.1.2111.undefined.TA165.522,522,EF061861.1.2111.undefined.TA165.522,51.72
EF061862.1.2112.undefined.TA170.522,522,EF061862.1.2112.undefined.TA170.522,51.72
EF061863.1.2113.undefined.PE188.522,522,EF061863.1.2113.undefined.PE188.522,51.72
EF061864.1.2114.undefined.ESW18.522,522,EF061864.1.2114.undefined.ESW18.522,51.92
EF061865.1.2115.undefined.AM82.522,522,EF061865.1.2115.undefined.AM82.522,51.92
EF061866.1.2116.undefined.ES314.522,522,EF061866.1.2116.undefined.ES314.522,51.92
EF061867.1.2117.undefined.NDH131.522,522,EF061867.1.2117.undefined.NDH131.522,51.92
EF061868.1.2118.undefined.ESW93.522,522,EF061868.1.2118.undefined.ESW93.522,51.92
EF061869.1.2119.undefined.TA176.522,522,EF061869.1.2119.undefined.TA176.522,52.11
EF061870.1.2120.undefined.TA168.522,522,EF061870.1.2120.undefined.TA168.522,51.72
EF061871.1.2121.undefined.AWM.522,522,EF061871.1.2121.undefined.AWM.522,51.72
EF061872.1.2122.undefined.NDH132.522,522,EF061872.1.2122.undefined.NDH132.522,52.11
EF061873.1.2123.undefined.ESH44.522,522,EF061873.1.2123.undefined.ESH44.522,52.11
EF061874.1.2124.undefined.TA169.522,522,EF061874.1.2124.undefined.TA169.522,51.72
EF061875.1.2125.undefined.UHM.522,522,EF061875.1.2125.undefined.UHM.522,52.49
EF061876.1.2126.undefined.PE346.522,522,EF061876.1.2126.undefined.PE346.522,52.3
EF061877.1.2127.undefined.ESW57.522,522,EF061877.1.2127.undefined.ESW57.522,51.92
EF061878.1.2128.undefined.FWMS3.522,522,EF061878.1.2128.undefined.FWMS3.522,51.53
EF061879.1.2129.undefined.FWMS3BIL1.522,522,EF061879.1.2129.undefined.FWMS3BIL1.522,51.72
EF061880.1.2130.undefined.FWM.522,522,EF061880.1.2130.undefined.FWM.522,51.92
EF061881.1.2131.undefined.EHB8.522,522,EF061881.1.2131.undefined.EHB8.522,51.92
EF061882.1.2132.undefined.EHB10.522,522,EF061882.1.2132.undefined.EHB10.522,51.92
EF061883.1.2133.undefined.EHB11.522,522,EF061883.1.2133.undefined.EHB11.522,51.72
EF061884.1.2134.undefined.EM5.1388,1388,EF061884.1.2134.undefined.EM5.1388,50.43
EF061885.1.2135.undefined.ESH18.1388,1388,EF061885.1.2135.undefined.ESH18.1388,50.36
EF061886.1.2136.undefined.ESW44.1388,1388,EF061886.1.2136.undefined.ESW44.1388,50.43
EF076680.1.2137.undefined.1657.1827,1827,EF076680.1.2137.undefined.1657.1827,52.6
EF076681.1.2138.undefined.3614.1827,1827,EF076681.1.2138.undefined.3614.1827,52.65
EF076682.1.2139.undefined.3669.1827,1827,EF076682.1.2139.undefined.3669.1827,52.6
EF076683.1.2140.undefined.A212.1827,1827,EF076683.1.2140.undefined.A212.1827,52.74
EF076684.1.2141.undefined.C10/MJ.1827,1827,EF076684.1.2141.undefined.C10/MJ.1827,52.6
EF076685.1.2142.undefined.C91/PL.1827,1827,EF076685.1.2142.undefined.C91/PL.1827,52.6
EF076686.1.2143.undefined.C8166.1827,1827,EF076686.1.2143.undefined.C8166.1827,52.55
EF076687.1.2144.undefined.CS-1.1827,1827,EF076687.1.2144.undefined.CS-1.1827,52.55
EF076688.1.2145.undefined.EG.1827,1827,EF076688.1.2145.undefined.EG.1827,52.49
EF076689.1.2146.undefined.FS.1827,1827,EF076689.1.2146.undefined.FS.1827,52.27
EF076690.1.2147.undefined.HS-1.1827,1827,EF076690.1.2147.undefined.HS-1.1827,52.55
EF076691.1.2148.undefined.HUT102.1827,1827,EF076691.1.2148.undefined.HUT102.1827,52.55
EF076692.1.2149.undefined.MT-2.1827,1827,EF076692.1.2149.undefined.MT-2.1827,52.6
EF076693.1.2150.undefined.MT-4.1827,1827,EF076693.1.2150.undefined.MT-4.1827,52.57
EF076694.1.2151.undefined.Ptnt1.1827,1827,EF076694.1.2151.undefined.Ptnt1.1827,52.49
EF076695.1.2152.undefined.Ptnt2.1827,1827,EF076695.1.2152.undefined.Ptnt2.1827,52.71
EF076696.1.2153.undefined.Ptnt4.1827,1827,EF076696.1.2153.undefined.Ptnt4.1827,52.55
EF076697.1.2154.undefined.Ptnt5.1827,1827,EF076697.1.2154.undefined.Ptnt5.1827,52.49
EF076698.1.2155.undefined.PtntAK003.1827,1827,EF076698.1.2155.undefined.PtntAK003.1827,52.49
EF076699.1.2156.undefined.PtntAK004.1827,1827,EF076699.1.2156.undefined.PtntAK004.1827,52.65
EF076700.1.2157.undefined.PtntAK005.1827,1827,EF076700.1.2157.undefined.PtntAK005.1827,52.55
EF076701.1.2158.undefined.PtntAK006.1827,1827,EF076701.1.2158.undefined.PtntAK006.1827,52.6
EF076702.1.2159.undefined.SP.1827,1827,EF076702.1.2159.undefined.SP.1827,52.87
EF491187.1.2160.undefined.PE6fa.614,614,EF491187.1.2160.undefined.PE6fa.614,58.47
EF491188.1.2161.undefined.PE7hu.614,614,EF491188.1.2161.undefined.PE7hu.614,57.82
EF491189.1.2162.undefined.PE8si.614,614,EF491189.1.2162.undefined.PE8si.614,57.82
EF491190.1.2163.undefined.PE9bu.614,614,EF491190.1.2163.undefined.PE9bu.614,57.33
EF491191.1.2164.undefined.PE10or.614,614,EF491191.1.2164.undefined.PE10or.614,57.65
EF491192.1.2165.undefined.PE11ca.614,614,EF491192.1.2165.undefined.PE11ca.614,57.98
EF491193.1.2166.undefined.PE12fe.614,614,EF491193.1.2166.undefined.PE12fe.614,57.33
EF491194.1.2167.undefined.PE13sa.614,614,EF491194.1.2167.undefined.PE13sa.614,58.14
EF491195.1.2168.undefined.PE14ru.614,614,EF491195.1.2168.undefined.PE14ru.614,58.14
EF491196.1.2169.undefined.PE15bo.614,614,EF491196.1.2169.undefined.PE15bo.614,58.14
EF530575.1.2170.undefined.-.287,287,EF530575.1.2170.undefined.-.287,43.55
EF530576.1.2171.undefined.-.287,287,EF530576.1.2171.undefined.-.287,44.6
EF530577.1.2172.undefined.-.287,287,EF530577.1.2172.undefined.-.287,44.6
EF530578.1.2173.undefined.-.287,287,EF530578.1.2173.undefined.-.287,43.21
EF530579.1.2174.undefined.-.287,287,EF530579.1.2174.undefined.-.287,43.9
EF530580.1.2175.undefined.-.294,294,EF530580.1.2175.undefined.-.294,44.22
EF530581.1.2176.undefined.-.287,287,EF530581.1.2176.undefined.-.287,43.9
EF530582.1.2177.undefined.-.287,287,EF530582.1.2177.undefined.-.287,43.9
EF530583.1.2178.undefined.-.287,287,EF530583.1.2178.undefined.-.287,43.9
EF530584.1.2179.undefined.BRSA3708.287,287,EF530584.1.2179.undefined.BRSA3708.287,43.9
EF530585.1.2180.undefined.-.287,287,EF530585.1.2180.undefined.-.287,43.9
EF530586.1.2181.undefined.-.287,287,EF530586.1.2181.undefined.-.287,43.55
EF530587.1.2182.undefined.-.287,287,EF530587.1.2182.undefined.-.287,43.9
EF530588.1.2183.undefined.-.287,287,EF530588.1.2183.undefined.-.287,43.9
EF530589.1.2184.undefined.-.287,287,EF530589.1.2184.undefined.-.287,43.9
EF591890.1.2185.undefined.-.967,967,EF591890.1.2185.undefined.-.967,51.4
EF672333.1.2186.undefined.VSF273.839,839,EF672333.1.2186.undefined.VSF273.839,57.09
EF672334.1.2187.undefined.VSF279.806,806,EF672334.1.2187.undefined.VSF279.806,56.58
EF672335.1.2188.undefined.VSF287.846,846,EF672335.1.2188.undefined.VSF287.846,57.45
EF672336.1.2189.undefined.VSF310.868,868,EF672336.1.2189.undefined.VSF310.868,55.76
EF672337.1.2190.undefined.VSF842.857,857,EF672337.1.2190.undefined.VSF842.857,56.59
EU108721.1.2191.undefined.CA422.861,861,EU108721.1.2191.undefined.CA422.861,56.79
EU108722.1.2192.undefined.CA253.791,791,EU108722.1.2192.undefined.CA253.791,57.02
EU108723.1.2193.undefined.CA421.770,770,EU108723.1.2193.undefined.CA421.770,57.4
EU108724.1.2194.undefined.CA423.817,817,EU108724.1.2194.undefined.CA423.817,57.65
EU392159.1.2195.undefined.AC181.715,715,EU392159.1.2195.undefined.AC181.715,59.3
EU392160.1.2196.undefined.AC042.716,716,EU392160.1.2196.undefined.AC042.716,58.52
EU392161.1.2197.undefined.AC057.558,558,EU392161.1.2197.undefined.AC057.558,55.38
EU392162.1.2198.undefined.AC069.558,558,EU392162.1.2198.undefined.AC069.558,55.2
EU392163.1.2199.undefined.AC204.558,558,EU392163.1.2199.undefined.AC204.558,55.02
EU392164.1.2200.undefined.AC069.393,393,EU392164.1.2200.undefined.AC069.393,62.09
EU392165.1.2201.undefined.AC129.334,334,EU392165.1.2201.undefined.AC129.334,59.88
EU392166.1.2202.undefined.AC174.356,356,EU392166.1.2202.undefined.AC174.356,59.83
EU401868.1.2203.undefined.-.661,661,EU401868.1.2203.undefined.-.661,56.13
EU401869.1.2204.undefined.-.684,684,EU401869.1.2204.undefined.-.684,58.19
EU401870.1.2205.undefined.-.712,712,EU401870.1.2205.undefined.-.712,58.57
EU401871.1.2206.undefined.-.663,663,EU401871.1.2206.undefined.-.663,57.47
EU401872.1.2207.undefined.-.657,657,EU401872.1.2207.undefined.-.657,57.84
EU401873.1.2208.undefined.-.657,657,EU401873.1.2208.undefined.-.657,57.69
EU401874.1.2209.undefined.-.663,663,EU401874.1.2209.undefined.-.663,57.32
EU401875.1.2210.undefined.-.657,657,EU401875.1.2210.undefined.-.657,57.53
EU401876.1.2211.undefined.-.608,608,EU401876.1.2211.undefined.-.608,58.72
EU401877.1.2212.undefined.-.608,608,EU401877.1.2212.undefined.-.608,58.55
EU401878.1.2213.undefined.-.375,375,EU401878.1.2213.undefined.-.375,57.33
EU444083.1.2214.undefined.Gab35LM,522,EU444083.1.2214.undefined.Gab35LM .522,51.34
EU444084.1.2215.undefined.Gab1058FC.522,522,EU444084.1.2215.undefined.Gab1058FC.522,52.11
EU444085.1.2216.undefined.Gab1144FC,522,EU444085.1.2216.undefined.Gab1144FC .522,51.92
EU444086.1.2217.undefined.Gab1008FC.522,522,EU444086.1.2217.undefined.Gab1008FC.522,51.72
EU444087.1.2218.undefined.Gab683LB.522,521,EU444087.1.2218.undefined.Gab683LB.522,52.21
EU444088.1.2219.undefined.Gab1392PG.522,522,EU444088.1.2219.undefined.Gab1392PG.522,51.92
EU444089.1.2220.undefined.Gab70LB.522,522,EU444089.1.2220.undefined.Gab70LB.522,51.92
EU444090.1.2221.undefined.Gab826LM.522,522,EU444090.1.2221.undefined.Gab826LM.522,51.92
EU444091.1.2222.undefined.Gab112LM.522,522,EU444091.1.2222.undefined.Gab112LM.522,52.49
EU444092.1.2223.undefined.Gab1123FC.522,522,EU444092.1.2223.undefined.Gab1123FC.522,52.3
EU444093.1.2224.undefined.Gab1037FC.522,522,EU444093.1.2224.undefined.Gab1037FC.522,52.49
EU444094.1.2225.undefined.Gab1314PG.522,522,EU444094.1.2225.undefined.Gab1314PG.522,52.68
EU444095.1.2226.undefined.Gab109LM.522,522,EU444095.1.2226.undefined.Gab109LM.522,52.11
EU444096.1.2227.undefined.Gab958LM.522,522,EU444096.1.2227.undefined.Gab958LM.522,52.3
EU444097.1.2228.undefined.Gab1014FC.522,522,EU444097.1.2228.undefined.Gab1014FC.522,52.11
EU444098.1.2229.undefined.Gab722LB.522,522,EU444098.1.2229.undefined.Gab722LB.522,52.11
EU444099.1.2230.undefined.-.589,589,EU444099.1.2230.undefined.-.589,52.8
EU444100.1.2231.undefined.-.625,625,EU444100.1.2231.undefined.-.625,57.12
EU444101.1.2232.undefined.Gab112LM.385,385,EU444101.1.2232.undefined.Gab112LM.385,52.73
EU444102.1.2233.undefined.Gab683LB.403,403,EU444102.1.2233.undefined.Gab683LB.403,51.86
EU444103.1.2234.undefined.Gab826LM.403,403,EU444103.1.2234.undefined.Gab826LM.403,51.86
EU444104.1.2235.undefined.Gab1144FC.403,403,EU444104.1.2235.undefined.Gab1144FC.403,51.86
EU444105.1.2236.undefined.Gab1058FC.403,403,EU444105.1.2236.undefined.Gab1058FC.403,51.61
EU444106.1.2237.undefined.Gab35LM.404,403,EU444106.1.2237.undefined.Gab35LM.404,51.61
EU444107.1.2238.undefined.Gab1392PG.404,404,EU444107.1.2238.undefined.Gab1392PG.404,51.49
EU444108.1.2239.undefined.Gab70LB.403,404,EU444108.1.2239.undefined.Gab70LB.403,51.24
EU444109.1.2240.undefined.Gab1008FC.402,403,EU444109.1.2240.undefined.Gab1008FC.402,51.36
EU444110.1.2241.undefined.Gab197LM,403,EU444110.1.2241.undefined.Gab197LM .403,52.85
EU444111.1.2242.undefined.Gab1123FC.402,402,EU444111.1.2242.undefined.Gab1123FC.402,52.49
EU444112.1.2243.undefined.Gab722LB.403,402,EU444112.1.2243.undefined.Gab722LB.403,52.49
EU444113.1.2244.undefined.Gab1014FC.402,403,EU444113.1.2244.undefined.Gab1014FC.402,52.11
EU444114.1.2245.undefined.Gab1037FC.403,401,EU444114.1.2245.undefined.Gab1037FC.403,52.37
EU444115.1.2246.undefined.Gab1314PG.402,402,EU444115.1.2246.undefined.Gab1314PG.402,52.24
EU444116.1.2247.undefined.Gab109LM.401,401,EU444116.1.2247.undefined.Gab109LM.401,52.37
EU444117.1.2248.undefined.Gab958LM.403,403,EU444117.1.2248.undefined.Gab958LM.403,52.36
EU444118.1.2249.undefined.Gab1089FC.402,402,EU444118.1.2249.undefined.Gab1089FC.402,52.49
EU622582.1.2250.undefined.ATL1.468,468,EU622582.1.2250.undefined.ATL1.468,52.56
EU622583.1.2251.undefined.ATL2.468,468,EU622583.1.2251.undefined.ATL2.468,53.42
EU622584.1.2252.undefined.BD1.488,488,EU622584.1.2252.undefined.BD1.488,52.25
EU622585.1.2253.undefined.BD2.488,488,EU622585.1.2253.undefined.BD2.488,53.39
EU622586.1.2254.undefined.BD3.491,491,EU622586.1.2254.undefined.BD3.491,52.95
EU622587.1.2255.undefined.BD4.491,491,EU622587.1.2255.undefined.BD4.491,53.97
EU622588.1.2256.undefined.BD7.487,487,EU622588.1.2256.undefined.BD7.487,52.77
EU622589.1.2257.undefined.BD8.481,481,EU622589.1.2257.undefined.BD8.481,52.6
EU622590.1.2258.undefined.BD10.472,472,EU622590.1.2258.undefined.BD10.472,54.03
EU622591.1.2259.undefined.BD11.458,458,EU622591.1.2259.undefined.BD11.458,53.93
EU622592.1.2260.undefined.BD12.468,468,EU622592.1.2260.undefined.BD12.468,53.21
EU622593.1.2261.undefined.BD13.511,511,EU622593.1.2261.undefined.BD13.511,53.53
EU622594.1.2262.undefined.BD14.480,480,EU622594.1.2262.undefined.BD14.480,52.4
EU622595.1.2263.undefined.BD15.468,468,EU622595.1.2263.undefined.BD15.468,53.21
EU622596.1.2264.undefined.BD16.467,467,EU622596.1.2264.undefined.BD16.467,53.1
EU622597.1.2265.undefined.BD17.483,483,EU622597.1.2265.undefined.BD17.483,52.8
EU622598.1.2266.undefined.IDU1.482,482,EU622598.1.2266.undefined.IDU1.482,52.9
EU622599.1.2267.undefined.DU6.488,488,EU622599.1.2267.undefined.DU6.488,52.66
EU622600.1.2268.undefined.FSW1.491,491,EU622600.1.2268.undefined.FSW1.491,52.55
EU622601.1.2269.undefined.FSW2.460,460,EU622601.1.2269.undefined.FSW2.460,50.43
EU622602.1.2270.undefined.FSW3.491,491,EU622602.1.2270.undefined.FSW3.491,52.95
EU622603.1.2271.undefined.FSW4.488,488,EU622603.1.2271.undefined.FSW4.488,52.66
EU622604.1.2272.undefined.FSW5.506,506,EU622604.1.2272.undefined.FSW5.506,52.77
EU622605.1.2273.undefined.FSW6.485,485,EU622605.1.2273.undefined.FSW6.485,52.58
EU622606.1.2274.undefined.IDU2.493,493,EU622606.1.2274.undefined.IDU2.493,53.55
EU622607.1.2275.undefined.IDU3.482,482,EU622607.1.2275.undefined.IDU3.482,53.73
EU622608.1.2276.undefined.IDU4.489,489,EU622608.1.2276.undefined.IDU4.489,53.37
EU622609.1.2277.undefined.MSM2.492,492,EU622609.1.2277.undefined.MSM2.492,52.64
EU622610.1.2278.undefined.MSM3.466,466,EU622610.1.2278.undefined.MSM3.466,54.29
EU622611.1.2279.undefined.MSM4.492,492,EU622611.1.2279.undefined.MSM4.492,53.46
EU622612.1.2280.undefined.Neu1.335,335,EU622612.1.2280.undefined.Neu1.335,54.93
EU622613.1.2281.undefined.Neu2.467,467,EU622613.1.2281.undefined.Neu2.467,53.53
EU622614.1.2282.undefined.Neu3.491,491,EU622614.1.2282.undefined.Neu3.491,53.56
EU622615.1.2283.undefined.Neu4.497,497,EU622615.1.2283.undefined.Neu4.497,53.12
EU622616.1.2284.undefined.Neu5.482,482,EU622616.1.2284.undefined.Neu5.482,53.53
EU622617.1.2285.undefined.Neu6.491,491,EU622617.1.2285.undefined.Neu6.491,52.75
EU622618.1.2286.undefined.Neu7.480,480,EU622618.1.2286.undefined.Neu7.480,53.75
EU622619.1.2287.undefined.Neu8.459,459,EU622619.1.2287.undefined.Neu8.459,53.38
EU622620.1.2288.undefined.Neu10.484,484,EU622620.1.2288.undefined.Neu10.484,53.51
EU622621.1.2289.undefined.Neu11.467,467,EU622621.1.2289.undefined.Neu11.467,53.53
EU622622.1.2290.undefined.Neu12.480,480,EU622622.1.2290.undefined.Neu12.480,53.75
EU622623.1.2291.undefined.Neu13.468,468,EU622623.1.2291.undefined.Neu13.468,53.42
EU622624.1.2292.undefined.PW1.483,483,EU622624.1.2292.undefined.PW1.483,53.21
EU622625.1.2293.undefined.PW2.485,485,EU622625.1.2293.undefined.PW2.485,53.4
EU649782.1.2294.undefined.-.8922,8922,EU649782.1.2294.undefined.-.8922,53.34
FJ751854.1.2295.undefined.J20.494,494,FJ751854.1.2295.undefined.J20.494,53.04
FJ751855.1.2296.undefined.J37.491,491,FJ751855.1.2296.undefined.J37.491,52.95
FJ751856.1.2297.undefined.J43.495,495,FJ751856.1.2297.undefined.J43.495,53.13
FJ751857.1.2298.undefined.J47.495,495,FJ751857.1.2298.undefined.J47.495,52.93
FJ751858.1.2299.undefined.J68.510,510,FJ751858.1.2299.undefined.J68.510,53.33
FJ751859.1.2300.undefined.J73.495,495,FJ751859.1.2300.undefined.J73.495,53.13
FJ751860.1.2301.undefined.J74.496,496,FJ751860.1.2301.undefined.J74.496,53.23
FJ751861.1.2302.undefined.J77.489,489,FJ751861.1.2302.undefined.J77.489,53.17
FJ751862.1.2303.undefined.J78.403,403,FJ751862.1.2303.undefined.J78.403,51.86
FJ751863.1.2304.undefined.J79.478,478,FJ751863.1.2304.undefined.J79.478,53.77
FJ853490.1.2305.undefined.FS150.719,719,FJ853490.1.2305.undefined.FS150.719,58.69
FJ853491.1.2306.undefined.FS84.719,719,FJ853491.1.2306.undefined.FS84.719,58.83
FJ911628.1.2307.undefined.BBD_2420.347,347,FJ911628.1.2307.undefined.BBD_2420.347,59.94
FJ911629.1.2308.undefined.BBD_2521.347,347,FJ911629.1.2308.undefined.BBD_2521.347,59.65
FJ911630.1.2309.undefined.BBD_2655.347,347,FJ911630.1.2309.undefined.BBD_2655.347,56.2
FJ911631.1.2310.undefined.BBD_2785.348,348,FJ911631.1.2310.undefined.BBD_2785.348,59.2
FJ911632.1.2311.undefined.BBD_2862.347,347,FJ911632.1.2311.undefined.BBD_2862.347,59.37
FJ911633.1.2312.undefined.BBD_3026.347,347,FJ911633.1.2312.undefined.BBD_3026.347,59.37
FJ911634.1.2313.undefined.BBD_3067.347,347,FJ911634.1.2313.undefined.BBD_3067.347,59.94
FJ911635.1.2314.undefined.BBD_3071.347,347,FJ911635.1.2314.undefined.BBD_3071.347,59.65
FJ911636.1.2315.undefined.BBD_3109.347,347,FJ911636.1.2315.undefined.BBD_3109.347,59.65
FJ911637.1.2316.undefined.BBD_3110.347,347,FJ911637.1.2316.undefined.BBD_3110.347,59.08
FJ911638.1.2317.undefined.BBD_3293.347,347,FJ911638.1.2317.undefined.BBD_3293.347,59.94
FJ911639.1.2318.undefined.BBD_3371.347,347,FJ911639.1.2318.undefined.BBD_3371.347,59.37
FJ911640.1.2319.undefined.BBD_3372.347,347,FJ911640.1.2319.undefined.BBD_3372.347,56.2
FJ911641.1.2320.undefined.BBD_3400.347,347,FJ911641.1.2320.undefined.BBD_3400.347,59.37
FJ911642.1.2321.undefined.BBD_3553.347,347,FJ911642.1.2321.undefined.BBD_3553.347,59.65
FJ911643.1.2322.undefined.-.436,436,FJ911643.1.2322.undefined.-.436,56.42
FJ911644.1.2323.undefined.-.436,436,FJ911644.1.2323.undefined.-.436,56.42
FJ911645.1.2324.undefined.-.437,437,FJ911645.1.2324.undefined.-.437,56.52
FJ911646.1.2325.undefined.-.436,436,FJ911646.1.2325.undefined.-.436,56.42
FJ911647.1.2326.undefined.-.436,436,FJ911647.1.2326.undefined.-.436,56.65
FJ911648.1.2327.undefined.-.436,436,FJ911648.1.2327.undefined.-.436,56.42
FJ911649.1.2328.undefined.-.436,436,FJ911649.1.2328.undefined.-.436,56.65
FJ911650.1.2329.undefined.-.436,436,FJ911650.1.2329.undefined.-.436,56.42
FJ911651.1.2330.undefined.-.437,437,FJ911651.1.2330.undefined.-.437,56.52
FJ911652.1.2331.undefined.-.436,436,FJ911652.1.2331.undefined.-.436,56.65
FJ911653.1.2332.undefined.-.437,437,FJ911653.1.2332.undefined.-.437,56.06
FJ911654.1.2333.undefined.-.450,450,FJ911654.1.2333.undefined.-.450,55.78
FJ911655.1.2334.undefined.-.436,436,FJ911655.1.2334.undefined.-.436,56.42
FJ911656.1.2335.undefined.-.436,436,FJ911656.1.2335.undefined.-.436,56.65
FJ911657.1.2336.undefined.-.436,436,FJ911657.1.2336.undefined.-.436,56.65
FJ911658.1.2337.undefined.-.468,468,FJ911658.1.2337.undefined.-.468,54.27
FJ911659.1.2338.undefined.-.757,757,FJ911659.1.2338.undefined.-.757,52.44
GN354040.1.2339.undefined.-.60,60,GN354040.1.2339.undefined.-.60,51.67
GN354042.1.2340.undefined.-.60,60,GN354042.1.2340.undefined.-.60,61.67
GN354044.1.2341.undefined.-.60,60,GN354044.1.2341.undefined.-.60,58.33
GN354045.1.2342.undefined.-.60,60,GN354045.1.2342.undefined.-.60,56.67
GN354046.1.2343.undefined.-.60,60,GN354046.1.2343.undefined.-.60,56.67
GN354047.1.2344.undefined.-.60,60,GN354047.1.2344.undefined.-.60,45.0
GN354048.1.2345.undefined.-.60,60,GN354048.1.2345.undefined.-.60,45.0
GN354049.1.2346.undefined.-.60,60,GN354049.1.2346.undefined.-.60,56.67
GN354050.1.2347.undefined.-.60,60,GN354050.1.2347.undefined.-.60,56.67
GN354051.1.2348.undefined.-.60,60,GN354051.1.2348.undefined.-.60,53.33
GN354052.1.2349.undefined.-.60,60,GN354052.1.2349.undefined.-.60,53.33
GN354053.1.2350.undefined.-.60,60,GN354053.1.2350.undefined.-.60,56.67
GN354054.1.2351.undefined.-.60,60,GN354054.1.2351.undefined.-.60,56.67
GN354055.1.2352.undefined.-.60,60,GN354055.1.2352.undefined.-.60,60.0
GN354056.1.2353.undefined.-.60,60,GN354056.1.2353.undefined.-.60,60.0
GN354057.1.2354.undefined.-.60,60,GN354057.1.2354.undefined.-.60,63.33
GN354058.1.2355.undefined.-.60,60,GN354058.1.2355.undefined.-.60,63.33
GN354059.1.2356.undefined.-.60,60,GN354059.1.2356.undefined.-.60,53.33
GN354060.1.2357.undefined.-.60,60,GN354060.1.2357.undefined.-.60,53.33
GN358826.1.2358.undefined.-.60,60,GN358826.1.2358.undefined.-.60,45.0
GQ330488.1.2359.undefined.-.625,625,GQ330488.1.2359.undefined.-.625,57.28
GQ330489.1.2360.undefined.-.625,625,GQ330489.1.2360.undefined.-.625,57.44
GQ330490.1.2361.undefined.-.625,625,GQ330490.1.2361.undefined.-.625,57.44
GQ330491.1.2362.undefined.-.625,625,GQ330491.1.2362.undefined.-.625,57.44
GQ330492.1.2363.undefined.-.625,625,GQ330492.1.2363.undefined.-.625,57.44
GQ330493.1.2364.undefined.-.625,625,GQ330493.1.2364.undefined.-.625,57.44
GQ330494.1.2365.undefined.-.625,625,GQ330494.1.2365.undefined.-.625,57.44
GQ330495.1.2366.undefined.-.625,625,GQ330495.1.2366.undefined.-.625,57.44
GQ330496.1.2367.undefined.-.625,625,GQ330496.1.2367.undefined.-.625,57.44
GQ330497.1.2368.undefined.Pyl37.522,522,GQ330497.1.2368.undefined.Pyl37.522,52.49
GQ330498.1.2369.undefined.Pyl42.522,522,GQ330498.1.2369.undefined.Pyl42.522,52.49
GQ330499.1.2370.undefined.Pyl40.522,522,GQ330499.1.2370.undefined.Pyl40.522,51.15
GQ330500.1.2371.undefined.Pyl114.522,522,GQ330500.1.2371.undefined.Pyl114.522,52.49
GQ330501.1.2372.undefined.Pyl151.522,522,GQ330501.1.2372.undefined.Pyl151.522,51.15
GQ344413.1.2373.undefined.-.482,482,GQ344413.1.2373.undefined.-.482,53.73
GQ344413.1,508,GQ344413.1,53.61
GQ344414.1.2375.undefined.-.481,481,GQ344414.1.2375.undefined.-.481,54.47
GQ344414.1,507,GQ344414.1,54.34
GQ344415.1.2377.undefined.Gab-14H.481,481,GQ344415.1.2377.undefined.Gab-14H.481,54.26
GQ344416.1.2378.undefined.Gab-49H.481,481,GQ344416.1.2378.undefined.Gab-49H.481,54.26
GQ344417.1.2379.undefined.Gab-59H.481,481,GQ344417.1.2379.undefined.Gab-59H.481,54.68
GQ344418.1.2380.undefined.Gab-87H,482,GQ344418.1.2380.undefined.Gab-87H .482,53.53
GQ344419.1.2381.undefined.Gab-16H.482,482,GQ344419.1.2381.undefined.Gab-16H.482,55.39
GQ344420.1.2382.undefined.Gab-MKB51.483,483,GQ344420.1.2382.undefined.Gab-MKB51.483,55.49
GQ344421.1.2383.undefined.Gab-MKB51CC.483,483,GQ344421.1.2383.undefined.Gab-MKB51CC.483,55.49
GQ344423.1.2384.undefined.Gab-MKB4.482,482,GQ344423.1.2384.undefined.Gab-MKB4.482,53.94
GQ344424.1.2385.undefined.Gab-MKB8.481,481,GQ344424.1.2385.undefined.Gab-MKB8.481,53.64
GQ344425.1.2386.undefined.Gab-MKB11.480,480,GQ344425.1.2386.undefined.Gab-MKB11.480,53.96
GQ344426.1.2387.undefined.Gab-MKB17.481,481,GQ344426.1.2387.undefined.Gab-MKB17.481,53.64
GQ344427.1.2388.undefined.Gab-MKB19.479,479,GQ344427.1.2388.undefined.Gab-MKB19.479,53.86
GQ344428.1.2389.undefined.Gab-MKB20.482,482,GQ344428.1.2389.undefined.Gab-MKB20.482,53.73
GQ344429.1.2390.undefined.Gab-MKB24.483,483,GQ344429.1.2390.undefined.Gab-MKB24.483,53.62
GQ344430.1.2391.undefined.Gab-MKB26.480,480,GQ344430.1.2391.undefined.Gab-MKB26.480,54.17
GQ344431.1.2392.undefined.Gab-MKB27.482,482,GQ344431.1.2392.undefined.Gab-MKB27.482,53.73
GQ344432.1.2393.undefined.Gab-MKB38.482,482,GQ344432.1.2393.undefined.Gab-MKB38.482,53.53
GQ344433.1.2394.undefined.Gab-MKB43.482,482,GQ344433.1.2394.undefined.Gab-MKB43.482,53.73
GQ344434.1.2395.undefined.Gab-MKB43CC.482,482,GQ344434.1.2395.undefined.Gab-MKB43CC.482,53.73
GQ344435.1.2396.undefined.Gab-MKB50.480,480,GQ344435.1.2396.undefined.Gab-MKB50.480,54.37
GQ344436.1.2397.undefined.Gab-MKB56.480,480,GQ344436.1.2397.undefined.Gab-MKB56.480,54.37
GQ344437.1.2398.undefined.Gab-MKB57.480,480,GQ344437.1.2398.undefined.Gab-MKB57.480,54.37
GQ344438.1.2399.undefined.Gab-MKB59.482,482,GQ344438.1.2399.undefined.Gab-MKB59.482,53.53
GQ344439.1.2400.undefined.Gab-MKB66.482,482,GQ344439.1.2400.undefined.Gab-MKB66.482,53.94
GQ344440.1.2401.undefined.Gab-MKB76.480,480,GQ344440.1.2401.undefined.Gab-MKB76.480,54.17
GQ344441.1.2402.undefined.Gab-MKB78.480,480,GQ344441.1.2402.undefined.Gab-MKB78.480,53.96
GQ344442.1.2403.undefined.Gab-MKB79.482,482,GQ344442.1.2403.undefined.Gab-MKB79.482,53.73
GQ344443.1.2404.undefined.Gab-MKB81.482,482,GQ344443.1.2404.undefined.Gab-MKB81.482,53.32
GQ344444.1.2405.undefined.Gab-MKB84.482,482,GQ344444.1.2405.undefined.Gab-MKB84.482,53.94
GQ344445.1.2406.undefined.Gab-MKB85.481,481,GQ344445.1.2406.undefined.Gab-MKB85.481,54.26
GQ344446.1.2407.undefined.Gab-1H.522,522,GQ344446.1.2407.undefined.Gab-1H.522,51.92
GQ344447.1.2408.undefined.Gab-5H.522,522,GQ344447.1.2408.undefined.Gab-5H.522,52.11
GQ344448.1.2409.undefined.Gab-14H.522,522,GQ344448.1.2409.undefined.Gab-14H.522,52.49
GQ344449.1.2410.undefined.Gab-49H.522,522,GQ344449.1.2410.undefined.Gab-49H.522,52.49
GQ344450.1.2411.undefined.Gab-59H.522,522,GQ344450.1.2411.undefined.Gab-59H.522,52.11
GQ344451.1.2412.undefined.Gab-87H.522,522,GQ344451.1.2412.undefined.Gab-87H.522,51.34
GQ344452.1.2413.undefined.Gab-16H.522,522,GQ344452.1.2413.undefined.Gab-16H.522,52.3
GQ344453.1.2414.undefined.Gab-MKB51.522,522,GQ344453.1.2414.undefined.Gab-MKB51.522,52.3
GQ344454.1.2415.undefined.Gab-MKB51CC.522,522,GQ344454.1.2415.undefined.Gab-MKB51CC.522,52.3
GQ344456.1.2416.undefined.Gab-MKB4.522,522,GQ344456.1.2416.undefined.Gab-MKB4.522,51.72
GQ344457.1.2417.undefined.Gab-MKB8.522,522,GQ344457.1.2417.undefined.Gab-MKB8.522,51.15
GQ344458.1.2418.undefined.Gab-MKB11.522,522,GQ344458.1.2418.undefined.Gab-MKB11.522,52.49
GQ344459.1.2419.undefined.Gab-MKB17.522,522,GQ344459.1.2419.undefined.Gab-MKB17.522,51.92
GQ344460.1.2420.undefined.Gab-MKB20.522,522,GQ344460.1.2420.undefined.Gab-MKB20.522,51.53
GQ344461.1.2421.undefined.Gab-MKB24.522,522,GQ344461.1.2421.undefined.Gab-MKB24.522,51.92
GQ344462.1.2422.undefined.Gab-MKB27.522,522,GQ344462.1.2422.undefined.Gab-MKB27.522,51.92
GQ344463.1.2423.undefined.Gab-MKB38.522,522,GQ344463.1.2423.undefined.Gab-MKB38.522,51.92
GQ344464.1.2424.undefined.Gab-MKB43.522,522,GQ344464.1.2424.undefined.Gab-MKB43.522,51.72
GQ344465.1.2425.undefined.Gab-MKB50.522,522,GQ344465.1.2425.undefined.Gab-MKB50.522,51.72
GQ344466.1.2426.undefined.Gab-MKB57.522,522,GQ344466.1.2426.undefined.Gab-MKB57.522,52.49
GQ344467.1.2427.undefined.Gab-MKB59.522,522,GQ344467.1.2427.undefined.Gab-MKB59.522,52.11
GQ344468.1.2428.undefined.Gab-MKB66.522,522,GQ344468.1.2428.undefined.Gab-MKB66.522,51.92
GQ344469.1.2429.undefined.Gab-MKB76.522,522,GQ344469.1.2429.undefined.Gab-MKB76.522,52.49
GQ344470.1.2430.undefined.Gab-MKB78.522,522,GQ344470.1.2430.undefined.Gab-MKB78.522,52.3
GQ344471.1.2431.undefined.Gab-MKB81.522,522,GQ344471.1.2431.undefined.Gab-MKB81.522,51.92
GQ344472.1.2432.undefined.Gab-MKB84.522,522,GQ344472.1.2432.undefined.Gab-MKB84.522,51.92
GQ344473.1.2433.undefined.Gab-MKB85,522,GQ344473.1.2433.undefined.Gab-MKB85 .522,52.49
GQ344474.1.2434.undefined.Gab-MKB43CC,522,GQ344474.1.2434.undefined.Gab-MKB43CC .522,51.72
GQ354434.1.2435.undefined.BABR3132.362,362,GQ354434.1.2435.undefined.BABR3132.362,55.25
GQ354435.1.2436.undefined.BABR0982.362,362,GQ354435.1.2436.undefined.BABR0982.362,54.14
GQ354436.1.2437.undefined.BABR72.362,362,GQ354436.1.2437.undefined.BABR72.362,54.7
GQ354437.1.2438.undefined.BABR991.362,362,GQ354437.1.2438.undefined.BABR991.362,54.7
GQ354438.1.2439.undefined.BABR2224.362,362,GQ354438.1.2439.undefined.BABR2224.362,54.7
GQ354439.1.2440.undefined.BABR0136.362,362,GQ354439.1.2440.undefined.BABR0136.362,55.25
GQ354440.1.2441.undefined.BABR394.362,362,GQ354440.1.2441.undefined.BABR394.362,55.25
GQ354441.1.2442.undefined.BABR1790.362,362,GQ354441.1.2442.undefined.BABR1790.362,54.7
GQ354442.1.2443.undefined.BABR290.362,362,GQ354442.1.2443.undefined.BABR290.362,54.97
GQ354443.1.2444.undefined.BABR531.363,363,GQ354443.1.2444.undefined.BABR531.363,55.1
GQ354444.1.2445.undefined.BABR1237.362,362,GQ354444.1.2445.undefined.BABR1237.362,54.42
GQ354445.1.2446.undefined.BABR1669.363,363,GQ354445.1.2446.undefined.BABR1669.363,54.55
GQ354446.1.2447.undefined.BABR1513.363,363,GQ354446.1.2447.undefined.BABR1513.363,54.82
GQ354447.1.2448.undefined.BABR423.362,362,GQ354447.1.2448.undefined.BABR423.362,54.97
GQ354448.1.2449.undefined.BABR1359.362,362,GQ354448.1.2449.undefined.BABR1359.362,54.97
GQ354449.1.2450.undefined.BABR2041.362,362,GQ354449.1.2450.undefined.BABR2041.362,54.97
GQ354450.1.2451.undefined.BABR526.362,362,GQ354450.1.2451.undefined.BABR526.362,54.97
GQ354451.1.2452.undefined.FNN94.362,362,GQ354451.1.2452.undefined.FNN94.362,54.97
GQ354452.1.2453.undefined.BA123070.362,362,GQ354452.1.2453.undefined.BA123070.362,54.97
GQ354453.1.2454.undefined.BA155630.362,362,GQ354453.1.2454.undefined.BA155630.362,54.97
GQ354454.1.2455.undefined.BA115000.362,362,GQ354454.1.2455.undefined.BA115000.362,54.42
GQ354455.1.2456.undefined.BABR3140.363,363,GQ354455.1.2456.undefined.BABR3140.363,54.55
GQ354456.1.2457.undefined.BABR3115.362,362,GQ354456.1.2457.undefined.BABR3115.362,54.97
GQ354457.1.2458.undefined.BABR3173.362,362,GQ354457.1.2458.undefined.BABR3173.362,54.97
GQ354458.1.2459.undefined.BABR1792.362,362,GQ354458.1.2459.undefined.BABR1792.362,54.42
GQ354459.1.2460.undefined.BABR2441.362,362,GQ354459.1.2460.undefined.BABR2441.362,55.52
GQ354460.1.2461.undefined.BABR1599.362,362,GQ354460.1.2461.undefined.BABR1599.362,55.25
GQ354461.1.2462.undefined.BABR2713.362,362,GQ354461.1.2462.undefined.BABR2713.362,54.42
GQ354462.1.2463.undefined.BABR2986.363,363,GQ354462.1.2463.undefined.BABR2986.363,54.82
GQ354463.1.2464.undefined.BABR643.362,362,GQ354463.1.2464.undefined.BABR643.362,55.25
GQ354464.1.2465.undefined.BABR1851.362,362,GQ354464.1.2465.undefined.BABR1851.362,54.42
GQ354465.1.2466.undefined.BABR2091.362,362,GQ354465.1.2466.undefined.BABR2091.362,54.97
GQ354466.1.2467.undefined.BABR1764.362,362,GQ354466.1.2467.undefined.BABR1764.362,54.7
GQ354467.1.2468.undefined.BABR2095.362,362,GQ354467.1.2468.undefined.BABR2095.362,54.7
GQ354468.1.2469.undefined.BABR2151.362,362,GQ354468.1.2469.undefined.BABR2151.362,54.97
GQ354469.1.2470.undefined.BABR1909.362,362,GQ354469.1.2470.undefined.BABR1909.362,54.7
GQ354470.1.2471.undefined.BABR1741.362,362,GQ354470.1.2471.undefined.BABR1741.362,54.97
GQ354471.1.2472.undefined.BABR1759.362,362,GQ354471.1.2472.undefined.BABR1759.362,54.97
GQ354472.1.2473.undefined.BABR1910.362,362,GQ354472.1.2473.undefined.BABR1910.362,55.25
GQ354473.1.2474.undefined.BABR1982.364,364,GQ354473.1.2474.undefined.BABR1982.364,54.67
GQ354474.1.2475.undefined.BABR2142.361,361,GQ354474.1.2475.undefined.BABR2142.361,54.85
GQ354475.1.2476.undefined.BABR1260.362,362,GQ354475.1.2476.undefined.BABR1260.362,55.25
GQ354476.1.2477.undefined.BABR2177.362,362,GQ354476.1.2477.undefined.BABR2177.362,55.25
GQ354477.1.2478.undefined.BABR275.362,362,GQ354477.1.2478.undefined.BABR275.362,55.25
GQ354478.1.2479.undefined.AC204.363,363,GQ354478.1.2479.undefined.AC204.363,54.82
GQ354479.1.2480.undefined.BABR3632.362,362,GQ354479.1.2480.undefined.BABR3632.362,54.7
GQ354480.1.2481.undefined.BABR3511.362,362,GQ354480.1.2481.undefined.BABR3511.362,54.97
GQ354481.1.2482.undefined.BABR620.362,362,GQ354481.1.2482.undefined.BABR620.362,55.25
GQ354482.1.2483.undefined.BABR1389.362,362,GQ354482.1.2483.undefined.BABR1389.362,54.7
GQ354483.1.2484.undefined.BABR3488.362,362,GQ354483.1.2484.undefined.BABR3488.362,55.25
GQ354484.1.2485.undefined.BABR3517.362,362,GQ354484.1.2485.undefined.BABR3517.362,55.25
GQ354485.1.2486.undefined.BABR1438.362,362,GQ354485.1.2486.undefined.BABR1438.362,55.25
GQ354486.1.2487.undefined.BABR1603.362,362,GQ354486.1.2487.undefined.BABR1603.362,55.25
GQ354487.1.2488.undefined.BABR1709.362,362,GQ354487.1.2488.undefined.BABR1709.362,55.25
GQ354488.1.2489.undefined.BABR3417.362,362,GQ354488.1.2489.undefined.BABR3417.362,54.97
GQ354489.1.2490.undefined.BABR2819.362,362,GQ354489.1.2490.undefined.BABR2819.362,55.25
GQ354490.1.2491.undefined.BABR2294.362,362,GQ354490.1.2491.undefined.BABR2294.362,54.97
GQ354491.1.2492.undefined.BABR2672.362,362,GQ354491.1.2492.undefined.BABR2672.362,54.97
GQ354492.1.2493.undefined.BABR2674.362,362,GQ354492.1.2493.undefined.BABR2674.362,55.25
GQ354493.1.2494.undefined.BABR3510.362,362,GQ354493.1.2494.undefined.BABR3510.362,54.97
GQ354494.1.2495.undefined.BABR3518.362,362,GQ354494.1.2495.undefined.BABR3518.362,55.25
GQ354495.1.2496.undefined.BABR2707.362,362,GQ354495.1.2496.undefined.BABR2707.362,54.97
GQ354496.1.2497.undefined.BABR3637.363,363,GQ354496.1.2497.undefined.BABR3637.363,54.55
GQ354497.1.2498.undefined.BABR3698.362,362,GQ354497.1.2498.undefined.BABR3698.362,55.25
GQ354498.1.2499.undefined.BABR3591.362,362,GQ354498.1.2499.undefined.BABR3591.362,54.97
GQ354499.1.2500.undefined.BABR3714.362,362,GQ354499.1.2500.undefined.BABR3714.362,54.97
GQ354500.1.2501.undefined.BABR1504.363,363,GQ354500.1.2501.undefined.BABR1504.363,54.82
GQ354501.1.2502.undefined.BABR619.362,362,GQ354501.1.2502.undefined.BABR619.362,55.25
GQ354502.1.2503.undefined.BABR1911.362,362,GQ354502.1.2503.undefined.BABR1911.362,54.42
GQ354503.1.2504.undefined.BABR870.362,362,GQ354503.1.2504.undefined.BABR870.362,54.7
GQ354504.1.2505.undefined.BABR911.362,362,GQ354504.1.2505.undefined.BABR911.362,54.97
GQ354505.1.2506.undefined.BABR885.362,362,GQ354505.1.2506.undefined.BABR885.362,54.7
GQ354506.1.2507.undefined.BABR664.362,362,GQ354506.1.2507.undefined.BABR664.362,55.25
GQ354507.1.2508.undefined.BABR1921.363,363,GQ354507.1.2508.undefined.BABR1921.363,54.82
GQ354508.1.2509.undefined.BABR965.363,363,GQ354508.1.2509.undefined.BABR965.363,54.55
GQ354509.1.2510.undefined.BABR2946.362,362,GQ354509.1.2510.undefined.BABR2946.362,54.97
GQ354510.1.2511.undefined.BABR2470.363,363,GQ354510.1.2511.undefined.BABR2470.363,54.55
GQ354511.1.2512.undefined.BABR1480.363,363,GQ354511.1.2512.undefined.BABR1480.363,54.82
GQ354512.1.2513.undefined.BABR944.362,362,GQ354512.1.2513.undefined.BABR944.362,54.7
GQ354513.1.2514.undefined.BABR721.363,363,GQ354513.1.2514.undefined.BABR721.363,54.55
GQ354514.1.2515.undefined.BABR945.362,362,GQ354514.1.2515.undefined.BABR945.362,55.25
GQ354515.1.2516.undefined.FNN172.362,362,GQ354515.1.2516.undefined.FNN172.362,54.97
GQ354516.1.2517.undefined.FNN150.362,362,GQ354516.1.2517.undefined.FNN150.362,54.97
GQ354517.1.2518.undefined.FNN165.362,362,GQ354517.1.2518.undefined.FNN165.362,55.25
GQ354518.1.2519.undefined.FNN171.362,362,GQ354518.1.2519.undefined.FNN171.362,55.25
GQ354519.1.2520.undefined.FNN47.363,363,GQ354519.1.2520.undefined.FNN47.363,55.1
GQ354520.1.2521.undefined.FNN164.362,362,GQ354520.1.2521.undefined.FNN164.362,55.25
GQ354521.1.2522.undefined.FNN169.362,362,GQ354521.1.2522.undefined.FNN169.362,55.25
GQ354522.1.2523.undefined.FNN170.362,362,GQ354522.1.2523.undefined.FNN170.362,54.97
GQ354523.1.2524.undefined.FNN174.363,363,GQ354523.1.2524.undefined.FNN174.363,54.55
GQ354524.1.2525.undefined.FNN40.363,363,GQ354524.1.2525.undefined.FNN40.363,54.55
GQ443748.1.2526.undefined.BS130.642,642,GQ443748.1.2526.undefined.BS130.642,58.88
GQ443749.1.2527.undefined.BS071.642,642,GQ443749.1.2527.undefined.BS071.642,58.88
GQ443750.1.2528.undefined.BS131.647,647,GQ443750.1.2528.undefined.BS131.647,58.89
GQ443751.1.2529.undefined.BS001.644,644,GQ443751.1.2529.undefined.BS001.644,58.85
GQ443752.1.2530.undefined.BS007.640,640,GQ443752.1.2530.undefined.BS007.640,58.91
GQ443753.1.2531.undefined.BS132.644,644,GQ443753.1.2531.undefined.BS132.644,58.85
GQ443754.1.2532.undefined.BS006.640,640,GQ443754.1.2532.undefined.BS006.640,58.91
GQ443755.1.2533.undefined.K344.645,645,GQ443755.1.2533.undefined.K344.645,58.91
GQ443756.1.2534.undefined.K710.659,659,GQ443756.1.2534.undefined.K710.659,59.48
GQ443757.1.2535.undefined.K535.641,641,GQ443757.1.2535.undefined.K535.641,59.59
GQ463602.1.2536.undefined.-.8913,8913,GQ463602.1.2536.undefined.-.8913,52.07
GU126474.1.2537.undefined.ES-P9.608,608,GU126474.1.2537.undefined.ES-P9.608,59.38
GU126475.1.2538.undefined.ES-P7.606,606,GU126475.1.2538.undefined.ES-P7.606,59.08
GU126476.1.2539.undefined.ES-P4a.621,621,GU126476.1.2539.undefined.ES-P4a.621,59.42
GU126477.1.2540.undefined.ES-P6.597,597,GU126477.1.2540.undefined.ES-P6.597,59.56
GU126478.1.2541.undefined.ES-P8.597,597,GU126478.1.2541.undefined.ES-P8.597,59.63
GU126479.1.2542.undefined.ES-P4b.616,616,GU126479.1.2542.undefined.ES-P4b.616,59.25
GU126480.1.2543.undefined.ES-P10.598,598,GU126480.1.2543.undefined.ES-P10.598,59.7
GU126481.1.2544.undefined.ES-P3.590,590,GU126481.1.2544.undefined.ES-P3.590,59.83
GU126482.1.2545.undefined.ES-P1.540,540,GU126482.1.2545.undefined.ES-P1.540,58.33
GU126483.1.2546.undefined.ES-P2.611,611,GU126483.1.2546.undefined.ES-P2.611,59.74
GU126484.1.2547.undefined.ES-P9.1414,1414,GU126484.1.2547.undefined.ES-P9.1414,51.34
GU126485.1.2548.undefined.ES-P7.1420,1420,GU126485.1.2548.undefined.ES-P7.1420,51.76
GU126486.1.2549.undefined.ES-P6.1418,1418,GU126486.1.2549.undefined.ES-P6.1418,51.41
GU126487.1.2550.undefined.ES-P4b.1200,1200,GU126487.1.2550.undefined.ES-P4b.1200,51.42
GU126488.1.2551.undefined.ES-P10.1418,1418,GU126488.1.2551.undefined.ES-P10.1418,51.69
GU126489.1.2552.undefined.ES-P2.1424,1424,GU126489.1.2552.undefined.ES-P2.1424,51.47
GU126490.1.2553.undefined.ES-P5.1406,1406,GU126490.1.2553.undefined.ES-P5.1406,51.71
GU181409.1.2554.undefined.101.590,590,GU181409.1.2554.undefined.101.590,59.83
GU181410.1.2555.undefined.102.540,540,GU181410.1.2555.undefined.102.540,58.33
GU181411.1.2556.undefined.103.590,590,GU181411.1.2556.undefined.103.590,59.15
GU181412.1.2557.undefined.104.611,611,GU181412.1.2557.undefined.104.611,59.41
GU181413.1.2558.undefined.105.619,619,GU181413.1.2558.undefined.105.619,59.45
GU181414.1.2559.undefined.106.623,623,GU181414.1.2559.undefined.106.623,59.74
GU181415.1.2560.undefined.107.616,616,GU181415.1.2560.undefined.107.616,58.6
GU181416.1.2561.undefined.108.608,608,GU181416.1.2561.undefined.108.608,59.64
GU181417.1.2562.undefined.109.610,610,GU181417.1.2562.undefined.109.610,60.43
GU181418.1.2563.undefined.110.615,615,GU181418.1.2563.undefined.110.615,59.84
GU194504.1.2564.undefined.-.664,664,GU194504.1.2564.undefined.-.664,58.73
GU194504.1,689,GU194504.1,58.65
GU194505.1.2566.undefined.-.664,664,GU194505.1.2566.undefined.-.664,58.43
GU194505.1,688,GU194505.1,58.35
GU194506.1.2568.undefined.-.664,664,GU194506.1.2568.undefined.-.664,58.73
GU194506.1,689,GU194506.1,58.65
GU194507.1.2570.undefined.217MZ.649,649,GU194507.1.2570.undefined.217MZ.649,58.55
GU194508.1.2571.undefined.284MZ.649,649,GU194508.1.2571.undefined.284MZ.649,58.86
GU194509.1.2572.undefined.1180MZ.646,646,GU194509.1.2572.undefined.1180MZ.646,58.2
GU194510.1.2573.undefined.605MZ.651,651,GU194510.1.2573.undefined.605MZ.651,58.99
GU194511.1.2574.undefined.260MZ.648,648,GU194511.1.2574.undefined.260MZ.648,58.49
GU194512.1.2575.undefined.1522MZ.643,643,GU194512.1.2575.undefined.1522MZ.643,59.25
GU194513.1.2576.undefined.525MZ.624,624,GU194513.1.2576.undefined.525MZ.624,59.29
GU194514.1.2577.undefined.36MZ.566,566,GU194514.1.2577.undefined.36MZ.566,59.54
GU194515.1.2578.undefined.584MZ.628,628,GU194515.1.2578.undefined.584MZ.628,59.39
GU194516.1.2579.undefined.661MZ.636,636,GU194516.1.2579.undefined.661MZ.636,59.43
GU194517.1.2580.undefined.778MZ.642,642,GU194517.1.2580.undefined.778MZ.642,59.35
GU194518.1.2581.undefined.583MZ.635,635,GU194518.1.2581.undefined.583MZ.635,59.21
GU194519.1.2582.undefined.-.633,633,GU194519.1.2582.undefined.-.633,58.77
GU194519.1,659,GU194519.1,58.68
GU194520.1.2584.undefined.-.640,640,GU194520.1.2584.undefined.-.640,59.38
GU194520.1,665,GU194520.1,59.28
GU194521.1.2586.undefined.-.621,621,GU194521.1.2586.undefined.-.621,59.42
GU194521.1,646,GU194521.1,59.32
GU194522.1.2588.undefined.-.574,574,GU194522.1.2588.undefined.-.574,59.06
GU194522.1,598,GU194522.1,58.96
GU194523.1.2590.undefined.-.593,593,GU194523.1.2590.undefined.-.593,58.01
GU194524.1.2591.undefined.-.595,595,GU194524.1.2591.undefined.-.595,58.32
GU194524.1,620,GU194524.1,58.22
GU194525.1.2593.undefined.-.595,595,GU194525.1.2593.undefined.-.595,58.32
GU194525.1,620,GU194525.1,58.22
GU194526.1.2595.undefined.-.594,594,GU194526.1.2595.undefined.-.594,58.08
GU194526.1,619,GU194526.1,57.98
GU194527.1.2597.undefined.-.598,598,GU194527.1.2597.undefined.-.598,58.36
GU194527.1,623,GU194527.1,58.26
GU194528.1.2599.undefined.-.589,589,GU194528.1.2599.undefined.-.589,59.08
GU194528.1,614,GU194528.1,58.98
GU212848.1.2601.undefined.-.625,625,GU212848.1.2601.undefined.-.625,57.28
GU212849.1.2602.undefined.-.625,625,GU212849.1.2602.undefined.-.625,57.28
GU212850.1.2603.undefined.-.625,625,GU212850.1.2603.undefined.-.625,57.12
GU212851.1.2604.undefined.-.625,625,GU212851.1.2604.undefined.-.625,56.96
GU212852.1.2605.undefined.-.625,625,GU212852.1.2605.undefined.-.625,56.96
GU212853.1.2606.undefined.-.625,625,GU212853.1.2606.undefined.-.625,56.96
GU212854.1.2607.undefined.-.8953,8953,GU212854.1.2607.undefined.-.8953,53.87
GU225731.1.2608.undefined.FS67.791,791,GU225731.1.2608.undefined.FS67.791,58.41
GU225732.1.2609.undefined.FS157.802,802,GU225732.1.2609.undefined.FS157.802,58.23
GU225733.1.2610.undefined.-.457,457,GU225733.1.2610.undefined.-.457,59.3
GU391297.1.2611.undefined.Cam1806LE.384,384,GU391297.1.2611.undefined.Cam1806LE.384,59.11
GU391298.1.2612.undefined.Cam1902AB.384,384,GU391298.1.2612.undefined.Cam1902AB.384,59.38
GU391299.1.2613.undefined.Cam1806LE.548,548,GU391299.1.2613.undefined.Cam1806LE.548,58.03
GU391300.1.2614.undefined.Cam1902AB.547,547,GU391300.1.2614.undefined.Cam1902AB.547,59.23
GU433203.1.2615.undefined.-.390,390,GU433203.1.2615.undefined.-.390,57.95
GU433204.1.2616.undefined.-.391,391,GU433204.1.2616.undefined.-.391,57.8
GU433205.1.2617.undefined.-.390,390,GU433205.1.2617.undefined.-.390,57.95
GU433206.1.2618.undefined.-.391,391,GU433206.1.2618.undefined.-.391,57.8
GU433207.1.2619.undefined.-.391,391,GU433207.1.2619.undefined.-.391,57.8
GU433208.1.2620.undefined.-.391,391,GU433208.1.2620.undefined.-.391,57.8
GU433209.1.2621.undefined.-.390,390,GU433209.1.2621.undefined.-.390,58.21
GU433210.1.2622.undefined.-.391,391,GU433210.1.2622.undefined.-.391,58.06
GU433211.1.2623.undefined.-.390,390,GU433211.1.2623.undefined.-.390,57.95
GU433212.1.2624.undefined.-.390,390,GU433212.1.2624.undefined.-.390,58.21
GU433213.1.2625.undefined.-.390,390,GU433213.1.2625.undefined.-.390,58.21
GU573730.1.2626.undefined.-.458,458,GU573730.1.2626.undefined.-.458,56.99
GU573731.1.2627.undefined.-.458,458,GU573731.1.2627.undefined.-.458,57.21
GU573732.1.2628.undefined.-.458,458,GU573732.1.2628.undefined.-.458,56.77
GU573733.1.2629.undefined.-.458,458,GU573733.1.2629.undefined.-.458,56.99
GU573734.1.2630.undefined.-.458,458,GU573734.1.2630.undefined.-.458,56.99
GU573735.1.2631.undefined.-.458,458,GU573735.1.2631.undefined.-.458,57.21
GU573736.1.2632.undefined.-.458,458,GU573736.1.2632.undefined.-.458,56.99
GU573737.1.2633.undefined.-.458,458,GU573737.1.2633.undefined.-.458,57.21
GU573738.1.2634.undefined.-.458,458,GU573738.1.2634.undefined.-.458,57.21
GU573739.1.2635.undefined.-.458,458,GU573739.1.2635.undefined.-.458,56.77
GU573740.1.2636.undefined.-.458,458,GU573740.1.2636.undefined.-.458,56.99
GU573741.1.2637.undefined.-.458,458,GU573741.1.2637.undefined.-.458,56.77
GU573742.1.2638.undefined.-.458,458,GU573742.1.2638.undefined.-.458,56.77
GU573743.1.2639.undefined.-.458,458,GU573743.1.2639.undefined.-.458,56.99
GU586109.1.2640.undefined.-.777,777,GU586109.1.2640.undefined.-.777,51.48
GU586110.1.2641.undefined.-.777,777,GU586110.1.2641.undefined.-.777,51.61
GU586111.1.2642.undefined.-.777,777,GU586111.1.2642.undefined.-.777,51.74
GU586112.1.2643.undefined.-.777,777,GU586112.1.2643.undefined.-.777,51.74
GU586113.1.2644.undefined.-.777,777,GU586113.1.2644.undefined.-.777,51.61
GU586114.1.2645.undefined.-.777,777,GU586114.1.2645.undefined.-.777,51.61
GU586115.1.2646.undefined.-.777,777,GU586115.1.2646.undefined.-.777,51.61
GU586116.1.2647.undefined.-.777,777,GU586116.1.2647.undefined.-.777,51.48
GU586117.1.2648.undefined.-.777,777,GU586117.1.2648.undefined.-.777,51.74
GU586118.1.2649.undefined.-.777,777,GU586118.1.2649.undefined.-.777,51.48
GU586119.1.2650.undefined.-.777,777,GU586119.1.2650.undefined.-.777,51.61
GU586120.1.2651.undefined.-.777,777,GU586120.1.2651.undefined.-.777,51.74
GU586121.1.2652.undefined.-.390,390,GU586121.1.2652.undefined.-.390,58.21
GU591294.1.2653.undefined.-.993,993,GU591294.1.2653.undefined.-.993,53.17
GU591295.1.2654.undefined.-.993,993,GU591295.1.2654.undefined.-.993,52.97
GU591296.1.2655.undefined.-.993,993,GU591296.1.2655.undefined.-.993,53.17
GU591297.1.2656.undefined.-.993,993,GU591297.1.2656.undefined.-.993,53.17
GU591298.1.2657.undefined.-.993,993,GU591298.1.2657.undefined.-.993,53.17
GU591299.1.2658.undefined.-.993,993,GU591299.1.2658.undefined.-.993,53.27
GU591300.1.2659.undefined.-.993,993,GU591300.1.2659.undefined.-.993,53.17
GU591301.1.2660.undefined.-.993,993,GU591301.1.2660.undefined.-.993,52.87
GU591302.1.2661.undefined.-.993,993,GU591302.1.2661.undefined.-.993,53.27
GU591303.1.2662.undefined.-.993,993,GU591303.1.2662.undefined.-.993,53.17
GU591304.1.2663.undefined.-.993,993,GU591304.1.2663.undefined.-.993,53.07
GU591305.1.2664.undefined.-.993,993,GU591305.1.2664.undefined.-.993,53.17
GU725032.1.2665.undefined.902.522,522,GU725032.1.2665.undefined.902.522,51.92
GU725033.1.2666.undefined.1502.522,522,GU725033.1.2666.undefined.1502.522,51.92
GU725034.1.2667.undefined.6101.522,522,GU725034.1.2667.undefined.6101.522,52.49
GU725035.1.2668.undefined.202.522,522,GU725035.1.2668.undefined.202.522,51.72
GU725036.1.2669.undefined.11502.522,522,GU725036.1.2669.undefined.11502.522,52.11
GU725037.1.2670.undefined.7002.522,522,GU725037.1.2670.undefined.7002.522,52.11
GU725038.1.2671.undefined.2402.522,522,GU725038.1.2671.undefined.2402.522,52.11
GU725039.1.2672.undefined.2002.522,522,GU725039.1.2672.undefined.2002.522,51.72
GU725040.1.2673.undefined.12702.522,522,GU725040.1.2673.undefined.12702.522,52.3
GU725041.1.2674.undefined.9002.522,522,GU725041.1.2674.undefined.9002.522,51.92
GU725042.1.2675.undefined.7202.522,522,GU725042.1.2675.undefined.7202.522,52.68
GU725043.1.2676.undefined.5602.522,522,GU725043.1.2676.undefined.5602.522,52.11
GU725044.1.2677.undefined.3202.522,522,GU725044.1.2677.undefined.3202.522,52.11
GU725045.1.2678.undefined.402.522,522,GU725045.1.2678.undefined.402.522,51.92
GU725046.1.2679.undefined.2602.522,522,GU725046.1.2679.undefined.2602.522,52.11
GU725047.1.2680.undefined.4502.522,522,GU725047.1.2680.undefined.4502.522,52.3
GU725048.1.2681.undefined.1702.522,522,GU725048.1.2681.undefined.1702.522,51.72
GU725049.1.2682.undefined.502.522,522,GU725049.1.2682.undefined.502.522,52.68
GU725050.1.2683.undefined.2702.522,522,GU725050.1.2683.undefined.2702.522,51.92
GU725051.1.2684.undefined.2202.522,522,GU725051.1.2684.undefined.2202.522,52.11
GU725052.1.2685.undefined.1602.522,522,GU725052.1.2685.undefined.1602.522,51.92
GU725053.1.2686.undefined.302.522,522,GU725053.1.2686.undefined.302.522,51.92
GU725054.1.2687.undefined.4702.522,522,GU725054.1.2687.undefined.4702.522,52.11
HE667747.1.2688.undefined.-.575,575,HE667747.1.2688.undefined.-.575,58.09
HE667748.1.2689.undefined.-.503,503,HE667748.1.2689.undefined.-.503,58.65
HE667749.1.2690.undefined.-.551,551,HE667749.1.2690.undefined.-.551,57.89
HE667750.1.2691.undefined.-.497,497,HE667750.1.2691.undefined.-.497,57.86
HE667751.1.2692.undefined.-.497,497,HE667751.1.2692.undefined.-.497,58.75
HE667752.1.2693.undefined.-.503,503,HE667752.1.2693.undefined.-.503,58.65
HE667753.1.2694.undefined.-.575,575,HE667753.1.2694.undefined.-.575,57.32
HE667754.1.2695.undefined.-.543,543,HE667754.1.2695.undefined.-.543,58.38
HE667755.1.2696.undefined.-.571,571,HE667755.1.2696.undefined.-.571,57.62
HE667756.1.2697.undefined.-.484,484,HE667756.1.2697.undefined.-.484,58.47
HE667760.1.2698.undefined.-.470,470,HE667760.1.2698.undefined.-.470,52.13
HE667761.1.2699.undefined.-.431,431,HE667761.1.2699.undefined.-.431,51.04
HE667762.1.2700.undefined.-.488,488,HE667762.1.2700.undefined.-.488,52.66
HE667763.1.2701.undefined.-.428,428,HE667763.1.2701.undefined.-.428,49.53
HE667764.1.2702.undefined.-.428,428,HE667764.1.2702.undefined.-.428,49.88
HE667765.1.2703.undefined.-.501,501,HE667765.1.2703.undefined.-.501,52.89
HE667766.1.2704.undefined.-.495,495,HE667766.1.2704.undefined.-.495,51.52
HE667767.1.2705.undefined.-.432,432,HE667767.1.2705.undefined.-.432,50.46
HE667768.1.2706.undefined.-.438,438,HE667768.1.2706.undefined.-.438,50.91
HE667769.1.2707.undefined.-.473,473,HE667769.1.2707.undefined.-.473,53.28
HH963925.1.2708.undefined.-.44,44,HH963925.1.2708.undefined.-.44,56.82
HH963926.1.2709.undefined.-.44,44,HH963926.1.2709.undefined.-.44,45.45
HM592620.1.2710.undefined.-.332,332,HM592620.1.2710.undefined.-.332,55.42
HM592621.1.2711.undefined.-.332,332,HM592621.1.2711.undefined.-.332,55.72
HM592622.1.2712.undefined.-.332,332,HM592622.1.2712.undefined.-.332,54.82
HM770390.1.2713.undefined.-.1065,1065,HM770390.1.2713.undefined.-.1065,52.58
HM770391.1.2714.undefined.-.1065,1065,HM770391.1.2714.undefined.-.1065,52.63
HM770392.1.2715.undefined.-.1065,1065,HM770392.1.2715.undefined.-.1065,52.58
HM770393.1.2716.undefined.-.1065,1065,HM770393.1.2716.undefined.-.1065,52.63
HM770394.1.2717.undefined.-.1065,1065,HM770394.1.2717.undefined.-.1065,52.63
HM770395.1.2718.undefined.-.1065,1065,HM770395.1.2718.undefined.-.1065,52.58
HM770396.1.2719.undefined.-.1065,1065,HM770396.1.2719.undefined.-.1065,52.68
HM770397.1.2720.undefined.-.1065,1065,HM770397.1.2720.undefined.-.1065,52.58
HM770398.1.2721.undefined.-.1065,1065,HM770398.1.2721.undefined.-.1065,52.58
HM770399.1.2722.undefined.-.1065,1065,HM770399.1.2722.undefined.-.1065,52.58
HM770400.1.2723.undefined.-.1065,1065,HM770400.1.2723.undefined.-.1065,52.68
HM770401.1.2724.undefined.-.1065,1065,HM770401.1.2724.undefined.-.1065,52.02
HM770402.1.2725.undefined.-.1065,1065,HM770402.1.2725.undefined.-.1065,52.58
HM770403.1.2726.undefined.-.1065,1065,HM770403.1.2726.undefined.-.1065,52.58
HM770404.1.2727.undefined.-.1065,1065,HM770404.1.2727.undefined.-.1065,52.54
HM770405.1.2728.undefined.-.1065,1065,HM770405.1.2728.undefined.-.1065,52.63
HM770406.1.2729.undefined.-.1065,1065,HM770406.1.2729.undefined.-.1065,52.58
HM770407.1.2730.undefined.-.1065,1065,HM770407.1.2730.undefined.-.1065,52.58
HM770408.1.2731.undefined.-.1065,1065,HM770408.1.2731.undefined.-.1065,52.68
HM770409.1.2732.undefined.-.1065,1065,HM770409.1.2732.undefined.-.1065,52.68
HM770410.1.2733.undefined.-.1065,1065,HM770410.1.2733.undefined.-.1065,52.58
HM770411.1.2734.undefined.-.1065,1065,HM770411.1.2734.undefined.-.1065,52.58
HM770412.1.2735.undefined.-.1065,1065,HM770412.1.2735.undefined.-.1065,52.49
HM770413.1.2736.undefined.-.1065,1065,HM770413.1.2736.undefined.-.1065,52.68
HM770414.1.2737.undefined.-.972,972,HM770414.1.2737.undefined.-.972,52.98
HM770415.1.2738.undefined.-.972,972,HM770415.1.2738.undefined.-.972,52.98
HM770416.1.2739.undefined.-.1065,1065,HM770416.1.2739.undefined.-.1065,52.68
HM770417.1.2740.undefined.-.1065,1065,HM770417.1.2740.undefined.-.1065,52.58
HM770418.1.2741.undefined.-.1065,1065,HM770418.1.2741.undefined.-.1065,52.68
HM770419.1.2742.undefined.-.1065,1065,HM770419.1.2742.undefined.-.1065,52.58
HM770420.1.2743.undefined.-.1065,1065,HM770420.1.2743.undefined.-.1065,52.49
HM770421.1.2744.undefined.-.1065,1065,HM770421.1.2744.undefined.-.1065,52.77
HM770422.1.2745.undefined.-.1065,1065,HM770422.1.2745.undefined.-.1065,52.77
HM770423.1.2746.undefined.-.1065,1065,HM770423.1.2746.undefined.-.1065,52.77
HM770424.1.2747.undefined.-.1065,1065,HM770424.1.2747.undefined.-.1065,52.77
HM770425.1.2748.undefined.-.1065,1065,HM770425.1.2748.undefined.-.1065,52.68
HM770426.1.2749.undefined.BRLO14-02.705,705,HM770426.1.2749.undefined.BRLO14-02.705,52.34
HM770427.1.2750.undefined.BRLO15-02,705,HM770427.1.2750.undefined.BRLO15-02 .705,51.91
HM770428.1.2751.undefined.BRLO34-02.705,705,HM770428.1.2751.undefined.BRLO34-02.705,51.63
HM770429.1.2752.undefined.BRLO47-02,705,HM770429.1.2752.undefined.BRLO47-02 .705,52.34
HM770430.1.2753.undefined.BRLO48-02,705,HM770430.1.2753.undefined.BRLO48-02 .705,52.06
HM770431.1.2754.undefined.BRSP01-10,705,HM770431.1.2754.undefined.BRSP01-10 .705,52.06
HM770432.1.2755.undefined.BRSP134-08,705,HM770432.1.2755.undefined.BRSP134-08 .705,52.34
HM770433.1.2756.undefined.BRSP145-08,705,HM770433.1.2756.undefined.BRSP145-08 .705,51.77
HM770434.1.2757.undefined.BRSP205-09,705,HM770434.1.2757.undefined.BRSP205-09 .705,51.91
HM770435.1.2758.undefined.BRSP206-08,705,HM770435.1.2758.undefined.BRSP206-08 .705,52.34
HM770436.1.2759.undefined.BRSP232-08,705,HM770436.1.2759.undefined.BRSP232-08 .705,52.06
HM770437.1.2760.undefined.BRSP320-09,705,HM770437.1.2760.undefined.BRSP320-09 .705,51.63
HM770438.1.2761.undefined.BRSP42-09,705,HM770438.1.2761.undefined.BRSP42-09 .705,52.34
HM770439.1.2762.undefined.BRSP414-09,705,HM770439.1.2762.undefined.BRSP414-09 .705,52.06
HM770440.1.2763.undefined.BRSP425-09,705,HM770440.1.2763.undefined.BRSP425-09 .705,52.34
HM770441.1.2764.undefined.-.705,705,HM770441.1.2764.undefined.-.705,51.91
HM770441.1,731,HM770441.1,51.84
HQ606137.1.2766.undefined.1066/05.9039,9039,HQ606137.1.2766.undefined.1066/05.9039,53.93
,9129,,53.89
HQ606138.1.2767.undefined.1067/05.9039,9039,HQ606138.1.2767.undefined.1067/05.9039,53.91
HQ897950.1.2768.undefined.nag-113,404,HQ897950.1.2768.undefined.nag-113 .404,42.57
HV039670.1.2769.undefined.-.501,501,HV039670.1.2769.undefined.-.501,52.69
HZ098646.1.2770.undefined.-.288,288,HZ098646.1.2770.undefined.-.288,62.15
HZ454544.1.2771.undefined.-.1467,1467,HZ454544.1.2771.undefined.-.1467,51.4
HZ454547.1.2772.undefined.-.1461,1461,HZ454547.1.2772.undefined.-.1461,51.81
J02028.1.2773.undefined.-.221,221,J02028.1.2773.undefined.-.221,64.25
J02029.1.2774.undefined.ATK-1.9068,9068,J02029.1.2774.undefined.ATK-1.9068,53.87
JC241914.1.2775.undefined.-.1467,1467,JC241914.1.2775.undefined.-.1467,50.51
JC241916.1.2776.undefined.-.1461,1461,JC241916.1.2776.undefined.-.1461,51.81
JC241918.1.2777.undefined.-.1458,1458,JC241918.1.2777.undefined.-.1458,54.32
JC241960.1.2778.undefined.-.276,276,JC241960.1.2778.undefined.-.276,52.54
JC241962.1.2779.undefined.-.273,273,JC241962.1.2779.undefined.-.273,48.72
JC241964.1.2780.undefined.-.270,270,JC241964.1.2780.undefined.-.270,57.41
JF267941.1.2781.undefined.-.755,755,JF267941.1.2781.undefined.-.755,57.62
JF267942.1.2782.undefined.-.755,755,JF267942.1.2782.undefined.-.755,57.75
JF267943.1.2783.undefined.-.755,755,JF267943.1.2783.undefined.-.755,57.88
JF267944.1.2784.undefined.-.756,756,JF267944.1.2784.undefined.-.756,57.67
JF267945.1.2785.undefined.-.756,756,JF267945.1.2785.undefined.-.756,57.67
JF267946.1.2786.undefined.-.756,756,JF267946.1.2786.undefined.-.756,58.07
JF267947.1.2787.undefined.-.756,756,JF267947.1.2787.undefined.-.756,57.8
JF267948.1.2788.undefined.-.756,756,JF267948.1.2788.undefined.-.756,57.94
JF267949.1.2789.undefined.-.756,756,JF267949.1.2789.undefined.-.756,57.94
JF267950.1.2790.undefined.-.756,756,JF267950.1.2790.undefined.-.756,57.94
JF267951.1.2791.undefined.-.756,756,JF267951.1.2791.undefined.-.756,57.8
JF270481.1.2792.undefined.-.466,466,JF270481.1.2792.undefined.-.466,54.51
JF270482.1.2793.undefined.-.466,466,JF270482.1.2793.undefined.-.466,54.72
JF270483.1.2794.undefined.-.466,466,JF270483.1.2794.undefined.-.466,54.51
JF270484.1.2795.undefined.-.466,466,JF270484.1.2795.undefined.-.466,53.86
JF270485.1.2796.undefined.-.467,467,JF270485.1.2796.undefined.-.467,53.53
JF270486.1.2797.undefined.-.467,467,JF270486.1.2797.undefined.-.467,53.53
JF270487.1.2798.undefined.-.466,466,JF270487.1.2798.undefined.-.466,54.29
JF270488.1.2799.undefined.-.466,466,JF270488.1.2799.undefined.-.466,54.29
JF270489.1.2800.undefined.-.467,467,JF270489.1.2800.undefined.-.467,54.39
JF270490.1.2801.undefined.-.464,464,JF270490.1.2801.undefined.-.464,54.53
JF270491.1.2802.undefined.-.466,466,JF270491.1.2802.undefined.-.466,54.72
JF270492.1.2803.undefined.-.466,466,JF270492.1.2803.undefined.-.466,53.43
JF270493.1.2804.undefined.-.467,467,JF270493.1.2804.undefined.-.467,53.53
JF270494.1.2805.undefined.-.467,467,JF270494.1.2805.undefined.-.467,54.18
JF270495.1.2806.undefined.-.467,467,JF270495.1.2806.undefined.-.467,53.1
JF270496.1.2807.undefined.-.467,467,JF270496.1.2807.undefined.-.467,53.75
JF270497.1.2808.undefined.-.467,467,JF270497.1.2808.undefined.-.467,55.03
JF270498.1.2809.undefined.-.465,465,JF270498.1.2809.undefined.-.465,54.19
JF270499.1.2810.undefined.-.465,465,JF270499.1.2810.undefined.-.465,54.19
JF270500.1.2811.undefined.-.466,466,JF270500.1.2811.undefined.-.466,54.08
JF270501.1.2812.undefined.-.466,466,JF270501.1.2812.undefined.-.466,54.29
JF270502.1.2813.undefined.-.466,466,JF270502.1.2813.undefined.-.466,54.72
JF270503.1.2814.undefined.-.467,467,JF270503.1.2814.undefined.-.467,53.75
JF270504.1.2815.undefined.-.466,466,JF270504.1.2815.undefined.-.466,54.29
JF270505.1.2816.undefined.-.467,467,JF270505.1.2816.undefined.-.467,54.18
JF270506.1.2817.undefined.-.467,467,JF270506.1.2817.undefined.-.467,53.53
JF270507.1.2818.undefined.-.466,466,JF270507.1.2818.undefined.-.466,54.94
JF270508.1.2819.undefined.-.465,465,JF270508.1.2819.undefined.-.465,54.41
JF270509.1.2820.undefined.-.466,466,JF270509.1.2820.undefined.-.466,54.51
JF270510.1.2821.undefined.-.461,461,JF270510.1.2821.undefined.-.461,54.66
JF270511.1.2822.undefined.-.465,465,JF270511.1.2822.undefined.-.465,54.62
JF270512.1.2823.undefined.-.466,466,JF270512.1.2823.undefined.-.466,54.29
JF270513.1.2824.undefined.-.466,466,JF270513.1.2824.undefined.-.466,54.08
JF270514.1.2825.undefined.-.466,466,JF270514.1.2825.undefined.-.466,54.08
JF270515.1.2826.undefined.-.466,466,JF270515.1.2826.undefined.-.466,55.36
JF270516.1.2827.undefined.-.466,466,JF270516.1.2827.undefined.-.466,54.29
JF270517.1.2828.undefined.-.467,467,JF270517.1.2828.undefined.-.467,55.25
JF270518.1.2829.undefined.-.466,466,JF270518.1.2829.undefined.-.466,54.29
JF270519.1.2830.undefined.-.466,466,JF270519.1.2830.undefined.-.466,54.29
JF270520.1.2831.undefined.-.466,466,JF270520.1.2831.undefined.-.466,54.51
JF270521.1.2832.undefined.-.467,467,JF270521.1.2832.undefined.-.467,53.96
JF270522.1.2833.undefined.-.467,467,JF270522.1.2833.undefined.-.467,53.32
JF270523.1.2834.undefined.-.465,465,JF270523.1.2834.undefined.-.465,54.41
JF270524.1.2835.undefined.-.467,467,JF270524.1.2835.undefined.-.467,53.1
JF270525.1.2836.undefined.-.467,467,JF270525.1.2836.undefined.-.467,54.39
JF270526.1.2837.undefined.-.467,467,JF270526.1.2837.undefined.-.467,53.96
JF270527.1.2838.undefined.-.467,467,JF270527.1.2838.undefined.-.467,53.96
JF270528.1.2839.undefined.-.467,467,JF270528.1.2839.undefined.-.467,54.39
JF270529.1.2840.undefined.-.466,466,JF270529.1.2840.undefined.-.466,55.15
JF270530.1.2841.undefined.-.467,467,JF270530.1.2841.undefined.-.467,53.75
JF270531.1.2842.undefined.-.468,468,JF270531.1.2842.undefined.-.468,54.49
JF270532.1.2843.undefined.-.467,467,JF270532.1.2843.undefined.-.467,53.96
JF270533.1.2844.undefined.-.467,467,JF270533.1.2844.undefined.-.467,54.18
JF270534.1.2845.undefined.-.468,468,JF270534.1.2845.undefined.-.468,53.63
JF270535.1.2846.undefined.-.466,466,JF270535.1.2846.undefined.-.466,53.65
JF270536.1.2847.undefined.-.466,466,JF270536.1.2847.undefined.-.466,54.08
JF270537.1.2848.undefined.-.467,467,JF270537.1.2848.undefined.-.467,53.96
JF270538.1.2849.undefined.-.467,467,JF270538.1.2849.undefined.-.467,53.96
JF270539.1.2850.undefined.-.466,466,JF270539.1.2850.undefined.-.466,54.72
JF270540.1.2851.undefined.-.464,464,JF270540.1.2851.undefined.-.464,54.31
JF270541.1.2852.undefined.-.466,466,JF270541.1.2852.undefined.-.466,54.08
JF270542.1.2853.undefined.-.462,462,JF270542.1.2853.undefined.-.462,53.9
JF270543.1.2854.undefined.-.466,466,JF270543.1.2854.undefined.-.466,54.51
JF270544.1.2855.undefined.-.466,466,JF270544.1.2855.undefined.-.466,54.72
JF270545.1.2856.undefined.-.422,422,JF270545.1.2856.undefined.-.422,56.16
JF270546.1.2857.undefined.-.466,466,JF270546.1.2857.undefined.-.466,54.51
JF270547.1.2858.undefined.-.467,467,JF270547.1.2858.undefined.-.467,53.32
JF270548.1.2859.undefined.-.465,465,JF270548.1.2859.undefined.-.465,54.84
JF270549.1.2860.undefined.-.465,465,JF270549.1.2860.undefined.-.465,54.62
JF270550.1.2861.undefined.-.409,409,JF270550.1.2861.undefined.-.409,50.61
JF270551.1.2862.undefined.-.466,466,JF270551.1.2862.undefined.-.466,54.51
JF270552.1.2863.undefined.-.467,467,JF270552.1.2863.undefined.-.467,53.32
JF270553.1.2864.undefined.-.467,467,JF270553.1.2864.undefined.-.467,54.6
JF270554.1.2865.undefined.-.467,467,JF270554.1.2865.undefined.-.467,54.82
JF270555.1.2866.undefined.-.466,466,JF270555.1.2866.undefined.-.466,54.94
JF270556.1.2867.undefined.-.466,466,JF270556.1.2867.undefined.-.466,54.51
JF270557.1.2868.undefined.-.466,466,JF270557.1.2868.undefined.-.466,54.51
JF270558.1.2869.undefined.-.465,465,JF270558.1.2869.undefined.-.465,54.41
JF270559.1.2870.undefined.-.466,466,JF270559.1.2870.undefined.-.466,54.51
JF270560.1.2871.undefined.-.467,467,JF270560.1.2871.undefined.-.467,54.6
JF270561.1.2872.undefined.-.467,467,JF270561.1.2872.undefined.-.467,53.96
JF270562.1.2873.undefined.-.466,466,JF270562.1.2873.undefined.-.466,54.29
JF270563.1.2874.undefined.-.467,467,JF270563.1.2874.undefined.-.467,54.6
JF270564.1.2875.undefined.-.416,416,JF270564.1.2875.undefined.-.416,56.49
JF270565.1.2876.undefined.-.465,465,JF270565.1.2876.undefined.-.465,54.41
JF270566.1.2877.undefined.-.465,465,JF270566.1.2877.undefined.-.465,54.41
JF270567.1.2878.undefined.-.467,467,JF270567.1.2878.undefined.-.467,54.6
JF270568.1.2879.undefined.-.466,466,JF270568.1.2879.undefined.-.466,54.29
JF270569.1.2880.undefined.-.466,466,JF270569.1.2880.undefined.-.466,53.86
JF270570.1.2881.undefined.-.467,467,JF270570.1.2881.undefined.-.467,53.75
JF270571.1.2882.undefined.-.466,466,JF270571.1.2882.undefined.-.466,54.51
JF270572.1.2883.undefined.-.466,466,JF270572.1.2883.undefined.-.466,54.29
JF270573.1.2884.undefined.-.467,467,JF270573.1.2884.undefined.-.467,53.32
JF270574.1.2885.undefined.-.467,467,JF270574.1.2885.undefined.-.467,54.39
JF270575.1.2886.undefined.-.466,466,JF270575.1.2886.undefined.-.466,54.29
JF270576.1.2887.undefined.-.466,466,JF270576.1.2887.undefined.-.466,54.29
JF270577.1.2888.undefined.-.466,466,JF270577.1.2888.undefined.-.466,54.72
JF270578.1.2889.undefined.-.467,467,JF270578.1.2889.undefined.-.467,53.32
JF270579.1.2890.undefined.-.467,467,JF270579.1.2890.undefined.-.467,52.89
JF270580.1.2891.undefined.-.467,467,JF270580.1.2891.undefined.-.467,53.53
JF270581.1.2892.undefined.-.466,466,JF270581.1.2892.undefined.-.466,54.08
JF270582.1.2893.undefined.-.466,466,JF270582.1.2893.undefined.-.466,54.94
JF270583.1.2894.undefined.-.467,467,JF270583.1.2894.undefined.-.467,53.75
JF270584.1.2895.undefined.-.467,467,JF270584.1.2895.undefined.-.467,53.1
JF270585.1.2896.undefined.-.406,406,JF270585.1.2896.undefined.-.406,52.22
JF270586.1.2897.undefined.-.467,467,JF270586.1.2897.undefined.-.467,53.53
JF270587.1.2898.undefined.-.466,466,JF270587.1.2898.undefined.-.466,54.51
JF270588.1.2899.undefined.-.467,467,JF270588.1.2899.undefined.-.467,53.96
JF270589.1.2900.undefined.-.466,466,JF270589.1.2900.undefined.-.466,54.94
JF270590.1.2901.undefined.-.465,465,JF270590.1.2901.undefined.-.465,54.62
JF270591.1.2902.undefined.-.465,465,JF270591.1.2902.undefined.-.465,54.62
JF270592.1.2903.undefined.-.568,568,JF270592.1.2903.undefined.-.568,57.75
JF270593.1.2904.undefined.-.602,602,JF270593.1.2904.undefined.-.602,57.48
JF270594.1.2905.undefined.-.602,602,JF270594.1.2905.undefined.-.602,57.31
JF270595.1.2906.undefined.-.589,589,JF270595.1.2906.undefined.-.589,52.97
JF270596.1.2907.undefined.-.589,589,JF270596.1.2907.undefined.-.589,52.97
JF270597.1.2908.undefined.-.589,589,JF270597.1.2908.undefined.-.589,52.97
JF271836.1.2909.undefined.BRLO14-02,731,JF271836.1.2909.undefined.BRLO14-02 .732,58.82
JF271837.1.2910.undefined.BRLO15-02,731,JF271837.1.2910.undefined.BRLO15-02 .731,58.28
JF271838.1.2911.undefined.BRLO30-02,731,JF271838.1.2911.undefined.BRLO30-02 .731,58.28
JF271839.1.2912.undefined.BRLO34-02.731,731,JF271839.1.2912.undefined.BRLO34-02.731,58.14
JF271840.1.2913.undefined.BRLO37-02,731,JF271840.1.2913.undefined.BRLO37-02 .731,58.63
JF271841.1.2914.undefined.BRLO47-02,731,JF271841.1.2914.undefined.BRLO47-02 .731,59.1
JF271842.1.2915.undefined.BRLO48-02,731,JF271842.1.2915.undefined.BRLO48-02 .731,58.55
JF271843.1.2916.undefined.BRSP134-08,731,JF271843.1.2916.undefined.BRSP134-08 .731,58.9
JF271844.1.2917.undefined.BRSP145-08,731,JF271844.1.2917.undefined.BRSP145-08 .731,58.69
JF271845.1.2918.undefined.BRSP206-08,731,JF271845.1.2918.undefined.BRSP206-08 .731,58.96
JF271846.1.2919.undefined.BRSP232-08,731,JF271846.1.2919.undefined.BRSP232-08 .731,58.55
JF271847.1.2920.undefined.BRSP42-09,731,JF271847.1.2920.undefined.BRSP42-09 .731,58.82
JF271848.1.2921.undefined.BRSP205-09,731,JF271848.1.2921.undefined.BRSP205-09 .731,58.55
JF271849.1.2922.undefined.BRSP320-09,731,JF271849.1.2922.undefined.BRSP320-09 .731,58.14
JF271850.1.2923.undefined.BRSP414-09,731,JF271850.1.2923.undefined.BRSP414-09 .731,58.55
JF271851.1.2924.undefined.BRSP425-09,731,JF271851.1.2924.undefined.BRSP425-09 .731,58.82
JF271852.1.2925.undefined.BRSP01-10,731,JF271852.1.2925.undefined.BRSP01-10 .731,58.55
JF271853.1.2926.undefined.MZ9-08,731,JF271853.1.2926.undefined.MZ9-08 .731,58.41
JN222942.1.2927.undefined.-.631,631,JN222942.1.2927.undefined.-.631,57.37
JN222943.1.2928.undefined.-.645,645,JN222943.1.2928.undefined.-.645,57.21
JN222944.1.2929.undefined.-.629,629,JN222944.1.2929.undefined.-.629,57.71
JN222945.1.2930.undefined.-.635,635,JN222945.1.2930.undefined.-.635,57.01
JN222946.1.2931.undefined.-.645,645,JN222946.1.2931.undefined.-.645,57.05
JN222947.1.2932.undefined.-.635,635,JN222947.1.2932.undefined.-.635,57.64
JN222948.1.2933.undefined.-.644,644,JN222948.1.2933.undefined.-.644,57.45
JN222949.1.2934.undefined.-.596,596,JN222949.1.2934.undefined.-.596,57.89
JN222950.1.2935.undefined.-.609,609,JN222950.1.2935.undefined.-.609,58.29
JN222951.1.2936.undefined.-.640,640,JN222951.1.2936.undefined.-.640,57.34
JN222952.1.2937.undefined.-.640,640,JN222952.1.2937.undefined.-.640,57.34
JN222953.1.2938.undefined.-.626,626,JN222953.1.2938.undefined.-.626,57.51
JN222954.1.2939.undefined.-.650,650,JN222954.1.2939.undefined.-.650,57.38
JN222955.1.2940.undefined.-.618,618,JN222955.1.2940.undefined.-.618,57.44
JN222956.1.2941.undefined.-.597,597,JN222956.1.2941.undefined.-.597,57.29
JN222957.1.2942.undefined.-.613,613,JN222957.1.2942.undefined.-.613,57.91
JN222958.1.2943.undefined.-.638,638,JN222958.1.2943.undefined.-.638,57.37
JN222959.1.2944.undefined.-.612,612,JN222959.1.2944.undefined.-.612,57.03
JN222960.1.2945.undefined.-.641,641,JN222960.1.2945.undefined.-.641,57.1
JN222961.1.2946.undefined.-.603,603,JN222961.1.2946.undefined.-.603,57.38
JN222962.1.2947.undefined.-.609,609,JN222962.1.2947.undefined.-.609,57.47
JN222963.1.2948.undefined.-.611,611,JN222963.1.2948.undefined.-.611,58.59
JN222964.1.2949.undefined.-.637,637,JN222964.1.2949.undefined.-.637,57.3
JN222965.1.2950.undefined.-.609,609,JN222965.1.2950.undefined.-.609,57.31
JN222966.1.2951.undefined.-.601,601,JN222966.1.2951.undefined.-.601,57.57
JN222967.1.2952.undefined.-.600,600,JN222967.1.2952.undefined.-.600,58.17
JN247455.1.2953.undefined.09IDSKAH-1-1.317,317,JN247455.1.2953.undefined.09IDSKAH-1-1.317,54.57
JN247456.1.2954.undefined.09IDSKAH-1-2.317,317,JN247456.1.2954.undefined.09IDSKAH-1-2.317,54.57
JN247457.1.2955.undefined.09IDSKAH-1-3.317,317,JN247457.1.2955.undefined.09IDSKAH-1-3.317,54.57
JN247458.1.2956.undefined.-.666,666,JN247458.1.2956.undefined.-.666,57.36
JN247459.1.2957.undefined.-.666,666,JN247459.1.2957.undefined.-.666,57.36
JN247460.1.2958.undefined.-.666,666,JN247460.1.2958.undefined.-.666,57.51
JN247461.1.2959.undefined.-.666,666,JN247461.1.2959.undefined.-.666,57.06
JN247462.1.2960.undefined.-.666,666,JN247462.1.2960.undefined.-.666,57.51
JN655856.1.2961.undefined.Caio4634.773,773,JN655856.1.2961.undefined.Caio4634.773,58.21
JN655857.1.2962.undefined.Caio4635.794,794,JN655857.1.2962.undefined.Caio4635.794,57.81
JN655858.1,835,JN655858.1 .2963.undefined.Caio4647.835,57.49
JN655859.1.2964.undefined.Caio4650.446,446,JN655859.1.2964.undefined.Caio4650.446,54.93
JN655860.1.2965.undefined.Caio4658.831,831,JN655860.1.2965.undefined.Caio4658.831,57.28
JN655861.1.2966.undefined.Caio4659.833,833,JN655861.1.2966.undefined.Caio4659.833,57.38
JN655862.1.2967.undefined.Caio4671.769,769,JN655862.1.2967.undefined.Caio4671.769,57.74
JN655863.1.2968.undefined.Caio4676.766,766,JN655863.1.2968.undefined.Caio4676.766,58.22
JN655864.1.2969.undefined.Caio4702.798,798,JN655864.1.2969.undefined.Caio4702.798,58.15
JN655865.1.2970.undefined.Caio4743.831,831,JN655865.1.2970.undefined.Caio4743.831,57.52
JN655866.1.2971.undefined.Caio4745.685,685,JN655866.1.2971.undefined.Caio4745.685,58.69
JN655867.1.2972.undefined.Caio4757.737,737,JN655867.1.2972.undefined.Caio4757.737,58.34
JN655868.1.2973.undefined.Caio4758.832,832,JN655868.1.2973.undefined.Caio4758.832,57.45
JN655869.1.2974.undefined.Caio4768.831,831,JN655869.1.2974.undefined.Caio4768.831,57.76
JN655870.1.2975.undefined.Caio4769.448,448,JN655870.1.2975.undefined.Caio4769.448,55.13
JN655871.1.2976.undefined.Caio4799.786,786,JN655871.1.2976.undefined.Caio4799.786,58.52
JN655872.1.2977.undefined.Caio4801.832,832,JN655872.1.2977.undefined.Caio4801.832,57.57
JN887698.1.2978.undefined.BRLO14-02.1059,1059,JN887698.1.2978.undefined.BRLO14-02.1059,53.54
JN887699.1.2979.undefined.BRLO15-02.1059,1059,JN887699.1.2979.undefined.BRLO15-02.1059,53.45
JN887700.1.2980.undefined.BRLO34-02.1059,1059,JN887700.1.2980.undefined.BRLO34-02.1059,53.54
JN887701.1.2981.undefined.BRLO37-02.1059,1059,JN887701.1.2981.undefined.BRLO37-02.1059,53.73
JN887702.1.2982.undefined.BRLO48-02.1059,1059,JN887702.1.2982.undefined.BRLO48-02.1059,53.64
JN887703.1.2983.undefined.BRSP134-08.1059,1059,JN887703.1.2983.undefined.BRSP134-08.1059,53.54
JN887704.1.2984.undefined.-.1059,1059,JN887704.1.2984.undefined.-.1059,53.54
JN887705.1.2985.undefined.BRSP206-08.1059,1059,JN887705.1.2985.undefined.BRSP206-08.1059,53.54
JN887706.1.2986.undefined.-.1059,1059,JN887706.1.2986.undefined.-.1059,53.45
JN887707.1.2987.undefined.BRSP42-09.1059,1059,JN887707.1.2987.undefined.BRSP42-09.1059,53.54
JN887708.1.2988.undefined.-.1059,1059,JN887708.1.2988.undefined.-.1059,53.64
JN887709.1.2989.undefined.BRSP320-09.1059,1059,JN887709.1.2989.undefined.BRSP320-09.1059,53.54
JN887710.1.2990.undefined.BRSP414-09.1059,1059,JN887710.1.2990.undefined.BRSP414-09.1059,53.45
JN887711.1.2991.undefined.-.1059,1059,JN887711.1.2991.undefined.-.1059,53.73
JN887712.1.2992.undefined.-.1068,1068,JN887712.1.2992.undefined.-.1068,52.72
JN887713.1.2993.undefined.-.1068,1068,JN887713.1.2993.undefined.-.1068,52.53
JN887714.1.2994.undefined.-.1068,1068,JN887714.1.2994.undefined.-.1068,52.72
JN887715.1.2995.undefined.-.1068,1068,JN887715.1.2995.undefined.-.1068,52.72
JN887716.1.2996.undefined.-.1068,1068,JN887716.1.2996.undefined.-.1068,52.81
JN887717.1.2997.undefined.-.1068,1068,JN887717.1.2997.undefined.-.1068,52.53
JN887718.1.2998.undefined.-.1068,1068,JN887718.1.2998.undefined.-.1068,52.72
JN887719.1.2999.undefined.-.1068,1068,JN887719.1.2999.undefined.-.1068,52.72
JN887720.1.3000.undefined.-.1068,1068,JN887720.1.3000.undefined.-.1068,52.81
JN887721.1.3001.undefined.-.1068,1068,JN887721.1.3001.undefined.-.1068,52.72
JN887722.1.3002.undefined.-.1068,1068,JN887722.1.3002.undefined.-.1068,52.72
JN887723.1.3003.undefined.-.1068,1068,JN887723.1.3003.undefined.-.1068,52.81
JN887724.1.3004.undefined.-.1068,1068,JN887724.1.3004.undefined.-.1068,52.62
JN887725.1.3005.undefined.-.1068,1068,JN887725.1.3005.undefined.-.1068,52.81
JN887726.1.3006.undefined.-.1068,1068,JN887726.1.3006.undefined.-.1068,53.75
JN887727.1.3007.undefined.-.1068,1068,JN887727.1.3007.undefined.-.1068,52.72
JN887728.1.3008.undefined.-.1068,1068,JN887728.1.3008.undefined.-.1068,52.81
JN887729.1.3009.undefined.-.1068,1068,JN887729.1.3009.undefined.-.1068,52.9
JN887730.1.3010.undefined.-.1068,1068,JN887730.1.3010.undefined.-.1068,52.72
JN887731.1.3011.undefined.-.1068,1068,JN887731.1.3011.undefined.-.1068,52.72
JN887732.1.3012.undefined.-.1068,1068,JN887732.1.3012.undefined.-.1068,52.72
JN887733.1.3013.undefined.-.1068,1068,JN887733.1.3013.undefined.-.1068,52.72
JN887734.1.3014.undefined.-.1068,1068,JN887734.1.3014.undefined.-.1068,52.53
JN887735.1.3015.undefined.-.1068,1068,JN887735.1.3015.undefined.-.1068,52.72
JN887736.1.3016.undefined.-.1068,1068,JN887736.1.3016.undefined.-.1068,52.72
JQ028735.1.3017.undefined.-.495,495,JQ028735.1.3017.undefined.-.495,53.54
JQ028736.1.3018.undefined.-.448,448,JQ028736.1.3018.undefined.-.448,53.57
JQ028737.1.3019.undefined.-.473,473,JQ028737.1.3019.undefined.-.473,54.97
JQ028738.1.3020.undefined.-.473,473,JQ028738.1.3020.undefined.-.473,54.12
JQ028739.1.3021.undefined.-.489,489,JQ028739.1.3021.undefined.-.489,52.56
JQ028740.1.3022.undefined.-.474,474,JQ028740.1.3022.undefined.-.474,52.32
JQ028741.1.3023.undefined.-.473,473,JQ028741.1.3023.undefined.-.473,53.49
JQ028742.1.3024.undefined.-.475,475,JQ028742.1.3024.undefined.-.475,53.89
JQ028743.1.3025.undefined.-.472,472,JQ028743.1.3025.undefined.-.472,54.24
JQ028744.1.3026.undefined.-.475,475,JQ028744.1.3026.undefined.-.475,53.05
JQ028745.1.3027.undefined.-.480,480,JQ028745.1.3027.undefined.-.480,52.92
JQ028746.1.3028.undefined.-.471,471,JQ028746.1.3028.undefined.-.471,52.65
JQ028747.1.3029.undefined.-.387,387,JQ028747.1.3029.undefined.-.387,52.71
JQ028748.1.3030.undefined.-.493,493,JQ028748.1.3030.undefined.-.493,53.14
JQ028749.1.3031.undefined.-.484,484,JQ028749.1.3031.undefined.-.484,52.89
JQ028750.1.3032.undefined.-.477,477,JQ028750.1.3032.undefined.-.477,52.83
JQ028751.1.3033.undefined.-.458,458,JQ028751.1.3033.undefined.-.458,51.75
JQ028752.1.3034.undefined.-.418,418,JQ028752.1.3034.undefined.-.418,52.39
JQ028753.1.3035.undefined.-.472,472,JQ028753.1.3035.undefined.-.472,52.33
JQ435902.1.3036.undefined.-.458,458,JQ435902.1.3036.undefined.-.458,56.99
JQ435903.1.3037.undefined.-.458,458,JQ435903.1.3037.undefined.-.458,56.99
JQ435904.1.3038.undefined.-.458,458,JQ435904.1.3038.undefined.-.458,56.99
JQ435905.1.3039.undefined.-.458,458,JQ435905.1.3039.undefined.-.458,56.99
JQ435906.1.3040.undefined.-.458,458,JQ435906.1.3040.undefined.-.458,57.21
JQ435907.1.3041.undefined.-.458,458,JQ435907.1.3041.undefined.-.458,56.99
JQ435908.1.3042.undefined.-.458,458,JQ435908.1.3042.undefined.-.458,56.99
JQ435909.1.3043.undefined.-.458,458,JQ435909.1.3043.undefined.-.458,56.99
JQ435910.1.3044.undefined.-.458,458,JQ435910.1.3044.undefined.-.458,56.99
JQ435911.1.3045.undefined.-.1065,1065,JQ435911.1.3045.undefined.-.1065,52.58
JQ435912.1.3046.undefined.BRLO37-02.705,705,JQ435912.1.3046.undefined.BRLO37-02.705,52.2
JQ583778.1.3047.undefined.-.837,837,JQ583778.1.3047.undefined.-.837,57.47
JQ583778.1,865,JQ583778.1,57.38
JQ583779.1.3049.undefined.Caio4064,835,JQ583779.1.3049.undefined.Caio4064 .835,55.81
JQ583780.1.3050.undefined.Caio4106.845,845,JQ583780.1.3050.undefined.Caio4106.845,56.57
JQ583781.1.3051.undefined.Caio4118.838,838,JQ583781.1.3051.undefined.Caio4118.838,57.28
JQ583782.1.3052.undefined.Caio4258.829,829,JQ583782.1.3052.undefined.Caio4258.829,57.42
JQ583783.1.3053.undefined.Caio4328.835,835,JQ583783.1.3053.undefined.Caio4328.835,57.6
JQ583784.1,829,JQ583784.1 .3054.undefined.Caio4383.829,57.18
JQ583785.1.3055.undefined.Caio4417.828,828,JQ583785.1.3055.undefined.Caio4417.828,57.0
JQ583786.1.3056.undefined.Caio5006.799,799,JQ583786.1.3056.undefined.Caio5006.799,57.57
JQ583787.1.3057.undefined.Caio5187.898,898,JQ583787.1.3057.undefined.Caio5187.898,55.9
JQ583788.1.3058.undefined.Caio5620.772,772,JQ583788.1.3058.undefined.Caio5620.772,58.68
JQ583789.1.3059.undefined.Caio5697.830,830,JQ583789.1.3059.undefined.Caio5697.830,57.11
JQ583790.1.3060.undefined.Caio6590.794,794,JQ583790.1.3060.undefined.Caio6590.794,57.93
JQ583791.1.3061.undefined.Caio6622.834,834,JQ583791.1.3061.undefined.Caio6622.834,57.55
JQ583792.1.3062.undefined.Caio6701.850,850,JQ583792.1.3062.undefined.Caio6701.850,57.41
JQ583793.1.3063.undefined.Caio6855.810,810,JQ583793.1.3063.undefined.Caio6855.810,57.41
JQ583794.1.3064.undefined.Caio7580.846,846,JQ583794.1.3064.undefined.Caio7580.846,56.86
JQ583795.1.3065.undefined.Caio4126.766,766,JQ583795.1.3065.undefined.Caio4126.766,58.22
JQ583796.1.3066.undefined.Caio5448.773,773,JQ583796.1.3066.undefined.Caio5448.773,58.21
JQ583797.1.3067.undefined.Caio4142.766,766,JQ583797.1.3067.undefined.Caio4142.766,58.22
JQ583798.1,766,JQ583798.1 .3068.undefined.Caio4315.766,58.22
JQ583799.1.3069.undefined.Caio5324.766,766,JQ583799.1.3069.undefined.Caio5324.766,58.22
JQ583800.1.3070.undefined.Caio5801.766,766,JQ583800.1.3070.undefined.Caio5801.766,58.22
JQ583801.1,766,JQ583801.1 .3071.undefined.Caio6460.766,58.22
JQ583802.1.3072.undefined.Caio6963.766,766,JQ583802.1.3072.undefined.Caio6963.766,58.22
JQ583803.1.3073.undefined.Caio7120.766,766,JQ583803.1.3073.undefined.Caio7120.766,58.22
JQ583804.1,772,JQ583804.1 .3074.undefined.Caio5883.772,58.68
JQ583805.1.3075.undefined.Caio5846.898,898,JQ583805.1.3075.undefined.Caio5846.898,55.9
JQ583806.1.3076.undefined.Caio5884.898,898,JQ583806.1.3076.undefined.Caio5884.898,55.9
JQ583807.1.3077.undefined.Caio5931.898,898,JQ583807.1.3077.undefined.Caio5931.898,55.9
JQ583808.1.3078.undefined.Caio7421.878,878,JQ583808.1.3078.undefined.Caio7421.878,55.92
JQ583809.1.3079.undefined.Caio7661.824,824,JQ583809.1.3079.undefined.Caio7661.824,57.4
JQ583810.1.3080.undefined.Caio4009.642,642,JQ583810.1.3080.undefined.Caio4009.642,54.67
JQ583811.1.3081.undefined.Caio4011.642,642,JQ583811.1.3081.undefined.Caio4011.642,54.67
JQ583812.1.3082.undefined.Caio4064.642,642,JQ583812.1.3082.undefined.Caio4064.642,55.45
JQ583813.1.3083.undefined.Caio4072.642,642,JQ583813.1.3083.undefined.Caio4072.642,54.67
JQ583814.1.3084.undefined.Caio4105.642,642,JQ583814.1.3084.undefined.Caio4105.642,54.83
JQ583815.1.3085.undefined.Caio4106.642,642,JQ583815.1.3085.undefined.Caio4106.642,54.67
JQ583816.1.3086.undefined.Caio4112.642,642,JQ583816.1.3086.undefined.Caio4112.642,54.67
JQ583817.1.3087.undefined.Caio4118.642,642,JQ583817.1.3087.undefined.Caio4118.642,54.98
JQ583818.1.3088.undefined.Caio4126.642,642,JQ583818.1.3088.undefined.Caio4126.642,54.52
JQ583819.1.3089.undefined.Caio4211.642,642,JQ583819.1.3089.undefined.Caio4211.642,54.67
JQ583820.1.3090.undefined.Caio4243.642,642,JQ583820.1.3090.undefined.Caio4243.642,54.83
JQ583821.1.3091.undefined.Caio4258.642,642,JQ583821.1.3091.undefined.Caio4258.642,54.83
JQ583822.1.3092.undefined.Caio4315.642,642,JQ583822.1.3092.undefined.Caio4315.642,54.67
JQ583823.1.3093.undefined.Caio4328.642,642,JQ583823.1.3093.undefined.Caio4328.642,54.67
JQ583824.1.3094.undefined.-.642,642,JQ583824.1.3094.undefined.-.642,54.67
JQ583825.1.3095.undefined.Caio4358.642,642,JQ583825.1.3095.undefined.Caio4358.642,54.67
JQ583826.1.3096.undefined.Caio4383.642,642,JQ583826.1.3096.undefined.Caio4383.642,54.67
JQ583827.1.3097.undefined.Caio4417.642,642,JQ583827.1.3097.undefined.Caio4417.642,54.67
JQ583828.1.3098.undefined.-.642,642,JQ583828.1.3098.undefined.-.642,54.67
JQ583829.1.3099.undefined.-.642,642,JQ583829.1.3099.undefined.-.642,54.83
JQ583830.1.3100.undefined.-.642,642,JQ583830.1.3100.undefined.-.642,54.52
JQ583831.1.3101.undefined.-.642,642,JQ583831.1.3101.undefined.-.642,54.67
JQ583832.1.3102.undefined.-.642,642,JQ583832.1.3102.undefined.-.642,54.67
JQ583833.1.3103.undefined.-.642,642,JQ583833.1.3103.undefined.-.642,54.67
JQ583834.1.3104.undefined.-.642,642,JQ583834.1.3104.undefined.-.642,55.14
JQ583835.1.3105.undefined.-.642,642,JQ583835.1.3105.undefined.-.642,54.67
JQ583836.1.3106.undefined.-.642,642,JQ583836.1.3106.undefined.-.642,54.98
JQ583837.1.3107.undefined.-.642,642,JQ583837.1.3107.undefined.-.642,54.67
JQ583838.1.3108.undefined.-.642,642,JQ583838.1.3108.undefined.-.642,54.67
JQ583839.1.3109.undefined.-.642,642,JQ583839.1.3109.undefined.-.642,54.83
JQ583840.1.3110.undefined.-.642,642,JQ583840.1.3110.undefined.-.642,54.67
JQ583841.1.3111.undefined.-.642,642,JQ583841.1.3111.undefined.-.642,54.83
JQ583842.1.3112.undefined.-.642,642,JQ583842.1.3112.undefined.-.642,54.83
JQ583843.1.3113.undefined.-.642,642,JQ583843.1.3113.undefined.-.642,54.76
JQ583844.1.3114.undefined.-.642,642,JQ583844.1.3114.undefined.-.642,54.67
JQ583845.1.3115.undefined.-.642,642,JQ583845.1.3115.undefined.-.642,54.67
JQ941909.1.3116.undefined.-.408,408,JQ941909.1.3116.undefined.-.408,59.31
JQ941910.1.3117.undefined.-.408,408,JQ941910.1.3117.undefined.-.408,59.31
JQ941911.1.3118.undefined.-.408,408,JQ941911.1.3118.undefined.-.408,59.31
JQ941912.1.3119.undefined.-.408,408,JQ941912.1.3119.undefined.-.408,59.31
JQ941913.1.3120.undefined.-.408,408,JQ941913.1.3120.undefined.-.408,59.31
JQ941914.1.3121.undefined.-.408,408,JQ941914.1.3121.undefined.-.408,59.31
JQ941915.1.3122.undefined.-.408,408,JQ941915.1.3122.undefined.-.408,59.31
JQ941916.1.3123.undefined.-.408,408,JQ941916.1.3123.undefined.-.408,59.31
JQ941917.1.3124.undefined.-.408,408,JQ941917.1.3124.undefined.-.408,59.31
JQ941918.1.3125.undefined.-.377,377,JQ941918.1.3125.undefined.-.377,57.82
JQ941919.1.3126.undefined.-.377,377,JQ941919.1.3126.undefined.-.377,57.56
JQ941920.1.3127.undefined.-.377,377,JQ941920.1.3127.undefined.-.377,57.56
JQ941921.1.3128.undefined.-.377,377,JQ941921.1.3128.undefined.-.377,57.56
JX184913.1.3129.undefined.-.300,300,JX184913.1.3129.undefined.-.300,61.0
JX184914.1.3130.undefined.-.519,519,JX184914.1.3130.undefined.-.519,52.99
JX184915.1.3131.undefined.-.530,530,JX184915.1.3131.undefined.-.530,52.45
JX184916.1.3132.undefined.-.528,528,JX184916.1.3132.undefined.-.528,52.27
JX184917.1.3133.undefined.-.973,973,JX184917.1.3133.undefined.-.973,53.75
JX184918.1.3134.undefined.-.905,905,JX184918.1.3134.undefined.-.905,54.36
JX184919.1.3135.undefined.-.912,912,JX184919.1.3135.undefined.-.912,54.61
JX184920.1.3136.undefined.-.643,643,JX184920.1.3136.undefined.-.643,59.1
JX184921.1.3137.undefined.-.643,643,JX184921.1.3137.undefined.-.643,59.1
JX184922.1.3138.undefined.-.643,643,JX184922.1.3138.undefined.-.643,59.1
JX184923.1.3139.undefined.-.733,733,JX184923.1.3139.undefined.-.733,56.75
JX184924.1.3140.undefined.-.543,543,JX184924.1.3140.undefined.-.543,48.62
JX194169.1.3141.undefined.11CUHT01.388,388,JX194169.1.3141.undefined.11CUHT01.388,56.44
JX194170.1.3142.undefined.11CUHT02.402,402,JX194170.1.3142.undefined.11CUHT02.402,56.72
JX194171.1.3143.undefined.11CUHT03.357,357,JX194171.1.3143.undefined.11CUHT03.357,54.9
JX194172.1.3144.undefined.11CUHT04.401,401,JX194172.1.3144.undefined.11CUHT04.401,57.11
JX194173.1.3145.undefined.11CUHT05.402,402,JX194173.1.3145.undefined.11CUHT05.402,56.97
JX194174.1.3146.undefined.11CUHT06.392,392,JX194174.1.3146.undefined.11CUHT06.392,56.38
JX194175.1.3147.undefined.11CUHT07.397,397,JX194175.1.3147.undefined.11CUHT07.397,56.42
JX194176.1.3148.undefined.11CUHT08.360,360,JX194176.1.3148.undefined.11CUHT08.360,55.56
JX194177.1.3149.undefined.11CUHT09.402,402,JX194177.1.3149.undefined.11CUHT09.402,56.61
JX194178.1.3150.undefined.11CUHT10.404,404,JX194178.1.3150.undefined.11CUHT10.404,56.68
JX194179.1.3151.undefined.11CUHT11.399,399,JX194179.1.3151.undefined.11CUHT11.399,56.64
JX280947.1.3152.undefined.BRSP30-10.731,731,JX280947.1.3152.undefined.BRSP30-10.731,58.96
JX280948.1.3153.undefined.BRSP37-10.731,731,JX280948.1.3153.undefined.BRSP37-10.731,58.41
JX280949.1.3154.undefined.BRSP38.731,731,JX280949.1.3154.undefined.BRSP38.731,58.82
JX280950.1.3155.undefined.BRSP71-10.731,731,JX280950.1.3155.undefined.BRSP71-10.731,58.41
JX280951.1.3156.undefined.BRSP93-10.731,731,JX280951.1.3156.undefined.BRSP93-10.731,58.55
JX280952.1.3157.undefined.BRSP97-10.731,731,JX280952.1.3157.undefined.BRSP97-10.731,58.55
JX280953.1.3158.undefined.BRSP101-10.731,731,JX280953.1.3158.undefined.BRSP101-10.731,58.82
JX280954.1.3159.undefined.BRSP105-10.731,731,JX280954.1.3159.undefined.BRSP105-10.731,58.55
JX280955.1.3160.undefined.BRSP118-10.731,731,JX280955.1.3160.undefined.BRSP118-10.731,58.82
JX280956.1.3161.undefined.BRSP171-10.731,731,JX280956.1.3161.undefined.BRSP171-10.731,58.69
JX280957.1.3162.undefined.BRSP40-11.731,731,JX280957.1.3162.undefined.BRSP40-11.731,58.55
JX280958.1.3163.undefined.BRSP142-11.731,731,JX280958.1.3163.undefined.BRSP142-11.731,58.96
JX280959.1.3164.undefined.BRSP194-11.731,731,JX280959.1.3164.undefined.BRSP194-11.731,58.41
JX280960.1.3165.undefined.BRSP69-12.731,731,JX280960.1.3165.undefined.BRSP69-12.731,58.55
JX280961.1.3166.undefined.BRLO37-12.687,687,JX280961.1.3166.undefined.BRLO37-12.687,52.69
JX280962.1.3167.undefined.BRLO37-12.1035,1035,JX280962.1.3167.undefined.BRLO37-12.1035,53.53
JX280963.1.3168.undefined.-.458,458,JX280963.1.3168.undefined.-.458,56.99
JX280964.1.3169.undefined.-.972,972,JX280964.1.3169.undefined.-.972,52.98
JX280965.1.3170.undefined.-.1068,1068,JX280965.1.3170.undefined.-.1068,52.81
JX507077.3171.undefined.SF26.9023,9023,JX507077.3171.undefined.SF26.9023,53.78
JX507077.1.3172.undefined.-.9023,9023,JX507077.1.3172.undefined.-.9023,53.78
JX871882.1.3173.undefined.-.335,335,JX871882.1.3173.undefined.-.335,54.33
JX885208.1.3174.undefined.-.1353,1353,JX885208.1.3174.undefined.-.1353,51.37
JX885209.1.3175.undefined.-.1353,1353,JX885209.1.3175.undefined.-.1353,51.37
JX885210.1.3176.undefined.-.1353,1353,JX885210.1.3176.undefined.-.1353,51.29
JX885211.1.3177.undefined.-.1353,1353,JX885211.1.3177.undefined.-.1353,51.37
JX885212.1.3178.undefined.-.1353,1353,JX885212.1.3178.undefined.-.1353,51.37
JX885213.1.3179.undefined.-.1353,1353,JX885213.1.3179.undefined.-.1353,51.37
JX885214.1.3180.undefined.-.1353,1353,JX885214.1.3180.undefined.-.1353,51.37
JX885215.1.3181.undefined.-.1353,1353,JX885215.1.3181.undefined.-.1353,51.37
JX885216.1.3182.undefined.-.1353,1353,JX885216.1.3182.undefined.-.1353,51.37
JX885217.1.3183.undefined.-.1353,1353,JX885217.1.3183.undefined.-.1353,51.37
JX885218.1.3184.undefined.-.1353,1353,JX885218.1.3184.undefined.-.1353,51.37
JX885219.1.3185.undefined.-.1353,1353,JX885219.1.3185.undefined.-.1353,51.37
JX885220.1.3186.undefined.-.1353,1353,JX885220.1.3186.undefined.-.1353,51.37
JX885221.1.3187.undefined.-.1353,1353,JX885221.1.3187.undefined.-.1353,51.37
JX885222.1.3188.undefined.-.1353,1353,JX885222.1.3188.undefined.-.1353,51.37
JX885223.1.3189.undefined.-.1353,1353,JX885223.1.3189.undefined.-.1353,51.37
JX885224.1.3190.undefined.-.1353,1353,JX885224.1.3190.undefined.-.1353,51.37
JX885225.1.3191.undefined.-.1353,1353,JX885225.1.3191.undefined.-.1353,51.37
JX885226.1.3192.undefined.-.1353,1353,JX885226.1.3192.undefined.-.1353,51.37
JX885227.1.3193.undefined.-.1353,1353,JX885227.1.3193.undefined.-.1353,51.37
JX885228.1.3194.undefined.-.1353,1353,JX885228.1.3194.undefined.-.1353,51.37
JX891478.1.3195.undefined.-.9046,9046,JX891478.1.3195.undefined.-.9046,53.78
JX891479.1.3196.undefined.-.9048,9048,JX891479.1.3196.undefined.-.9048,53.57
JX891480.1.3197.undefined.-.1384,1384,JX891480.1.3197.undefined.-.1384,50.07
JX984801.1.3198.undefined.-.433,433,JX984801.1.3198.undefined.-.433,54.97
JX984802.1.3199.undefined.-.433,433,JX984802.1.3199.undefined.-.433,54.97
K01670.1.3200.undefined.-.815,815,K01670.1.3200.undefined.-.815,56.56
K02024.1.3201.undefined.-.1464,1464,K02024.1.3201.undefined.-.1464,51.57
K02532.1.3202.undefined.-.1562,1562,K02532.1.3202.undefined.-.1562,52.5
K02722.1.3203.undefined.-.774,774,K02722.1.3203.undefined.-.774,57.88
K02723.1.3204.undefined.-.1559,1559,K02723.1.3204.undefined.-.1559,52.53
KC109192.1.3205.undefined.-.891,891,KC109192.1.3205.undefined.-.891,47.7
KC477728.1.3206.undefined.-.654,654,KC477728.1.3206.undefined.-.654,58.87
KC477729.1.3207.undefined.-.654,654,KC477729.1.3207.undefined.-.654,58.72
KC477730.1.3208.undefined.-.654,654,KC477730.1.3208.undefined.-.654,58.26
KC477731.1.3209.undefined.-.654,654,KC477731.1.3209.undefined.-.654,58.26
KC477732.1.3210.undefined.-.655,655,KC477732.1.3210.undefined.-.655,58.47
KC477733.1.3211.undefined.-.655,655,KC477733.1.3211.undefined.-.655,58.47
KC477734.1.3212.undefined.-.655,655,KC477734.1.3212.undefined.-.655,58.47
KC477735.1.3213.undefined.-.654,654,KC477735.1.3213.undefined.-.654,58.72
KC477736.1.3214.undefined.-.654,654,KC477736.1.3214.undefined.-.654,58.72
KC477737.1.3215.undefined.-.654,654,KC477737.1.3215.undefined.-.654,58.41
KC477738.1.3216.undefined.-.654,654,KC477738.1.3216.undefined.-.654,58.41
KC477739.1.3217.undefined.-.654,654,KC477739.1.3217.undefined.-.654,58.41
KC477740.1.3218.undefined.-.654,654,KC477740.1.3218.undefined.-.654,58.41
KC477741.1.3219.undefined.-.654,654,KC477741.1.3219.undefined.-.654,58.41
KC477742.1.3220.undefined.-.654,654,KC477742.1.3220.undefined.-.654,58.87
KC477743.1.3221.undefined.-.654,654,KC477743.1.3221.undefined.-.654,58.87
KC477744.1.3222.undefined.-.654,654,KC477744.1.3222.undefined.-.654,58.87
KC477745.1.3223.undefined.-.654,654,KC477745.1.3223.undefined.-.654,58.41
KC477746.1.3224.undefined.-.654,654,KC477746.1.3224.undefined.-.654,58.41
KC477747.1.3225.undefined.-.654,654,KC477747.1.3225.undefined.-.654,58.41
KC477748.1.3226.undefined.-.655,655,KC477748.1.3226.undefined.-.655,58.78
KC477749.1.3227.undefined.-.655,655,KC477749.1.3227.undefined.-.655,58.78
KC477750.1.3228.undefined.-.654,654,KC477750.1.3228.undefined.-.654,58.1
KC477751.1.3229.undefined.-.654,654,KC477751.1.3229.undefined.-.654,58.1
KC477752.1.3230.undefined.-.654,654,KC477752.1.3230.undefined.-.654,58.41
KC477753.1.3231.undefined.-.654,654,KC477753.1.3231.undefined.-.654,58.41
KC477754.1.3232.undefined.-.654,654,KC477754.1.3232.undefined.-.654,58.41
KC477755.1.3233.undefined.-.654,654,KC477755.1.3233.undefined.-.654,58.41
KC477756.1.3234.undefined.-.654,654,KC477756.1.3234.undefined.-.654,58.72
KC493378.1.3235.undefined.1.588,588,KC493378.1.3235.undefined.1.588,59.97
KC493379.1.3236.undefined.2.612,612,KC493379.1.3236.undefined.2.612,59.9
KC493380.1.3237.undefined.3.552,552,KC493380.1.3237.undefined.3.552,58.8
KC493381.1.3238.undefined.4.651,651,KC493381.1.3238.undefined.4.651,59.14
KC493382.1.3239.undefined.5.623,623,KC493382.1.3239.undefined.5.623,59.81
KC493383.1.3240.undefined.13.334,334,KC493383.1.3240.undefined.13.334,60.18
KC493384.1.3241.undefined.14.551,551,KC493384.1.3241.undefined.14.551,59.16
KC493385.1.3242.undefined.15.619,619,KC493385.1.3242.undefined.15.619,59.64
KC493386.1.3243.undefined.16.604,604,KC493386.1.3243.undefined.16.604,59.07
KC493387.1.3244.undefined.17.651,651,KC493387.1.3244.undefined.17.651,59.6
KC493388.1.3245.undefined.18.636,636,KC493388.1.3245.undefined.18.636,59.15
KC493389.1.3246.undefined.19.587,587,KC493389.1.3246.undefined.19.587,59.8
KC493390.1.3247.undefined.20.616,616,KC493390.1.3247.undefined.20.616,59.77
KC493391.1.3248.undefined.21.626,626,KC493391.1.3248.undefined.21.626,59.62
KC493392.1.3249.undefined.25.587,587,KC493392.1.3249.undefined.25.587,59.8
KC493393.1.3250.undefined.26.611,611,KC493393.1.3250.undefined.26.611,59.9
KC493394.1.3251.undefined.28.611,611,KC493394.1.3251.undefined.28.611,59.57
KC493395.1.3252.undefined.30.597,597,KC493395.1.3252.undefined.30.597,59.56
KC493396.1.3253.undefined.31.606,606,KC493396.1.3253.undefined.31.606,59.08
KC493397.1.3254.undefined.32.597,597,KC493397.1.3254.undefined.32.597,59.63
KC493398.1.3255.undefined.36.611,611,KC493398.1.3255.undefined.36.611,58.92
KC493399.1.3256.undefined.37.615,615,KC493399.1.3256.undefined.37.615,59.71
KC493400.1.3257.undefined.38.624,624,KC493400.1.3257.undefined.38.624,59.35
KC493401.1.3258.undefined.39.563,563,KC493401.1.3258.undefined.39.563,59.07
KC493402.1.3259.undefined.40.620,620,KC493402.1.3259.undefined.40.620,59.55
KC493403.1.3260.undefined.41.629,1,KC493403.1.3260.undefined.41.629,0.0
KC493404.1.3261.undefined.-.626,626,KC493404.1.3261.undefined.-.626,57.95
KC493405.1.3262.undefined.-.651,651,KC493405.1.3262.undefined.-.651,59.14
KC493406.1.3263.undefined.-.651,651,KC493406.1.3263.undefined.-.651,58.83
KC493407.1.3264.undefined.-.652,652,KC493407.1.3264.undefined.-.652,58.44
KC493408.1.3265.undefined.-.650,650,KC493408.1.3265.undefined.-.650,59.38
KC493409.1.3266.undefined.-.613,613,KC493409.1.3266.undefined.-.613,60.03
KC493410.1.3267.undefined.-.610,610,KC493410.1.3267.undefined.-.610,58.69
KC786899.1.3268.undefined.-.758,758,KC786899.1.3268.undefined.-.758,58.71
KC786900.1.3269.undefined.-.758,758,KC786900.1.3269.undefined.-.758,58.71
KC786901.1.3270.undefined.-.758,758,KC786901.1.3270.undefined.-.758,58.44
KC786902.1.3271.undefined.-.758,758,KC786902.1.3271.undefined.-.758,58.31
KC786903.1.3272.undefined.-.758,758,KC786903.1.3272.undefined.-.758,58.44
KC786904.1.3273.undefined.-.758,758,KC786904.1.3273.undefined.-.758,58.71
KC786905.1.3274.undefined.-.758,758,KC786905.1.3274.undefined.-.758,58.71
KC786906.1.3275.undefined.-.758,758,KC786906.1.3275.undefined.-.758,58.31
KC786907.1.3276.undefined.-.758,758,KC786907.1.3276.undefined.-.758,58.44
KC786908.1.3277.undefined.-.758,758,KC786908.1.3277.undefined.-.758,58.31
KC786909.1.3278.undefined.-.758,758,KC786909.1.3278.undefined.-.758,58.71
KC786910.1.3279.undefined.-.758,758,KC786910.1.3279.undefined.-.758,58.44
KC786911.1.3280.undefined.-.758,758,KC786911.1.3280.undefined.-.758,58.71
KC786912.1.3281.undefined.-.758,758,KC786912.1.3281.undefined.-.758,58.31
KC786913.1.3282.undefined.-.758,758,KC786913.1.3282.undefined.-.758,58.31
KC786914.1.3283.undefined.-.758,758,KC786914.1.3283.undefined.-.758,58.71
KC786915.1.3284.undefined.-.758,758,KC786915.1.3284.undefined.-.758,58.44
KC786916.1.3285.undefined.-.758,758,KC786916.1.3285.undefined.-.758,58.44
KC786917.1.3286.undefined.-.758,758,KC786917.1.3286.undefined.-.758,58.31
KC786918.1.3287.undefined.-.758,758,KC786918.1.3287.undefined.-.758,58.44
KC786919.1.3288.undefined.-.758,758,KC786919.1.3288.undefined.-.758,58.71
KC786920.1.3289.undefined.-.1290,1290,KC786920.1.3289.undefined.-.1290,57.21
KC786921.1.3290.undefined.-.1290,1290,KC786921.1.3290.undefined.-.1290,57.21
KC786922.1.3291.undefined.-.1290,1290,KC786922.1.3291.undefined.-.1290,57.36
KC786923.1.3292.undefined.-.1290,1290,KC786923.1.3292.undefined.-.1290,57.21
KC786924.1.3293.undefined.-.1290,1290,KC786924.1.3293.undefined.-.1290,57.29
KC786925.1.3294.undefined.-.1290,1290,KC786925.1.3294.undefined.-.1290,57.29
KC786926.1.3295.undefined.-.1290,1290,KC786926.1.3295.undefined.-.1290,57.05
KC786927.1.3296.undefined.-.1290,1290,KC786927.1.3296.undefined.-.1290,57.36
KC786928.1.3297.undefined.-.1290,1290,KC786928.1.3297.undefined.-.1290,57.29
KC786929.1.3298.undefined.-.1290,1290,KC786929.1.3298.undefined.-.1290,57.29
KC786930.1.3299.undefined.-.1290,1290,KC786930.1.3299.undefined.-.1290,56.98
KC786931.1.3300.undefined.-.1290,1290,KC786931.1.3300.undefined.-.1290,57.36
KC786932.1.3301.undefined.-.1290,1290,KC786932.1.3301.undefined.-.1290,57.29
KC786933.1.3302.undefined.-.1290,1290,KC786933.1.3302.undefined.-.1290,57.29
KC786934.1.3303.undefined.-.1290,1290,KC786934.1.3303.undefined.-.1290,57.36
KC786935.1.3304.undefined.-.1290,1290,KC786935.1.3304.undefined.-.1290,57.29
KC786936.1.3305.undefined.-.1290,1290,KC786936.1.3305.undefined.-.1290,57.29
KC786937.1.3306.undefined.-.1290,1290,KC786937.1.3306.undefined.-.1290,57.29
KC786938.1.3307.undefined.-.1290,1290,KC786938.1.3307.undefined.-.1290,57.29
KC786939.1.3308.undefined.-.1290,1290,KC786939.1.3308.undefined.-.1290,57.29
KC786940.1.3309.undefined.-.1290,1290,KC786940.1.3309.undefined.-.1290,57.13
KC786941.1.3310.undefined.-.1062,1062,KC786941.1.3310.undefined.-.1062,53.48
KC786942.1.3311.undefined.-.1062,1062,KC786942.1.3311.undefined.-.1062,53.48
KC786943.1.3312.undefined.-.1062,1062,KC786943.1.3312.undefined.-.1062,53.39
KC786944.1.3313.undefined.-.1062,1062,KC786944.1.3313.undefined.-.1062,53.3
KC786945.1.3314.undefined.-.1062,1062,KC786945.1.3314.undefined.-.1062,53.39
KC786946.1.3315.undefined.-.1062,1062,KC786946.1.3315.undefined.-.1062,53.48
KC786947.1.3316.undefined.-.1062,1062,KC786947.1.3316.undefined.-.1062,53.58
KC786948.1.3317.undefined.-.1062,1062,KC786948.1.3317.undefined.-.1062,53.58
KC786949.1.3318.undefined.-.1062,1062,KC786949.1.3318.undefined.-.1062,53.77
KC786950.1.3319.undefined.-.1062,1062,KC786950.1.3319.undefined.-.1062,53.3
KC786951.1.3320.undefined.-.1062,1062,KC786951.1.3320.undefined.-.1062,53.48
KC786952.1.3321.undefined.-.1062,1062,KC786952.1.3321.undefined.-.1062,53.48
KC786953.1.3322.undefined.-.1062,1062,KC786953.1.3322.undefined.-.1062,53.48
KC786954.1.3323.undefined.-.1062,1062,KC786954.1.3323.undefined.-.1062,53.77
KC786955.1.3324.undefined.-.1062,1062,KC786955.1.3324.undefined.-.1062,53.58
KC786956.1.3325.undefined.-.1062,1062,KC786956.1.3325.undefined.-.1062,53.48
KC786957.1.3326.undefined.-.1062,1062,KC786957.1.3326.undefined.-.1062,53.39
KC786958.1.3327.undefined.-.1062,1062,KC786958.1.3327.undefined.-.1062,53.67
KC786959.1.3328.undefined.-.1062,1062,KC786959.1.3328.undefined.-.1062,53.3
KC786960.1.3329.undefined.-.1062,1062,KC786960.1.3329.undefined.-.1062,53.67
KC786961.1.3330.undefined.-.1062,1062,KC786961.1.3330.undefined.-.1062,53.48
KC786962.1.3331.undefined.-.756,756,KC786962.1.3331.undefined.-.756,58.33
KC786963.1.3332.undefined.-.756,756,KC786963.1.3332.undefined.-.756,58.33
KC786964.1.3333.undefined.-.756,756,KC786964.1.3333.undefined.-.756,58.2
KC786965.1.3334.undefined.-.756,756,KC786965.1.3334.undefined.-.756,58.33
KC786966.1.3335.undefined.-.1290,1290,KC786966.1.3335.undefined.-.1290,56.59
KC786967.1.3336.undefined.-.1290,1290,KC786967.1.3336.undefined.-.1290,56.59
KC786968.1.3337.undefined.-.1290,1290,KC786968.1.3337.undefined.-.1290,56.67
KC786969.1.3338.undefined.-.1290,1290,KC786969.1.3338.undefined.-.1290,56.67
KC786970.1.3339.undefined.-.1062,1062,KC786970.1.3339.undefined.-.1062,53.58
KC786971.1.3340.undefined.-.1062,1062,KC786971.1.3340.undefined.-.1062,53.58
KC786972.1.3341.undefined.-.1062,1062,KC786972.1.3341.undefined.-.1062,53.39
KC786973.1.3342.undefined.-.1062,1062,KC786973.1.3342.undefined.-.1062,53.39
KC807984.1.3343.undefined.-.9034,9034,KC807984.1.3343.undefined.-.9034,53.86
KF042345.1.3344.undefined.-.556,556,KF042345.1.3344.undefined.-.556,58.99
KF042346.1.3345.undefined.-.554,554,KF042346.1.3345.undefined.-.554,58.84
KF042347.1.3346.undefined.-.554,554,KF042347.1.3346.undefined.-.554,58.3
KF042348.1.3347.undefined.-.554,554,KF042348.1.3347.undefined.-.554,58.66
KF042349.1.3348.undefined.-.555,555,KF042349.1.3348.undefined.-.555,59.1
KF042350.1.3349.undefined.-.553,553,KF042350.1.3349.undefined.-.553,58.59
KF042351.1.3350.undefined.-.555,555,KF042351.1.3350.undefined.-.555,58.74
KF053876.1.3351.undefined.-.517,517,KF053876.1.3351.undefined.-.517,57.83
KF053877.1.3352.undefined.-.517,517,KF053877.1.3352.undefined.-.517,57.83
KF053878.1.3353.undefined.-.517,517,KF053878.1.3353.undefined.-.517,57.64
KF053879.1.3354.undefined.-.517,517,KF053879.1.3354.undefined.-.517,57.64
KF053880.1.3355.undefined.-.517,517,KF053880.1.3355.undefined.-.517,57.83
KF053881.1.3356.undefined.-.516,516,KF053881.1.3356.undefined.-.516,56.78
KF053882.1.3357.undefined.-.517,517,KF053882.1.3357.undefined.-.517,57.45
KF053883.1.3358.undefined.-.517,517,KF053883.1.3358.undefined.-.517,57.83
KF053884.1.3359.undefined.-.517,517,KF053884.1.3359.undefined.-.517,57.83
KF053885.1.3360.undefined.-.517,517,KF053885.1.3360.undefined.-.517,57.83
KF053886.1.3361.undefined.-.461,461,KF053886.1.3361.undefined.-.461,50.54
KF053887.1.3362.undefined.-.461,461,KF053887.1.3362.undefined.-.461,50.76
KF053888.1.3363.undefined.-.460,460,KF053888.1.3363.undefined.-.460,50.65
KF053889.1.3364.undefined.-.461,461,KF053889.1.3364.undefined.-.461,50.54
KF053890.1.3365.undefined.-.461,461,KF053890.1.3365.undefined.-.461,50.54
KF053891.1.3366.undefined.-.461,461,KF053891.1.3366.undefined.-.461,50.33
KF053892.1.3367.undefined.-.459,459,KF053892.1.3367.undefined.-.459,50.33
KF053893.1.3368.undefined.-.461,461,KF053893.1.3368.undefined.-.461,50.54
KF053894.1.3369.undefined.-.908,908,KF053894.1.3369.undefined.-.908,50.33
KF053895.1.3370.undefined.-.908,908,KF053895.1.3370.undefined.-.908,50.33
KF053896.1.3371.undefined.-.908,908,KF053896.1.3371.undefined.-.908,50.33
KF053897.1.3372.undefined.-.908,908,KF053897.1.3372.undefined.-.908,50.33
KF053898.1.3373.undefined.-.908,908,KF053898.1.3373.undefined.-.908,50.55
KF053899.1.3374.undefined.-.908,908,KF053899.1.3374.undefined.-.908,50.44
KF053900.1.3375.undefined.-.908,908,KF053900.1.3375.undefined.-.908,50.33
KF053901.1.3376.undefined.-.908,908,KF053901.1.3376.undefined.-.908,50.33
KF053902.1.3377.undefined.-.908,908,KF053902.1.3377.undefined.-.908,50.33
KF053903.1.3378.undefined.-.908,908,KF053903.1.3378.undefined.-.908,50.33
KF053904.1.3379.undefined.-.908,908,KF053904.1.3379.undefined.-.908,50.44
KF053905.1.3380.undefined.-.908,908,KF053905.1.3380.undefined.-.908,50.33
KF053906.1.3381.undefined.-.908,908,KF053906.1.3381.undefined.-.908,50.55
KF053907.1.3382.undefined.-.908,908,KF053907.1.3382.undefined.-.908,50.44
KF053908.1.3383.undefined.-.908,908,KF053908.1.3383.undefined.-.908,50.44
KF053909.1.3384.undefined.-.908,908,KF053909.1.3384.undefined.-.908,50.33
KF053910.1.3385.undefined.-.908,908,KF053910.1.3385.undefined.-.908,50.33
KF053911.1.3386.undefined.-.908,908,KF053911.1.3386.undefined.-.908,50.55
KF053912.1.3387.undefined.-.908,908,KF053912.1.3387.undefined.-.908,50.33
KF053913.1.3388.undefined.-.908,908,KF053913.1.3388.undefined.-.908,50.33
KF053914.1.3389.undefined.-.908,908,KF053914.1.3389.undefined.-.908,50.33
KF053915.1.3390.undefined.-.908,908,KF053915.1.3390.undefined.-.908,50.33
KF053916.1.3391.undefined.-.908,908,KF053916.1.3391.undefined.-.908,50.33
KF053917.1.3392.undefined.-.908,908,KF053917.1.3392.undefined.-.908,50.33
KF053918.1.3393.undefined.-.908,908,KF053918.1.3393.undefined.-.908,50.33
KF053919.1.3394.undefined.-.908,908,KF053919.1.3394.undefined.-.908,50.66
KF053920.1.3395.undefined.-.908,908,KF053920.1.3395.undefined.-.908,50.66
KF053921.1.3396.undefined.-.908,908,KF053921.1.3396.undefined.-.908,50.66
KF053922.1.3397.undefined.-.908,908,KF053922.1.3397.undefined.-.908,50.44
KF053923.1.3398.undefined.-.908,908,KF053923.1.3398.undefined.-.908,50.77
KF053924.1.3399.undefined.-.908,908,KF053924.1.3399.undefined.-.908,50.33
KF053925.1.3400.undefined.-.908,908,KF053925.1.3400.undefined.-.908,50.22
KF053926.1.3401.undefined.-.908,908,KF053926.1.3401.undefined.-.908,50.44
KF053927.1.3402.undefined.-.908,908,KF053927.1.3402.undefined.-.908,50.44
KF053928.1.3403.undefined.-.908,908,KF053928.1.3403.undefined.-.908,50.44
KF053929.1.3404.undefined.-.908,908,KF053929.1.3404.undefined.-.908,50.55
KF053930.1.3405.undefined.-.908,908,KF053930.1.3405.undefined.-.908,50.55
KF053931.1.3406.undefined.-.907,907,KF053931.1.3406.undefined.-.907,50.72
KF053932.1.3407.undefined.-.908,908,KF053932.1.3407.undefined.-.908,50.44
KF053933.1.3408.undefined.-.908,908,KF053933.1.3408.undefined.-.908,50.22
KF053934.1.3409.undefined.-.908,908,KF053934.1.3409.undefined.-.908,50.44
KF053935.1.3410.undefined.-.908,908,KF053935.1.3410.undefined.-.908,50.77
KF053936.1.3411.undefined.-.908,908,KF053936.1.3411.undefined.-.908,50.77
KF053937.1.3412.undefined.-.908,908,KF053937.1.3412.undefined.-.908,50.66
KF053938.1.3413.undefined.-.908,908,KF053938.1.3413.undefined.-.908,50.66
KF053939.1.3414.undefined.-.908,908,KF053939.1.3414.undefined.-.908,50.55
KF053940.1.3415.undefined.-.908,908,KF053940.1.3415.undefined.-.908,50.66
KF053941.1.3416.undefined.-.908,908,KF053941.1.3416.undefined.-.908,50.66
KF053942.1.3417.undefined.-.908,908,KF053942.1.3417.undefined.-.908,50.88
KF053943.1.3418.undefined.-.908,908,KF053943.1.3418.undefined.-.908,50.77
KF053944.1.3419.undefined.-.908,908,KF053944.1.3419.undefined.-.908,50.77
KF053945.1.3420.undefined.-.908,908,KF053945.1.3420.undefined.-.908,50.77
KF053946.1.3421.undefined.-.908,908,KF053946.1.3421.undefined.-.908,50.77
KF053947.1.3422.undefined.-.908,908,KF053947.1.3422.undefined.-.908,50.55
KF053948.1.3423.undefined.-.908,908,KF053948.1.3423.undefined.-.908,50.55
KF053949.1.3424.undefined.-.908,908,KF053949.1.3424.undefined.-.908,50.44
KF053950.1.3425.undefined.-.908,908,KF053950.1.3425.undefined.-.908,50.33
KF053951.1.3426.undefined.-.908,908,KF053951.1.3426.undefined.-.908,50.66
KF053952.1.3427.undefined.-.908,908,KF053952.1.3427.undefined.-.908,50.88
KF053953.1.3428.undefined.-.908,908,KF053953.1.3428.undefined.-.908,50.44
KF053954.1.3429.undefined.-.908,908,KF053954.1.3429.undefined.-.908,50.44
KF053955.1.3430.undefined.-.908,908,KF053955.1.3430.undefined.-.908,50.44
KF053956.1.3431.undefined.-.908,908,KF053956.1.3431.undefined.-.908,50.44
KF053957.1.3432.undefined.-.908,908,KF053957.1.3432.undefined.-.908,50.44
KF053958.1.3433.undefined.-.908,908,KF053958.1.3433.undefined.-.908,50.44
KF053959.1.3434.undefined.-.908,908,KF053959.1.3434.undefined.-.908,50.44
KF053960.1.3435.undefined.-.908,908,KF053960.1.3435.undefined.-.908,50.44
KF053961.1.3436.undefined.-.908,908,KF053961.1.3436.undefined.-.908,50.44
KF053962.1.3437.undefined.-.908,908,KF053962.1.3437.undefined.-.908,50.33
KF053963.1.3438.undefined.-.908,908,KF053963.1.3438.undefined.-.908,50.55
KF053964.1.3439.undefined.-.907,907,KF053964.1.3439.undefined.-.907,50.83
KF053965.1.3440.undefined.-.907,907,KF053965.1.3440.undefined.-.907,50.83
KF053966.1.3441.undefined.-.908,908,KF053966.1.3441.undefined.-.908,50.77
KF053967.1.3442.undefined.-.908,908,KF053967.1.3442.undefined.-.908,50.77
KF053968.1.3443.undefined.-.908,908,KF053968.1.3443.undefined.-.908,50.88
KF053969.1.3444.undefined.-.908,908,KF053969.1.3444.undefined.-.908,50.77
KF053970.1.3445.undefined.-.908,908,KF053970.1.3445.undefined.-.908,50.88
KF053971.1.3446.undefined.-.908,908,KF053971.1.3446.undefined.-.908,50.88
KF053972.1.3447.undefined.-.908,908,KF053972.1.3447.undefined.-.908,50.77
KF053973.1.3448.undefined.-.908,908,KF053973.1.3448.undefined.-.908,50.77
KF053974.1.3449.undefined.-.908,908,KF053974.1.3449.undefined.-.908,50.77
KF053975.1.3450.undefined.-.908,908,KF053975.1.3450.undefined.-.908,50.77
KF053976.1.3451.undefined.-.908,908,KF053976.1.3451.undefined.-.908,50.77
KF053977.1.3452.undefined.-.908,908,KF053977.1.3452.undefined.-.908,50.77
KF053978.1.3453.undefined.-.908,908,KF053978.1.3453.undefined.-.908,50.77
KF053979.1.3454.undefined.-.908,908,KF053979.1.3454.undefined.-.908,50.77
KF053980.1.3455.undefined.-.908,908,KF053980.1.3455.undefined.-.908,50.44
KF053981.1.3456.undefined.-.908,908,KF053981.1.3456.undefined.-.908,50.33
KF053982.1.3457.undefined.-.908,908,KF053982.1.3457.undefined.-.908,50.33
KF053983.1.3458.undefined.-.908,908,KF053983.1.3458.undefined.-.908,50.44
KF053984.1.3459.undefined.-.908,908,KF053984.1.3459.undefined.-.908,50.55
KF053985.1.3460.undefined.-.907,907,KF053985.1.3460.undefined.-.907,50.72
KF053986.1.3461.undefined.-.908,908,KF053986.1.3461.undefined.-.908,50.66
KF053987.1.3462.undefined.-.908,908,KF053987.1.3462.undefined.-.908,50.55
KF053988.1.3463.undefined.-.908,908,KF053988.1.3463.undefined.-.908,50.55
KF053989.1.3464.undefined.-.908,908,KF053989.1.3464.undefined.-.908,50.88
KF053990.1.3465.undefined.-.908,908,KF053990.1.3465.undefined.-.908,50.77
KF053991.1.3466.undefined.-.908,908,KF053991.1.3466.undefined.-.908,50.77
KF053992.1.3467.undefined.-.908,908,KF053992.1.3467.undefined.-.908,50.77
KF053993.1.3468.undefined.-.908,908,KF053993.1.3468.undefined.-.908,50.88
KF053994.1.3469.undefined.-.908,908,KF053994.1.3469.undefined.-.908,50.55
KF053995.1.3470.undefined.-.908,908,KF053995.1.3470.undefined.-.908,50.44
KF053996.1.3471.undefined.-.908,908,KF053996.1.3471.undefined.-.908,50.44
KF053997.1.3472.undefined.-.908,908,KF053997.1.3472.undefined.-.908,50.44
KF053998.1.3473.undefined.-.908,908,KF053998.1.3473.undefined.-.908,50.33
KF053999.1.3474.undefined.-.908,908,KF053999.1.3474.undefined.-.908,50.11
KF054000.1.3475.undefined.-.908,908,KF054000.1.3475.undefined.-.908,50.44
KF054001.1.3476.undefined.-.908,908,KF054001.1.3476.undefined.-.908,50.66
KF054002.1.3477.undefined.-.908,908,KF054002.1.3477.undefined.-.908,50.44
KF054003.1.3478.undefined.-.908,908,KF054003.1.3478.undefined.-.908,50.44
KF054004.1.3479.undefined.-.908,908,KF054004.1.3479.undefined.-.908,50.55
KF054005.1.3480.undefined.-.908,908,KF054005.1.3480.undefined.-.908,50.55
KF054006.1.3481.undefined.-.908,908,KF054006.1.3481.undefined.-.908,50.55
KF054007.1.3482.undefined.-.908,908,KF054007.1.3482.undefined.-.908,50.55
KF054008.1.3483.undefined.-.908,908,KF054008.1.3483.undefined.-.908,50.55
KF054009.1.3484.undefined.-.908,908,KF054009.1.3484.undefined.-.908,50.55
KF054010.1.3485.undefined.-.908,908,KF054010.1.3485.undefined.-.908,50.77
KF054011.1.3486.undefined.-.908,908,KF054011.1.3486.undefined.-.908,50.99
KF054012.1.3487.undefined.-.908,908,KF054012.1.3487.undefined.-.908,50.55
KF054013.1.3488.undefined.-.908,908,KF054013.1.3488.undefined.-.908,50.22
KF054014.1.3489.undefined.-.908,908,KF054014.1.3489.undefined.-.908,50.44
KF054015.1.3490.undefined.-.908,908,KF054015.1.3490.undefined.-.908,50.55
KF054016.1.3491.undefined.-.908,908,KF054016.1.3491.undefined.-.908,50.44
KF054017.1.3492.undefined.-.908,908,KF054017.1.3492.undefined.-.908,50.33
KF054018.1.3493.undefined.-.908,908,KF054018.1.3493.undefined.-.908,50.66
KF054019.1.3494.undefined.-.908,908,KF054019.1.3494.undefined.-.908,50.77
KF054020.1.3495.undefined.-.908,908,KF054020.1.3495.undefined.-.908,50.66
KF054021.1.3496.undefined.-.908,908,KF054021.1.3496.undefined.-.908,50.44
KF054022.1.3497.undefined.-.908,908,KF054022.1.3497.undefined.-.908,50.55
KF054023.1.3498.undefined.-.908,908,KF054023.1.3498.undefined.-.908,50.55
KF054024.1.3499.undefined.-.908,908,KF054024.1.3499.undefined.-.908,50.55
KF054025.1.3500.undefined.-.908,908,KF054025.1.3500.undefined.-.908,50.33
KF054026.1.3501.undefined.-.908,908,KF054026.1.3501.undefined.-.908,50.55
KF054027.1.3502.undefined.-.908,908,KF054027.1.3502.undefined.-.908,50.55
KF054028.1.3503.undefined.-.908,908,KF054028.1.3503.undefined.-.908,50.33
KF054029.1.3504.undefined.-.908,908,KF054029.1.3504.undefined.-.908,50.55
KF054030.1.3505.undefined.-.908,908,KF054030.1.3505.undefined.-.908,50.33
KF054031.1.3506.undefined.-.908,908,KF054031.1.3506.undefined.-.908,50.55
KF054032.1.3507.undefined.-.908,908,KF054032.1.3507.undefined.-.908,50.44
KF054033.1.3508.undefined.-.908,908,KF054033.1.3508.undefined.-.908,50.44
KF054034.1.3509.undefined.-.908,908,KF054034.1.3509.undefined.-.908,50.44
KF054035.1.3510.undefined.-.908,908,KF054035.1.3510.undefined.-.908,50.44
KF054036.1.3511.undefined.-.908,908,KF054036.1.3511.undefined.-.908,50.44
KF054037.1.3512.undefined.-.908,908,KF054037.1.3512.undefined.-.908,50.77
KF054038.1.3513.undefined.-.908,908,KF054038.1.3513.undefined.-.908,50.88
KF054039.1.3514.undefined.-.908,908,KF054039.1.3514.undefined.-.908,51.32
KF146716.1.3515.undefined.-.567,567,KF146716.1.3515.undefined.-.567,58.73
KF146717.1.3516.undefined.-.524,524,KF146717.1.3516.undefined.-.524,58.21
KF146718.1.3517.undefined.-.553,553,KF146718.1.3517.undefined.-.553,58.59
KF146719.1.3518.undefined.-.514,514,KF146719.1.3518.undefined.-.514,58.4
KF146720.1.3519.undefined.-.525,525,KF146720.1.3519.undefined.-.525,57.52
KF146721.1.3520.undefined.-.563,563,KF146721.1.3520.undefined.-.563,58.08
KF146722.1.3521.undefined.-.545,545,KF146722.1.3521.undefined.-.545,58.53
KF146723.1.3522.undefined.-.533,533,KF146723.1.3522.undefined.-.533,57.97
KF146724.1.3523.undefined.-.516,516,KF146724.1.3523.undefined.-.516,57.56
KF146725.1.3524.undefined.-.523,523,KF146725.1.3524.undefined.-.523,58.13
KF146726.1.3525.undefined.-.522,522,KF146726.1.3525.undefined.-.522,58.05
KF146727.1.3526.undefined.-.544,544,KF146727.1.3526.undefined.-.544,58.46
KF146728.1.3527.undefined.-.519,519,KF146728.1.3527.undefined.-.519,57.8
KF146729.1.3528.undefined.-.547,547,KF146729.1.3528.undefined.-.547,58.68
KF146730.1.3529.undefined.-.515,515,KF146730.1.3529.undefined.-.515,58.25
KF202307.1.3530.undefined.-.840,840,KF202307.1.3530.undefined.-.840,57.5
KF202308.1.3531.undefined.-.809,809,KF202308.1.3531.undefined.-.809,57.6
KF202309.1.3532.undefined.-.810,810,KF202309.1.3532.undefined.-.810,58.4
KF202310.1.3533.undefined.-.813,813,KF202310.1.3533.undefined.-.813,57.44
KF202311.1.3534.undefined.-.872,872,KF202311.1.3534.undefined.-.872,56.54
KF202312.1.3535.undefined.-.814,814,KF202312.1.3535.undefined.-.814,57.62
KF202313.1.3536.undefined.-.872,872,KF202313.1.3536.undefined.-.872,56.65
KF202314.1.3537.undefined.-.799,799,KF202314.1.3537.undefined.-.799,58.82
KF202315.1.3538.undefined.-.860,860,KF202315.1.3538.undefined.-.860,56.63
KF202316.1.3539.undefined.-.840,840,KF202316.1.3539.undefined.-.840,57.62
KF202317.1.3540.undefined.-.858,858,KF202317.1.3540.undefined.-.858,56.06
KF202318.1.3541.undefined.-.847,847,KF202318.1.3541.undefined.-.847,56.79
KF202319.1.3542.undefined.-.858,858,KF202319.1.3542.undefined.-.858,56.64
KF202320.1.3543.undefined.-.855,855,KF202320.1.3543.undefined.-.855,57.31
KF202321.1.3544.undefined.-.849,849,KF202321.1.3544.undefined.-.849,57.24
KF202322.1.3545.undefined.-.873,873,KF202322.1.3545.undefined.-.873,56.47
KF202323.1.3546.undefined.-.850,850,KF202323.1.3546.undefined.-.850,56.47
KF202324.1.3547.undefined.-.827,827,KF202324.1.3547.undefined.-.827,57.32
KF202325.1.3548.undefined.-.821,821,KF202325.1.3548.undefined.-.821,58.1
KF202326.1.3549.undefined.-.796,796,KF202326.1.3549.undefined.-.796,58.54
KF202327.1.3550.undefined.-.800,800,KF202327.1.3550.undefined.-.800,58.38
KF242505.1.3551.undefined.-.9046,9046,KF242505.1.3551.undefined.-.9046,53.63
KF242506.1.3552.undefined.-.9046,9046,KF242506.1.3552.undefined.-.9046,53.61
KF242507.1.3553.undefined.-.522,522,KF242507.1.3553.undefined.-.522,50.38
KF242508.1.3554.undefined.-.1467,1467,KF242508.1.3554.undefined.-.1467,49.9
KF242509.1.3555.undefined.-.1467,1467,KF242509.1.3555.undefined.-.1467,49.9
KF797815.1.3556.undefined.-.8341,8341,KF797815.1.3556.undefined.-.8341,53.49
KF797816.1.3557.undefined.-.8279,8279,KF797816.1.3557.undefined.-.8279,53.53
KF797817.1.3558.undefined.-.8264,8264,KF797817.1.3558.undefined.-.8264,53.51
KF797818.1.3559.undefined.-.8269,8269,KF797818.1.3559.undefined.-.8269,53.56
KF797819.1.3560.undefined.-.8280,8280,KF797819.1.3560.undefined.-.8280,53.32
KF797820.1.3561.undefined.-.8283,8283,KF797820.1.3561.undefined.-.8283,53.51
KF797821.1.3562.undefined.-.8296,8296,KF797821.1.3562.undefined.-.8296,53.48
KF797822.1.3563.undefined.-.8279,8279,KF797822.1.3563.undefined.-.8279,53.5
KF797823.1.3564.undefined.-.8279,8279,KF797823.1.3564.undefined.-.8279,53.46
KF797824.1.3565.undefined.-.8271,8271,KF797824.1.3565.undefined.-.8271,53.49
KF797825.1.3566.undefined.-.8298,8298,KF797825.1.3566.undefined.-.8298,53.57
KF797826.1.3567.undefined.-.8280,8280,KF797826.1.3567.undefined.-.8280,53.33
KF797827.1.3568.undefined.-.8285,8285,KF797827.1.3568.undefined.-.8285,53.57
KF797828.1.3569.undefined.-.8263,8263,KF797828.1.3569.undefined.-.8263,53.43
KF797829.1.3570.undefined.-.8280,8280,KF797829.1.3570.undefined.-.8280,53.55
KF797830.1.3571.undefined.-.8280,8280,KF797830.1.3571.undefined.-.8280,53.51
KF797831.1.3572.undefined.-.8279,8279,KF797831.1.3572.undefined.-.8279,53.56
KF797832.1.3573.undefined.-.8297,8297,KF797832.1.3573.undefined.-.8297,53.55
KF797833.1.3574.undefined.-.8279,8279,KF797833.1.3574.undefined.-.8279,53.48
KF797834.1.3575.undefined.-.8297,8297,KF797834.1.3575.undefined.-.8297,53.55
KF797835.1.3576.undefined.-.8279,8279,KF797835.1.3576.undefined.-.8279,53.53
KF797836.1.3577.undefined.-.7593,7593,KF797836.1.3577.undefined.-.7593,53.09
KF797837.1.3578.undefined.-.8280,8280,KF797837.1.3578.undefined.-.8280,53.45
KF797838.1.3579.undefined.-.7902,7902,KF797838.1.3579.undefined.-.7902,53.37
KF797839.1.3580.undefined.-.8279,8279,KF797839.1.3580.undefined.-.8279,53.47
KF797840.1.3581.undefined.-.8279,8279,KF797840.1.3581.undefined.-.8279,53.5
KF797841.1.3582.undefined.-.8279,8279,KF797841.1.3582.undefined.-.8279,53.51
KF797842.1.3583.undefined.-.8279,8279,KF797842.1.3583.undefined.-.8279,53.45
KF797843.1.3584.undefined.-.8279,8279,KF797843.1.3584.undefined.-.8279,53.38
KF797844.1.3585.undefined.-.8297,8297,KF797844.1.3585.undefined.-.8297,53.33
KF797845.1.3586.undefined.-.8279,8279,KF797845.1.3586.undefined.-.8279,53.52
KF797846.1.3587.undefined.-.8396,8396,KF797846.1.3587.undefined.-.8396,53.47
KF797847.1.3588.undefined.-.8279,8279,KF797847.1.3588.undefined.-.8279,53.53
KF797848.1.3589.undefined.-.8280,8280,KF797848.1.3589.undefined.-.8280,53.49
KF797849.1.3590.undefined.-.8276,8276,KF797849.1.3590.undefined.-.8276,53.54
KF797850.1.3591.undefined.-.8277,8277,KF797850.1.3591.undefined.-.8277,53.57
KF797851.1.3592.undefined.-.7154,7154,KF797851.1.3592.undefined.-.7154,52.87
KF797852.1.3593.undefined.-.8283,8283,KF797852.1.3593.undefined.-.8283,53.34
KF797853.1.3594.undefined.-.8280,8280,KF797853.1.3594.undefined.-.8280,53.41
KF797854.1.3595.undefined.-.7886,7886,KF797854.1.3595.undefined.-.7886,53.4
KF797855.1.3596.undefined.-.8280,8280,KF797855.1.3596.undefined.-.8280,53.48
KF797856.1.3597.undefined.-.7357,7357,KF797856.1.3597.undefined.-.7357,52.96
KF797857.1.3598.undefined.-.8268,8268,KF797857.1.3598.undefined.-.8268,53.5
KF797858.1.3599.undefined.-.7610,7610,KF797858.1.3599.undefined.-.7610,53.19
KF797859.1.3600.undefined.-.8299,8299,KF797859.1.3600.undefined.-.8299,53.54
KF797860.1.3601.undefined.-.8279,8279,KF797860.1.3601.undefined.-.8279,53.58
KF797861.1.3602.undefined.-.8271,8271,KF797861.1.3602.undefined.-.8271,53.52
KF797862.1.3603.undefined.-.8280,8280,KF797862.1.3603.undefined.-.8280,53.54
KF797863.1.3604.undefined.-.8279,8279,KF797863.1.3604.undefined.-.8279,53.51
KF797864.1.3605.undefined.-.8297,8297,KF797864.1.3605.undefined.-.8297,53.53
KF797865.1.3606.undefined.-.8283,8283,KF797865.1.3606.undefined.-.8283,53.51
KF797866.1.3607.undefined.-.8050,8050,KF797866.1.3607.undefined.-.8050,53.4
KF797867.1.3608.undefined.-.8285,8285,KF797867.1.3608.undefined.-.8285,53.51
KF797868.1.3609.undefined.-.8276,8276,KF797868.1.3609.undefined.-.8276,53.5
KF797869.1.3610.undefined.-.8279,8279,KF797869.1.3610.undefined.-.8279,53.5
KF797870.1.3611.undefined.-.8279,8279,KF797870.1.3611.undefined.-.8279,53.5
KF797871.1.3612.undefined.-.8279,8279,KF797871.1.3612.undefined.-.8279,53.55
KF797872.1.3613.undefined.-.8279,8279,KF797872.1.3613.undefined.-.8279,53.52
KF797873.1.3614.undefined.-.8279,8279,KF797873.1.3614.undefined.-.8279,53.48
KF797874.1.3615.undefined.-.7532,7532,KF797874.1.3615.undefined.-.7532,52.96
KF797875.1.3616.undefined.-.8279,8279,KF797875.1.3616.undefined.-.8279,53.52
KF797876.1.3617.undefined.-.8280,8280,KF797876.1.3617.undefined.-.8280,53.36
KF797877.1.3618.undefined.-.8279,8279,KF797877.1.3618.undefined.-.8279,53.52
KF797878.1.3619.undefined.-.8274,8274,KF797878.1.3619.undefined.-.8274,53.5
KF797879.1.3620.undefined.-.8296,8296,KF797879.1.3620.undefined.-.8296,53.41
KF797880.1.3621.undefined.-.8279,8279,KF797880.1.3621.undefined.-.8279,53.39
KF797881.1.3622.undefined.-.8280,8280,KF797881.1.3622.undefined.-.8280,53.48
KF797882.1.3623.undefined.-.8280,8280,KF797882.1.3623.undefined.-.8280,53.3
KF797883.1.3624.undefined.-.7748,7748,KF797883.1.3624.undefined.-.7748,53.27
KF797884.1.3625.undefined.-.8300,8300,KF797884.1.3625.undefined.-.8300,53.46
KF797885.1.3626.undefined.-.8279,8279,KF797885.1.3626.undefined.-.8279,53.47
KF797886.1.3627.undefined.-.8396,8396,KF797886.1.3627.undefined.-.8396,53.48
KF797887.1.3628.undefined.-.8275,8275,KF797887.1.3628.undefined.-.8275,53.5
KF797888.1.3629.undefined.-.8279,8279,KF797888.1.3629.undefined.-.8279,53.47
KF797889.1.3630.undefined.-.8279,8279,KF797889.1.3630.undefined.-.8279,53.45
KF797890.1.3631.undefined.-.7809,7809,KF797890.1.3631.undefined.-.7809,53.17
KF797891.1.3632.undefined.-.6968,6968,KF797891.1.3632.undefined.-.6968,53.09
KF797892.1.3633.undefined.-.6397,6397,KF797892.1.3633.undefined.-.6397,52.93
KF797893.1.3634.undefined.-.6963,6963,KF797893.1.3634.undefined.-.6963,53.17
KF797894.1.3635.undefined.-.7187,7187,KF797894.1.3635.undefined.-.7187,53.01
KF797895.1.3636.undefined.-.7049,7049,KF797895.1.3636.undefined.-.7049,52.99
KF797896.1.3637.undefined.-.6353,6353,KF797896.1.3637.undefined.-.6353,53.36
KF797897.1.3638.undefined.-.1855,1855,KF797897.1.3638.undefined.-.1855,54.39
KF797898.1.3639.undefined.-.7262,7262,KF797898.1.3639.undefined.-.7262,53.48
KF797899.1.3640.undefined.-.925,925,KF797899.1.3640.undefined.-.925,54.05
KF797900.1.3641.undefined.-.329,329,KF797900.1.3641.undefined.-.329,53.5
KF797901.1.3642.undefined.-.7188,7188,KF797901.1.3642.undefined.-.7188,53.01
KF797902.1.3643.undefined.-.2121,2121,KF797902.1.3643.undefined.-.2121,54.31
KF797903.1.3644.undefined.-.5275,5275,KF797903.1.3644.undefined.-.5275,52.28
KF797904.1.3645.undefined.-.301,301,KF797904.1.3645.undefined.-.301,53.16
KF797905.1.3646.undefined.-.7869,7869,KF797905.1.3646.undefined.-.7869,53.29
KF797906.1.3647.undefined.-.1204,1204,KF797906.1.3647.undefined.-.1204,56.06
KF797907.1.3648.undefined.-.5154,5154,KF797907.1.3648.undefined.-.5154,52.1
KF797908.1.3649.undefined.-.1433,1433,KF797908.1.3649.undefined.-.1433,55.62
KF797909.1.3650.undefined.-.5494,5494,KF797909.1.3650.undefined.-.5494,53.09
KF797910.1.3651.undefined.-.2636,2636,KF797910.1.3651.undefined.-.2636,55.16
KF797911.1.3652.undefined.-.4460,4460,KF797911.1.3652.undefined.-.4460,53.05
KF797912.1.3653.undefined.-.3055,3055,KF797912.1.3653.undefined.-.3055,54.93
KJ544800.1.3654.undefined.-.522,522,KJ544800.1.3654.undefined.-.522,51.92
KJ544801.1.3655.undefined.-.522,522,KJ544801.1.3655.undefined.-.522,51.72
KJ544802.1.3656.undefined.-.522,522,KJ544802.1.3656.undefined.-.522,51.72
KJ544803.1.3657.undefined.-.522,522,KJ544803.1.3657.undefined.-.522,51.92
KJ544804.1.3658.undefined.-.522,522,KJ544804.1.3658.undefined.-.522,52.68
KJ544805.1.3659.undefined.-.522,522,KJ544805.1.3659.undefined.-.522,51.92
KJ544806.1.3660.undefined.-.522,522,KJ544806.1.3660.undefined.-.522,51.92
KJ544807.1.3661.undefined.-.522,522,KJ544807.1.3661.undefined.-.522,52.49
KJ544808.1.3662.undefined.-.522,522,KJ544808.1.3662.undefined.-.522,52.49
KJ544809.1.3663.undefined.-.522,522,KJ544809.1.3663.undefined.-.522,51.53
KJ544810.1.3664.undefined.-.522,522,KJ544810.1.3664.undefined.-.522,52.11
KJ544811.1.3665.undefined.-.522,522,KJ544811.1.3665.undefined.-.522,52.49
KJ544812.1.3666.undefined.-.522,522,KJ544812.1.3666.undefined.-.522,52.68
KJ544813.1.3667.undefined.-.522,522,KJ544813.1.3667.undefined.-.522,52.11
KJ544814.1.3668.undefined.-.522,522,KJ544814.1.3668.undefined.-.522,51.53
KJ544815.1.3669.undefined.-.757,757,KJ544815.1.3669.undefined.-.757,57.6
KJ544816.1.3670.undefined.-.757,757,KJ544816.1.3670.undefined.-.757,57.6
KJ544817.1.3671.undefined.-.757,757,KJ544817.1.3671.undefined.-.757,57.33
KJ544818.1.3672.undefined.-.757,757,KJ544818.1.3672.undefined.-.757,58.12
KJ544819.1.3673.undefined.-.757,757,KJ544819.1.3673.undefined.-.757,58.26
KJ544820.1.3674.undefined.-.740,740,KJ544820.1.3674.undefined.-.740,57.7
KJ544821.1.3675.undefined.-.759,759,KJ544821.1.3675.undefined.-.759,57.71
KJ544822.1.3676.undefined.-.757,757,KJ544822.1.3676.undefined.-.757,57.86
KJ544823.1.3677.undefined.-.757,757,KJ544823.1.3677.undefined.-.757,57.6
KJ544824.1.3678.undefined.-.757,757,KJ544824.1.3678.undefined.-.757,57.73
KJ544825.1.3679.undefined.-.757,757,KJ544825.1.3679.undefined.-.757,56.94
KJ544826.1.3680.undefined.-.757,757,KJ544826.1.3680.undefined.-.757,57.07
KJ544827.1.3681.undefined.-.757,757,KJ544827.1.3681.undefined.-.757,57.07
KJ544828.1.3682.undefined.-.757,757,KJ544828.1.3682.undefined.-.757,57.33
KJ544829.1.3683.undefined.-.757,757,KJ544829.1.3683.undefined.-.757,57.2
KJ544830.1.3684.undefined.-.757,757,KJ544830.1.3684.undefined.-.757,57.07
KJ544831.1.3685.undefined.-.756,756,KJ544831.1.3685.undefined.-.756,56.75
KJ544832.1.3686.undefined.-.757,757,KJ544832.1.3686.undefined.-.757,56.67
KJ544833.1.3687.undefined.-.756,756,KJ544833.1.3687.undefined.-.756,57.41
KJ544834.1.3688.undefined.-.756,756,KJ544834.1.3688.undefined.-.756,57.8
KJ544835.1.3689.undefined.-.756,756,KJ544835.1.3689.undefined.-.756,58.07
KJ544836.1.3690.undefined.-.758,758,KJ544836.1.3690.undefined.-.758,57.78
KJ544837.1.3691.undefined.-.756,756,KJ544837.1.3691.undefined.-.756,57.41
KJ544838.1.3692.undefined.-.756,756,KJ544838.1.3692.undefined.-.756,57.94
KJ544839.1.3693.undefined.-.756,756,KJ544839.1.3693.undefined.-.756,57.8
KJ544840.1.3694.undefined.-.756,756,KJ544840.1.3694.undefined.-.756,57.94
KJ544841.1.3695.undefined.-.757,757,KJ544841.1.3695.undefined.-.757,57.99
KJ544842.1.3696.undefined.-.757,757,KJ544842.1.3696.undefined.-.757,57.99
KJ544843.1.3697.undefined.-.756,756,KJ544843.1.3697.undefined.-.756,57.8
KJ544844.1.3698.undefined.-.757,757,KJ544844.1.3698.undefined.-.757,56.94
KJ544845.1.3699.undefined.-.756,756,KJ544845.1.3699.undefined.-.756,56.61
KJ544846.1.3700.undefined.-.775,775,KJ544846.1.3700.undefined.-.775,57.03
KJ544847.1.3701.undefined.-.757,757,KJ544847.1.3701.undefined.-.757,57.33
KJ544848.1.3702.undefined.-.757,757,KJ544848.1.3702.undefined.-.757,57.99
KJ544849.1.3703.undefined.-.757,757,KJ544849.1.3703.undefined.-.757,57.33
KJ544850.1.3704.undefined.-.756,756,KJ544850.1.3704.undefined.-.756,57.67
KJ544851.1.3705.undefined.-.756,756,KJ544851.1.3705.undefined.-.756,57.94
KJ544852.1.3706.undefined.-.757,757,KJ544852.1.3706.undefined.-.757,57.86
KJ544853.1.3707.undefined.-.757,757,KJ544853.1.3707.undefined.-.757,57.46
KJ544854.1.3708.undefined.-.757,757,KJ544854.1.3708.undefined.-.757,55.61
KJ544855.1.3709.undefined.-.756,756,KJ544855.1.3709.undefined.-.756,57.14
KJ826465.1.3710.undefined.-.765,765,KJ826465.1.3710.undefined.-.765,58.43
KJ826466.1.3711.undefined.-.1068,1068,KJ826466.1.3711.undefined.-.1068,53.18
KM023750.1.3712.undefined.-.635,635,KM023750.1.3712.undefined.-.635,58.9
KM023751.1.3713.undefined.-.635,635,KM023751.1.3713.undefined.-.635,59.06
KM023752.1.3714.undefined.-.636,636,KM023752.1.3714.undefined.-.636,58.18
KM023753.1.3715.undefined.-.635,635,KM023753.1.3715.undefined.-.635,58.27
KM023754.1.3716.undefined.-.636,636,KM023754.1.3716.undefined.-.636,58.49
KM023755.1.3717.undefined.-.635,635,KM023755.1.3717.undefined.-.635,58.58
KM023756.1.3718.undefined.-.635,635,KM023756.1.3718.undefined.-.635,58.58
KM023757.1.3719.undefined.-.636,636,KM023757.1.3719.undefined.-.636,58.02
KM023758.1.3720.undefined.-.636,636,KM023758.1.3720.undefined.-.636,58.02
KM023759.1.3721.undefined.-.636,636,KM023759.1.3721.undefined.-.636,58.18
KM023760.1.3722.undefined.-.634,634,KM023760.1.3722.undefined.-.634,58.83
KM023761.1.3723.undefined.-.636,636,KM023761.1.3723.undefined.-.636,58.18
KM023762.1.3724.undefined.-.635,635,KM023762.1.3724.undefined.-.635,58.74
KM023763.1.3725.undefined.-.635,635,KM023763.1.3725.undefined.-.635,58.9
KM023764.1.3726.undefined.-.636,636,KM023764.1.3726.undefined.-.636,58.49
KM023765.1.3727.undefined.-.636,636,KM023765.1.3727.undefined.-.636,58.33
KM023766.1.3728.undefined.-.635,635,KM023766.1.3728.undefined.-.635,58.74
KM023767.1.3729.undefined.-.635,635,KM023767.1.3729.undefined.-.635,58.74
KM023768.2.3730.undefined.-.637,637,KM023768.2.3730.undefined.-.637,58.24
KM023769.1.3731.undefined.-.636,636,KM023769.1.3731.undefined.-.636,58.18
KM211972.1.3732.undefined.-.662,662,KM211972.1.3732.undefined.-.662,58.91
KM211973.1.3733.undefined.-.662,662,KM211973.1.3733.undefined.-.662,59.67
KM211974.1.3734.undefined.-.662,662,KM211974.1.3734.undefined.-.662,59.52
KM211975.1.3735.undefined.-.662,662,KM211975.1.3735.undefined.-.662,59.67
KM211976.1.3736.undefined.-.662,662,KM211976.1.3736.undefined.-.662,59.52
KM211977.1.3737.undefined.-.662,662,KM211977.1.3737.undefined.-.662,58.76
KM211978.1.3738.undefined.-.662,662,KM211978.1.3738.undefined.-.662,59.21
KM211979.1.3739.undefined.-.662,662,KM211979.1.3739.undefined.-.662,59.37
KM211980.1.3740.undefined.-.662,662,KM211980.1.3740.undefined.-.662,58.76
KM211981.1.3741.undefined.-.662,662,KM211981.1.3741.undefined.-.662,59.21
KM211982.1.3742.undefined.-.662,662,KM211982.1.3742.undefined.-.662,59.52
KM211983.1.3743.undefined.-.662,662,KM211983.1.3743.undefined.-.662,59.52
KM211984.1.3744.undefined.-.662,662,KM211984.1.3744.undefined.-.662,59.0
KM211985.1.3745.undefined.-.662,662,KM211985.1.3745.undefined.-.662,59.21
KM436352.1.3746.undefined.-.300,300,KM436352.1.3746.undefined.-.300,60.33
KM436375.1.3747.undefined.-.300,300,KM436375.1.3747.undefined.-.300,61.67
KM436392.1.3748.undefined.-.300,300,KM436392.1.3748.undefined.-.300,61.67
KM436398.1.3749.undefined.-.300,300,KM436398.1.3749.undefined.-.300,61.67
KM436403.1.3750.undefined.-.300,300,KM436403.1.3750.undefined.-.300,61.33
KM436462.1.3751.undefined.-.300,300,KM436462.1.3751.undefined.-.300,62.0
KM436488.1.3752.undefined.-.300,300,KM436488.1.3752.undefined.-.300,62.0
KM436505.1.3753.undefined.-.300,300,KM436505.1.3753.undefined.-.300,60.67
KM436506.1.3754.undefined.-.300,300,KM436506.1.3754.undefined.-.300,62.0
KM436508.1.3755.undefined.-.300,300,KM436508.1.3755.undefined.-.300,61.0
KM436510.1.3756.undefined.-.300,300,KM436510.1.3756.undefined.-.300,60.67
KM436512.1.3757.undefined.-.300,300,KM436512.1.3757.undefined.-.300,62.0
KM436526.1.3758.undefined.-.300,300,KM436526.1.3758.undefined.-.300,61.33
KM436580.1.3759.undefined.-.300,300,KM436580.1.3759.undefined.-.300,60.0
KM436649.1.3760.undefined.-.300,300,KM436649.1.3760.undefined.-.300,61.33
KM436763.1.3761.undefined.-.303,303,KM436763.1.3761.undefined.-.303,59.41
KM436859.1.3762.undefined.-.300,300,KM436859.1.3762.undefined.-.300,62.0
KM436862.1.3763.undefined.-.300,300,KM436862.1.3763.undefined.-.300,62.0
KM436887.1.3764.undefined.-.300,300,KM436887.1.3764.undefined.-.300,62.0
KM436892.1.3765.undefined.-.300,300,KM436892.1.3765.undefined.-.300,62.0
KM436893.1.3766.undefined.-.300,300,KM436893.1.3766.undefined.-.300,62.0
KM436894.1.3767.undefined.-.300,300,KM436894.1.3767.undefined.-.300,62.0
KM436931.1.3768.undefined.-.300,300,KM436931.1.3768.undefined.-.300,62.0
KM436954.1.3769.undefined.-.300,300,KM436954.1.3769.undefined.-.300,62.0
KM436965.1.3770.undefined.-.300,300,KM436965.1.3770.undefined.-.300,62.0
KM436967.1.3771.undefined.-.300,300,KM436967.1.3771.undefined.-.300,62.0
KM436968.1.3772.undefined.-.300,300,KM436968.1.3772.undefined.-.300,62.0
KM436970.1.3773.undefined.-.300,300,KM436970.1.3773.undefined.-.300,62.0
KM436971.1.3774.undefined.-.300,300,KM436971.1.3774.undefined.-.300,62.0
KM436996.1.3775.undefined.-.300,300,KM436996.1.3775.undefined.-.300,62.0
KM436997.1.3776.undefined.-.300,300,KM436997.1.3776.undefined.-.300,62.0
KM437002.1.3777.undefined.-.300,300,KM437002.1.3777.undefined.-.300,62.0
KM437004.1.3778.undefined.-.300,300,KM437004.1.3778.undefined.-.300,62.0
KM437006.1.3779.undefined.-.300,300,KM437006.1.3779.undefined.-.300,62.0
KM437051.1.3780.undefined.-.300,300,KM437051.1.3780.undefined.-.300,61.67
KM437114.1.3781.undefined.-.300,300,KM437114.1.3781.undefined.-.300,61.67
KM437117.1.3782.undefined.-.303,303,KM437117.1.3782.undefined.-.303,61.39
KM437145.1.3783.undefined.-.300,300,KM437145.1.3783.undefined.-.300,61.67
KM507348.1.3784.undefined.-.757,757,KM507348.1.3784.undefined.-.757,57.99
KM507349.1.3785.undefined.-.756,756,KM507349.1.3785.undefined.-.756,57.8
KM589360.1.3786.undefined.-.522,522,KM589360.1.3786.undefined.-.522,52.3
KM589361.1.3787.undefined.-.522,522,KM589361.1.3787.undefined.-.522,52.11
KM589362.1.3788.undefined.-.522,522,KM589362.1.3788.undefined.-.522,51.72
KM589363.1.3789.undefined.-.522,522,KM589363.1.3789.undefined.-.522,52.49
KM589364.1.3790.undefined.-.522,522,KM589364.1.3790.undefined.-.522,52.87
KM589365.1.3791.undefined.-.522,522,KM589365.1.3791.undefined.-.522,52.3
KM589366.1.3792.undefined.-.522,522,KM589366.1.3792.undefined.-.522,52.3
KM589367.1.3793.undefined.-.522,522,KM589367.1.3793.undefined.-.522,52.11
KM589368.1.3794.undefined.-.522,522,KM589368.1.3794.undefined.-.522,52.3
KM589369.1.3795.undefined.-.522,522,KM589369.1.3795.undefined.-.522,51.92
KM589370.1.3796.undefined.-.522,522,KM589370.1.3796.undefined.-.522,51.72
KM589371.1.3797.undefined.-.522,522,KM589371.1.3797.undefined.-.522,51.92
KM589372.1.3798.undefined.-.522,522,KM589372.1.3798.undefined.-.522,51.92
KM589373.1.3799.undefined.-.522,522,KM589373.1.3799.undefined.-.522,52.3
KM589374.1.3800.undefined.-.522,522,KM589374.1.3800.undefined.-.522,51.92
KM589375.1.3801.undefined.-.522,522,KM589375.1.3801.undefined.-.522,51.72
KM589376.1.3802.undefined.-.522,522,KM589376.1.3802.undefined.-.522,51.92
KM589377.1.3803.undefined.-.522,522,KM589377.1.3803.undefined.-.522,52.11
KM589378.1.3804.undefined.-.522,522,KM589378.1.3804.undefined.-.522,52.11
KM589379.1.3805.undefined.-.522,522,KM589379.1.3805.undefined.-.522,51.92
KM589380.1.3806.undefined.-.522,522,KM589380.1.3806.undefined.-.522,52.11
KM589381.1.3807.undefined.-.522,522,KM589381.1.3807.undefined.-.522,52.11
KM589382.1.3808.undefined.-.522,522,KM589382.1.3808.undefined.-.522,52.87
KM822831.1.3809.undefined.-.442,442,KM822831.1.3809.undefined.-.442,57.92
KM822832.1.3810.undefined.-.443,443,KM822832.1.3810.undefined.-.443,56.43
KM822833.1.3811.undefined.-.442,442,KM822833.1.3811.undefined.-.442,57.01
KM822834.1.3812.undefined.-.442,442,KM822834.1.3812.undefined.-.442,57.01
KM822835.1.3813.undefined.-.443,443,KM822835.1.3813.undefined.-.443,57.79
KM822836.1.3814.undefined.-.442,442,KM822836.1.3814.undefined.-.442,57.01
KM822837.1.3815.undefined.-.442,442,KM822837.1.3815.undefined.-.442,57.01
KM822838.1.3816.undefined.-.444,444,KM822838.1.3816.undefined.-.444,56.98
KM822839.1.3817.undefined.-.443,443,KM822839.1.3817.undefined.-.443,57.11
KM822840.1.3818.undefined.-.443,443,KM822840.1.3818.undefined.-.443,57.11
KM822841.1.3819.undefined.-.442,442,KM822841.1.3819.undefined.-.442,57.01
KM822842.1.3820.undefined.-.442,442,KM822842.1.3820.undefined.-.442,57.01
KM822843.1.3821.undefined.-.442,442,KM822843.1.3821.undefined.-.442,57.01
KM822844.1.3822.undefined.-.442,442,KM822844.1.3822.undefined.-.442,56.79
KM822845.1.3823.undefined.-.442,442,KM822845.1.3823.undefined.-.442,57.01
KM822846.1.3824.undefined.-.443,443,KM822846.1.3824.undefined.-.443,57.11
KM822847.1.3825.undefined.-.442,442,KM822847.1.3825.undefined.-.442,57.24
KM822848.1.3826.undefined.-.442,442,KM822848.1.3826.undefined.-.442,56.79
KM822849.1.3827.undefined.-.442,442,KM822849.1.3827.undefined.-.442,57.01
KM822850.1.3828.undefined.-.442,442,KM822850.1.3828.undefined.-.442,56.79
KM822851.1.3829.undefined.-.442,442,KM822851.1.3829.undefined.-.442,57.69
KM822852.1.3830.undefined.-.443,443,KM822852.1.3830.undefined.-.443,57.34
KM822853.1.3831.undefined.-.442,442,KM822853.1.3831.undefined.-.442,57.47
KM875549.1.3832.undefined.-.643,643,KM875549.1.3832.undefined.-.643,59.1
KM875550.1.3833.undefined.-.644,644,KM875550.1.3833.undefined.-.644,58.85
KM875551.1.3834.undefined.-.640,640,KM875551.1.3834.undefined.-.640,58.91
KM875552.1.3835.undefined.-.644,644,KM875552.1.3835.undefined.-.644,58.85
KP666062.1.3836.undefined.-.943,943,KP666062.1.3836.undefined.-.943,51.22
KP666063.1.3837.undefined.-.943,943,KP666063.1.3837.undefined.-.943,51.11
KP666064.1.3838.undefined.-.943,943,KP666064.1.3838.undefined.-.943,51.33
KP666065.1.3839.undefined.-.943,943,KP666065.1.3839.undefined.-.943,51.54
KP666066.1.3840.undefined.-.943,943,KP666066.1.3840.undefined.-.943,51.22
KP666067.1.3841.undefined.-.943,943,KP666067.1.3841.undefined.-.943,51.11
KP666068.1.3842.undefined.-.943,943,KP666068.1.3842.undefined.-.943,51.22
KP666069.1.3843.undefined.-.943,943,KP666069.1.3843.undefined.-.943,51.33
KP666070.1.3844.undefined.-.943,943,KP666070.1.3844.undefined.-.943,51.27
KP666071.1.3845.undefined.-.943,943,KP666071.1.3845.undefined.-.943,51.17
KP666072.1.3846.undefined.-.943,943,KP666072.1.3846.undefined.-.943,51.22
KP666073.1.3847.undefined.-.943,943,KP666073.1.3847.undefined.-.943,51.22
KP666074.1.3848.undefined.-.943,943,KP666074.1.3848.undefined.-.943,51.22
KP666075.1.3849.undefined.-.943,943,KP666075.1.3849.undefined.-.943,51.33
KP666076.1.3850.undefined.-.943,943,KP666076.1.3850.undefined.-.943,51.22
KP666077.1.3851.undefined.-.943,943,KP666077.1.3851.undefined.-.943,51.64
KP666078.1.3852.undefined.-.943,943,KP666078.1.3852.undefined.-.943,51.54
KP666079.1.3853.undefined.-.943,943,KP666079.1.3853.undefined.-.943,51.22
KP666080.1.3854.undefined.-.943,943,KP666080.1.3854.undefined.-.943,51.33
KP666081.1.3855.undefined.-.943,943,KP666081.1.3855.undefined.-.943,51.33
KP666082.1.3856.undefined.-.943,943,KP666082.1.3856.undefined.-.943,51.43
KP666083.1.3857.undefined.-.943,943,KP666083.1.3857.undefined.-.943,51.22
KP666084.1.3858.undefined.-.943,943,KP666084.1.3858.undefined.-.943,51.33
KP666085.1.3859.undefined.-.943,943,KP666085.1.3859.undefined.-.943,51.22
KP666086.1.3860.undefined.-.943,943,KP666086.1.3860.undefined.-.943,51.22
KP666087.1.3861.undefined.-.943,943,KP666087.1.3861.undefined.-.943,51.22
KP666088.1.3862.undefined.-.943,943,KP666088.1.3862.undefined.-.943,51.22
KR337594.1.3863.undefined.-.633,633,KR337594.1.3863.undefined.-.633,58.29
KR337595.1.3864.undefined.-.633,633,KR337595.1.3864.undefined.-.633,58.93
KR337596.1.3865.undefined.-.633,633,KR337596.1.3865.undefined.-.633,58.29
KR337597.1.3866.undefined.-.633,633,KR337597.1.3866.undefined.-.633,58.93
KR337598.1.3867.undefined.-.633,633,KR337598.1.3867.undefined.-.633,59.24
KR337599.1.3868.undefined.-.633,633,KR337599.1.3868.undefined.-.633,57.98
KR337600.1.3869.undefined.-.633,633,KR337600.1.3869.undefined.-.633,58.14
KR337601.1.3870.undefined.-.632,632,KR337601.1.3870.undefined.-.632,58.54
KR337602.1.3871.undefined.-.633,633,KR337602.1.3871.undefined.-.633,58.93
KR337603.1.3872.undefined.-.633,633,KR337603.1.3872.undefined.-.633,58.93
KR337604.1.3873.undefined.-.633,633,KR337604.1.3873.undefined.-.633,58.93
KR337605.1.3874.undefined.-.633,633,KR337605.1.3874.undefined.-.633,58.45
KR337606.1.3875.undefined.-.632,632,KR337606.1.3875.undefined.-.632,59.02
KR337607.1.3876.undefined.-.633,633,KR337607.1.3876.undefined.-.633,58.93
KR337608.1.3877.undefined.-.633,633,KR337608.1.3877.undefined.-.633,58.77
KR337609.1.3878.undefined.-.633,633,KR337609.1.3878.undefined.-.633,58.93
KR337610.1.3879.undefined.-.632,632,KR337610.1.3879.undefined.-.632,58.23
KR337611.1.3880.undefined.-.633,633,KR337611.1.3880.undefined.-.633,58.29
KR337612.1.3881.undefined.-.633,633,KR337612.1.3881.undefined.-.633,59.24
KR337613.1.3882.undefined.-.631,631,KR337613.1.3882.undefined.-.631,58.8
KR337614.1.3883.undefined.-.632,632,KR337614.1.3883.undefined.-.632,58.86
KR337634.1.3884.undefined.-.300,300,KR337634.1.3884.undefined.-.300,61.0
KR819400.1.3885.undefined.-.807,807,KR819400.1.3885.undefined.-.807,58.36
KT190712.1.3886.undefined.-.787,787,KT190712.1.3886.undefined.-.787,57.94
KT268313.1.3887.undefined.-.1059,1059,KT268313.1.3887.undefined.-.1059,53.54
KT268314.1.3888.undefined.-.1059,1059,KT268314.1.3888.undefined.-.1059,53.64
KT351453.1.3889.undefined.-.675,675,KT351453.1.3889.undefined.-.675,59.11
KT351454.1.3890.undefined.-.677,677,KT351454.1.3890.undefined.-.677,58.79
KT351455.1.3891.undefined.-.677,677,KT351455.1.3891.undefined.-.677,59.38
KT351456.1.3892.undefined.-.661,661,KT351456.1.3892.undefined.-.661,59.46
KT351457.1.3893.undefined.-.675,675,KT351457.1.3893.undefined.-.675,58.81
KT351458.1.3894.undefined.-.675,675,KT351458.1.3894.undefined.-.675,58.81
KT351459.1.3895.undefined.-.677,677,KT351459.1.3895.undefined.-.677,58.35
KT351460.1.3896.undefined.-.675,675,KT351460.1.3896.undefined.-.675,59.11
KT351461.1.3897.undefined.-.675,675,KT351461.1.3897.undefined.-.675,58.96
KT351462.1.3898.undefined.-.675,675,KT351462.1.3898.undefined.-.675,59.2
KT351463.1.3899.undefined.-.675,675,KT351463.1.3899.undefined.-.675,59.11
KT351464.1.3900.undefined.-.675,675,KT351464.1.3900.undefined.-.675,59.11
KT351465.1.3901.undefined.-.675,675,KT351465.1.3901.undefined.-.675,59.26
KT351466.1.3902.undefined.-.677,677,KT351466.1.3902.undefined.-.677,58.35
KT351467.1.3903.undefined.-.677,677,KT351467.1.3903.undefined.-.677,58.79
KT351468.1.3904.undefined.-.675,675,KT351468.1.3904.undefined.-.675,59.11
KT351469.1.3905.undefined.-.675,675,KT351469.1.3905.undefined.-.675,59.11
KT351470.1.3906.undefined.-.635,635,KT351470.1.3906.undefined.-.635,53.54
KT351471.1.3907.undefined.-.635,635,KT351471.1.3907.undefined.-.635,54.17
KT351472.1.3908.undefined.-.635,635,KT351472.1.3908.undefined.-.635,54.17
KT351473.1.3909.undefined.-.635,635,KT351473.1.3909.undefined.-.635,54.17
KT351474.1.3910.undefined.-.635,635,KT351474.1.3910.undefined.-.635,53.7
KT351475.1.3911.undefined.-.635,635,KT351475.1.3911.undefined.-.635,53.86
KT351476.1.3912.undefined.-.635,635,KT351476.1.3912.undefined.-.635,53.7
KT351477.1.3913.undefined.-.635,635,KT351477.1.3913.undefined.-.635,54.17
KT351478.1.3914.undefined.-.635,635,KT351478.1.3914.undefined.-.635,54.17
KT351479.1.3915.undefined.-.635,635,KT351479.1.3915.undefined.-.635,53.86
KT351480.1.3916.undefined.-.635,635,KT351480.1.3916.undefined.-.635,53.86
KT351481.1.3917.undefined.-.635,635,KT351481.1.3917.undefined.-.635,54.17
KT351482.1.3918.undefined.-.635,635,KT351482.1.3918.undefined.-.635,53.86
KT351483.1.3919.undefined.-.635,635,KT351483.1.3919.undefined.-.635,54.17
KT351484.1.3920.undefined.-.635,635,KT351484.1.3920.undefined.-.635,53.86
KT351485.1.3921.undefined.-.635,635,KT351485.1.3921.undefined.-.635,54.02
KT351486.1.3922.undefined.-.635,635,KT351486.1.3922.undefined.-.635,53.86
KT351487.1.3923.undefined.-.635,635,KT351487.1.3923.undefined.-.635,54.02
KT351488.1.3924.undefined.-.635,635,KT351488.1.3924.undefined.-.635,54.17
KT351489.1.3925.undefined.-.635,635,KT351489.1.3925.undefined.-.635,53.86
KT351490.1.3926.undefined.-.635,635,KT351490.1.3926.undefined.-.635,53.86
KT351491.1.3927.undefined.-.635,635,KT351491.1.3927.undefined.-.635,54.17
KT351492.1.3928.undefined.-.635,635,KT351492.1.3928.undefined.-.635,54.49
KT351493.1.3929.undefined.-.635,635,KT351493.1.3929.undefined.-.635,54.33
KT351494.1.3930.undefined.-.635,635,KT351494.1.3930.undefined.-.635,53.86
KT351495.1.3931.undefined.-.635,635,KT351495.1.3931.undefined.-.635,53.86
KT351496.1.3932.undefined.-.635,635,KT351496.1.3932.undefined.-.635,54.17
KT351497.1.3933.undefined.-.635,635,KT351497.1.3933.undefined.-.635,53.86
KT351498.1.3934.undefined.-.635,635,KT351498.1.3934.undefined.-.635,53.86
KT351499.1.3935.undefined.-.635,635,KT351499.1.3935.undefined.-.635,53.86
KT351500.1.3936.undefined.-.635,635,KT351500.1.3936.undefined.-.635,53.86
KT351501.1.3937.undefined.-.635,635,KT351501.1.3937.undefined.-.635,54.17
KT351502.1.3938.undefined.-.635,635,KT351502.1.3938.undefined.-.635,54.17
KT351503.1.3939.undefined.-.635,635,KT351503.1.3939.undefined.-.635,54.17
KT351504.1.3940.undefined.-.635,635,KT351504.1.3940.undefined.-.635,53.86
KT351505.1.3941.undefined.-.635,635,KT351505.1.3941.undefined.-.635,53.54
KT351506.1.3942.undefined.-.635,635,KT351506.1.3942.undefined.-.635,54.33
KT351507.1.3943.undefined.-.635,635,KT351507.1.3943.undefined.-.635,53.86
KT351508.1.3944.undefined.-.635,635,KT351508.1.3944.undefined.-.635,54.17
KT351509.1.3945.undefined.-.996,996,KT351509.1.3945.undefined.-.996,53.61
KT351510.1.3946.undefined.-.996,996,KT351510.1.3946.undefined.-.996,53.61
KT351511.1.3947.undefined.-.996,996,KT351511.1.3947.undefined.-.996,53.82
KT351512.1.3948.undefined.-.996,996,KT351512.1.3948.undefined.-.996,53.71
KT351513.1.3949.undefined.-.996,996,KT351513.1.3949.undefined.-.996,53.61
KT351514.1.3950.undefined.-.996,996,KT351514.1.3950.undefined.-.996,53.71
KT351515.1.3951.undefined.-.996,996,KT351515.1.3951.undefined.-.996,53.71
KT351516.1.3952.undefined.-.996,996,KT351516.1.3952.undefined.-.996,53.71
KT351517.1.3953.undefined.-.996,996,KT351517.1.3953.undefined.-.996,53.71
KT351518.1.3954.undefined.-.996,996,KT351518.1.3954.undefined.-.996,53.71
KT351519.1.3955.undefined.-.996,996,KT351519.1.3955.undefined.-.996,53.71
KT351520.1.3956.undefined.-.996,996,KT351520.1.3956.undefined.-.996,53.61
KT351521.1.3957.undefined.-.996,996,KT351521.1.3957.undefined.-.996,53.61
KT351522.1.3958.undefined.-.996,996,KT351522.1.3958.undefined.-.996,53.82
KT351523.1.3959.undefined.-.996,996,KT351523.1.3959.undefined.-.996,53.61
KT351524.1.3960.undefined.-.996,996,KT351524.1.3960.undefined.-.996,53.71
KT351525.1.3961.undefined.-.996,996,KT351525.1.3961.undefined.-.996,53.61
KT351526.1.3962.undefined.-.996,996,KT351526.1.3962.undefined.-.996,53.71
KT351527.1.3963.undefined.-.996,996,KT351527.1.3963.undefined.-.996,53.82
KT351528.1.3964.undefined.-.996,996,KT351528.1.3964.undefined.-.996,53.51
KT351529.1.3965.undefined.-.996,996,KT351529.1.3965.undefined.-.996,53.61
KT351530.1.3966.undefined.-.996,996,KT351530.1.3966.undefined.-.996,53.71
KT351531.1.3967.undefined.-.996,996,KT351531.1.3967.undefined.-.996,53.61
KT351532.1.3968.undefined.-.996,996,KT351532.1.3968.undefined.-.996,53.71
KT351533.1.3969.undefined.-.996,996,KT351533.1.3969.undefined.-.996,53.61
KT351534.1.3970.undefined.-.996,996,KT351534.1.3970.undefined.-.996,53.82
KT351535.1.3971.undefined.-.996,996,KT351535.1.3971.undefined.-.996,53.61
KT351536.1.3972.undefined.-.996,996,KT351536.1.3972.undefined.-.996,53.71
KT351537.1.3973.undefined.-.996,996,KT351537.1.3973.undefined.-.996,53.71
KT351538.1.3974.undefined.-.996,996,KT351538.1.3974.undefined.-.996,53.61
KT351539.1.3975.undefined.-.996,996,KT351539.1.3975.undefined.-.996,53.71
KT351540.1.3976.undefined.-.996,996,KT351540.1.3976.undefined.-.996,53.71
KT351541.1.3977.undefined.-.996,996,KT351541.1.3977.undefined.-.996,53.71
KT351542.1.3978.undefined.-.1052,1052,KT351542.1.3978.undefined.-.1052,53.42
KT351543.1.3979.undefined.-.1071,1071,KT351543.1.3979.undefined.-.1071,53.22
KT351544.1.3980.undefined.-.1071,1071,KT351544.1.3980.undefined.-.1071,53.31
KT351545.1.3981.undefined.-.894,894,KT351545.1.3981.undefined.-.894,53.36
KT351546.1.3982.undefined.-.894,894,KT351546.1.3982.undefined.-.894,53.36
KT351547.1.3983.undefined.-.894,894,KT351547.1.3983.undefined.-.894,53.36
KT351548.1.3984.undefined.-.894,894,KT351548.1.3984.undefined.-.894,53.47
KT351549.1.3985.undefined.-.894,894,KT351549.1.3985.undefined.-.894,53.36
KT351550.1.3986.undefined.-.894,894,KT351550.1.3986.undefined.-.894,53.36
KT351551.1.3987.undefined.-.894,894,KT351551.1.3987.undefined.-.894,53.47
KT351552.1.3988.undefined.-.894,894,KT351552.1.3988.undefined.-.894,53.58
KT351553.1.3989.undefined.-.894,894,KT351553.1.3989.undefined.-.894,53.58
KT351554.1.3990.undefined.-.894,894,KT351554.1.3990.undefined.-.894,53.36
KT351555.1.3991.undefined.-.894,894,KT351555.1.3991.undefined.-.894,53.36
KT351556.1.3992.undefined.-.894,894,KT351556.1.3992.undefined.-.894,53.47
KT351557.1.3993.undefined.-.894,894,KT351557.1.3993.undefined.-.894,53.36
KT351558.1.3994.undefined.-.894,894,KT351558.1.3994.undefined.-.894,53.36
KT351559.1.3995.undefined.-.894,894,KT351559.1.3995.undefined.-.894,53.58
KT351560.1.3996.undefined.-.894,894,KT351560.1.3996.undefined.-.894,53.24
KT351561.1.3997.undefined.-.894,894,KT351561.1.3997.undefined.-.894,53.36
KT351562.1.3998.undefined.-.894,894,KT351562.1.3998.undefined.-.894,53.36
KT351563.1.3999.undefined.-.894,894,KT351563.1.3999.undefined.-.894,53.36
KT351564.1.4000.undefined.-.894,894,KT351564.1.4000.undefined.-.894,53.36
KT351565.1.4001.undefined.-.1041,1041,KT351565.1.4001.undefined.-.1041,52.64
KT351566.1.4002.undefined.-.1041,1041,KT351566.1.4002.undefined.-.1041,52.74
KT351567.1.4003.undefined.-.1041,1041,KT351567.1.4003.undefined.-.1041,52.74
KT351568.1.4004.undefined.-.1041,1041,KT351568.1.4004.undefined.-.1041,52.74
KT351569.1.4005.undefined.-.1041,1041,KT351569.1.4005.undefined.-.1041,52.74
KT351570.1.4006.undefined.-.1005,1005,KT351570.1.4006.undefined.-.1005,52.84
KT351571.1.4007.undefined.-.1041,1041,KT351571.1.4007.undefined.-.1041,52.64
KT351572.1.4008.undefined.-.1041,1041,KT351572.1.4008.undefined.-.1041,52.74
KT351573.1.4009.undefined.-.1041,1041,KT351573.1.4009.undefined.-.1041,52.64
KT351574.1.4010.undefined.-.1041,1041,KT351574.1.4010.undefined.-.1041,52.64
KT351575.1.4011.undefined.-.1041,1041,KT351575.1.4011.undefined.-.1041,52.74
KT351576.1.4012.undefined.-.1041,1041,KT351576.1.4012.undefined.-.1041,52.74
KT351577.1.4013.undefined.-.1041,1041,KT351577.1.4013.undefined.-.1041,52.74
KT351578.1.4014.undefined.-.1041,1041,KT351578.1.4014.undefined.-.1041,52.74
KT351579.1.4015.undefined.-.1041,1041,KT351579.1.4015.undefined.-.1041,52.74
KT351580.1.4016.undefined.-.1041,1041,KT351580.1.4016.undefined.-.1041,52.64
KT351581.1.4017.undefined.-.1041,1041,KT351581.1.4017.undefined.-.1041,52.64
KT351582.1.4018.undefined.-.1041,1041,KT351582.1.4018.undefined.-.1041,52.74
KT351583.1.4019.undefined.-.1041,1041,KT351583.1.4019.undefined.-.1041,52.74
KT351584.1.4020.undefined.-.1041,1041,KT351584.1.4020.undefined.-.1041,52.45
KT351585.1.4021.undefined.-.1041,1041,KT351585.1.4021.undefined.-.1041,52.74
KT633516.1.4022.undefined.-.511,511,KT633516.1.4022.undefined.-.511,53.03
KT633517.1.4023.undefined.-.532,532,KT633517.1.4023.undefined.-.532,53.76
KT633518.1.4024.undefined.-.450,450,KT633518.1.4024.undefined.-.450,52.44
KT633519.1.4025.undefined.-.532,532,KT633519.1.4025.undefined.-.532,53.57
KT633520.1.4026.undefined.-.491,491,KT633520.1.4026.undefined.-.491,54.38
KT633521.1.4027.undefined.-.446,446,KT633521.1.4027.undefined.-.446,52.47
KT633522.1.4028.undefined.-.715,715,KT633522.1.4028.undefined.-.715,59.44
KT633523.1.4029.undefined.-.687,687,KT633523.1.4029.undefined.-.687,58.22
KT633524.1.4030.undefined.-.674,674,KT633524.1.4030.undefined.-.674,56.97
KT633525.1.4031.undefined.-.443,443,KT633525.1.4031.undefined.-.443,52.6
KT633526.1.4032.undefined.-.510,510,KT633526.1.4032.undefined.-.510,53.33
KT633527.1.4033.undefined.-.953,953,KT633527.1.4033.undefined.-.953,53.62
KT633528.1.4034.undefined.-.958,958,KT633528.1.4034.undefined.-.958,53.55
KT633529.1.4035.undefined.-.925,925,KT633529.1.4035.undefined.-.925,53.84
KT633530.1.4036.undefined.-.696,696,KT633530.1.4036.undefined.-.696,57.04
KT633531.1.4037.undefined.-.961,961,KT633531.1.4037.undefined.-.961,53.38
KT633532.1.4038.undefined.-.965,965,KT633532.1.4038.undefined.-.965,53.68
KT633533.1.4039.undefined.-.958,958,KT633533.1.4039.undefined.-.958,53.55
KT633534.1.4040.undefined.-.832,832,KT633534.1.4040.undefined.-.832,55.53
KT633535.1.4041.undefined.-.965,965,KT633535.1.4041.undefined.-.965,53.68
KT633536.1.4042.undefined.-.963,963,KT633536.1.4042.undefined.-.963,54.1
KU214243.1.4043.undefined.-.9040,9040,KU214243.1.4043.undefined.-.9040,53.81
KU680619.1.4044.undefined.-.685,685,KU680619.1.4044.undefined.-.685,57.66
KU680620.1.4045.undefined.-.790,790,KU680620.1.4045.undefined.-.790,56.33
KU680621.1.4046.undefined.-.744,744,KU680621.1.4046.undefined.-.744,58.06
KU680622.1.4047.undefined.-.857,857,KU680622.1.4047.undefined.-.857,54.96
KU680623.1.4048.undefined.-.790,790,KU680623.1.4048.undefined.-.790,56.2
KU680624.1.4049.undefined.-.709,709,KU680624.1.4049.undefined.-.709,55.99
KU680625.1.4050.undefined.-.780,780,KU680625.1.4050.undefined.-.780,55.51
KU680626.1.4051.undefined.-.694,694,KU680626.1.4051.undefined.-.694,57.78
KU680627.1.4052.undefined.-.648,648,KU680627.1.4052.undefined.-.648,58.18
KU680628.1.4053.undefined.-.382,382,KU680628.1.4053.undefined.-.382,58.38
KU680629.1.4054.undefined.-.382,382,KU680629.1.4054.undefined.-.382,58.38
KU680630.1.4055.undefined.-.382,382,KU680630.1.4055.undefined.-.382,58.12
KU680631.1.4056.undefined.-.382,382,KU680631.1.4056.undefined.-.382,58.38
KU680632.1.4057.undefined.-.382,382,KU680632.1.4057.undefined.-.382,57.85
KU680633.1.4058.undefined.-.382,382,KU680633.1.4058.undefined.-.382,58.12
KU680634.1.4059.undefined.-.382,382,KU680634.1.4059.undefined.-.382,58.38
KU680635.1.4060.undefined.-.382,382,KU680635.1.4060.undefined.-.382,59.95
KU680636.1.4061.undefined.-.382,382,KU680636.1.4061.undefined.-.382,58.12
KU680637.1.4062.undefined.-.382,382,KU680637.1.4062.undefined.-.382,57.85
KU680638.1.4063.undefined.-.382,382,KU680638.1.4063.undefined.-.382,59.69
KU863539.1.4064.undefined.-.839,839,KU863539.1.4064.undefined.-.839,52.56
KU992917.1.4065.undefined.-.480,480,KU992917.1.4065.undefined.-.480,57.5
KU992918.1.4066.undefined.-.479,479,KU992918.1.4066.undefined.-.479,57.83
KU992919.1.4067.undefined.-.482,482,KU992919.1.4067.undefined.-.482,58.42
KU992920.1.4068.undefined.-.480,480,KU992920.1.4068.undefined.-.480,57.92
KU992921.1.4069.undefined.-.480,480,KU992921.1.4069.undefined.-.480,57.92
KU992922.1.4070.undefined.-.482,482,KU992922.1.4070.undefined.-.482,57.88
KU992923.1.4071.undefined.-.482,482,KU992923.1.4071.undefined.-.482,58.09
KU992924.1.4072.undefined.-.480,480,KU992924.1.4072.undefined.-.480,58.13
KU992925.1.4073.undefined.-.481,481,KU992925.1.4073.undefined.-.481,57.38
KU992926.1.4074.undefined.-.473,473,KU992926.1.4074.undefined.-.473,59.41
KU992927.1.4075.undefined.-.476,476,KU992927.1.4075.undefined.-.476,57.56
KX172132.1.4076.undefined.-.523,523,KX172132.1.4076.undefined.-.523,58.7
KX198714.1.4077.undefined.-.435,435,KX198714.1.4077.undefined.-.435,57.7
KX198715.1.4078.undefined.-.436,436,KX198715.1.4078.undefined.-.436,57.8
KX198716.1.4079.undefined.-.435,435,KX198716.1.4079.undefined.-.435,57.93
KX198717.1.4080.undefined.-.435,435,KX198717.1.4080.undefined.-.435,58.16
KX198718.1.4081.undefined.-.435,435,KX198718.1.4081.undefined.-.435,57.7
KX198719.1.4082.undefined.-.435,435,KX198719.1.4082.undefined.-.435,57.7
KX198720.1.4083.undefined.-.435,435,KX198720.1.4083.undefined.-.435,57.93
KX198721.1.4084.undefined.-.435,435,KX198721.1.4084.undefined.-.435,57.7
KX198722.1.4085.undefined.-.435,435,KX198722.1.4085.undefined.-.435,58.16
KX198723.1.4086.undefined.-.435,435,KX198723.1.4086.undefined.-.435,57.7
KX198724.1.4087.undefined.-.435,435,KX198724.1.4087.undefined.-.435,57.93
KX198725.1.4088.undefined.-.435,435,KX198725.1.4088.undefined.-.435,57.7
KX198726.1.4089.undefined.-.435,435,KX198726.1.4089.undefined.-.435,57.7
KX198727.1.4090.undefined.-.435,435,KX198727.1.4090.undefined.-.435,57.7
KX198728.1.4091.undefined.-.435,435,KX198728.1.4091.undefined.-.435,57.7
KX198729.1.4092.undefined.-.435,435,KX198729.1.4092.undefined.-.435,57.7
KX198730.1.4093.undefined.-.435,435,KX198730.1.4093.undefined.-.435,57.47
KX198731.1.4094.undefined.-.435,435,KX198731.1.4094.undefined.-.435,57.47
KX198732.1.4095.undefined.-.435,435,KX198732.1.4095.undefined.-.435,57.93
KX198733.1.4096.undefined.-.435,435,KX198733.1.4096.undefined.-.435,58.16
KX198734.1.4097.undefined.-.435,435,KX198734.1.4097.undefined.-.435,57.93
KX198735.1.4098.undefined.-.435,435,KX198735.1.4098.undefined.-.435,57.7
KX198736.1.4099.undefined.-.758,758,KX198736.1.4099.undefined.-.758,56.2
KX198737.1.4100.undefined.-.588,588,KX198737.1.4100.undefined.-.588,57.65
KX198738.1.4101.undefined.-.749,749,KX198738.1.4101.undefined.-.749,55.81
KX198739.1.4102.undefined.-.723,723,KX198739.1.4102.undefined.-.723,56.29
KX198740.1.4103.undefined.-.588,588,KX198740.1.4103.undefined.-.588,57.65
KX198741.1.4104.undefined.-.759,759,KX198741.1.4104.undefined.-.759,55.73
KX198742.1.4105.undefined.-.747,747,KX198742.1.4105.undefined.-.747,55.96
KX198743.1.4106.undefined.-.754,754,KX198743.1.4106.undefined.-.754,55.97
KX198744.1.4107.undefined.-.745,745,KX198744.1.4107.undefined.-.745,55.84
KX198745.1.4108.undefined.-.764,764,KX198745.1.4108.undefined.-.764,55.89
KX198746.1.4109.undefined.-.759,759,KX198746.1.4109.undefined.-.759,55.6
KX430030.1.4110.undefined.-.9037,9037,KX430030.1.4110.undefined.-.9037,53.62
KX430031.1.4111.undefined.-.9036,9036,KX430031.1.4111.undefined.-.9036,53.62
KX905202.1.4112.undefined.-.9033,9033,KX905202.1.4112.undefined.-.9033,53.49
KX905203.1.4113.undefined.-.9033,9033,KX905203.1.4113.undefined.-.9033,53.6
KY462188.1.4114.undefined.-.630,630,KY462188.1.4114.undefined.-.630,58.89
KY462189.1.4115.undefined.-.642,642,KY462189.1.4115.undefined.-.642,59.19
KY462190.1.4116.undefined.-.643,643,KY462190.1.4116.undefined.-.643,59.25
KY462191.1.4117.undefined.-.643,643,KY462191.1.4117.undefined.-.643,58.79
KY462192.1.4118.undefined.-.297,297,KY462192.1.4118.undefined.-.297,58.59
KY462193.1.4119.undefined.-.642,642,KY462193.1.4119.undefined.-.642,59.03
KY462194.1.4120.undefined.-.641,641,KY462194.1.4120.undefined.-.641,59.28
KY462195.1.4121.undefined.-.623,623,KY462195.1.4121.undefined.-.623,60.03
KY462196.1.4122.undefined.-.642,642,KY462196.1.4122.undefined.-.642,59.35
KY462197.1.4123.undefined.-.642,642,KY462197.1.4123.undefined.-.642,59.35
KY462198.1.4124.undefined.-.627,627,KY462198.1.4124.undefined.-.627,58.85
KY462199.1.4125.undefined.-.624,624,KY462199.1.4125.undefined.-.624,58.17
KY462200.1.4126.undefined.-.642,642,KY462200.1.4126.undefined.-.642,59.35
KY462201.1.4127.undefined.-.641,641,KY462201.1.4127.undefined.-.641,59.13
KY462202.1.4128.undefined.-.642,642,KY462202.1.4128.undefined.-.642,59.03
KY462203.1.4129.undefined.-.641,641,KY462203.1.4129.undefined.-.641,59.44
KY462204.1.4130.undefined.-.642,642,KY462204.1.4130.undefined.-.642,59.35
KY462205.1.4131.undefined.-.621,621,KY462205.1.4131.undefined.-.621,59.74
KY462206.1.4132.undefined.-.642,642,KY462206.1.4132.undefined.-.642,59.35
KY462207.1.4133.undefined.-.642,642,KY462207.1.4133.undefined.-.642,58.88
KY462208.1.4134.undefined.-.642,642,KY462208.1.4134.undefined.-.642,59.35
KY462209.1.4135.undefined.-.641,641,KY462209.1.4135.undefined.-.641,59.44
KY490557.1.4136.undefined.-.526,526,KY490557.1.4136.undefined.-.526,58.37
KY490558.1.4137.undefined.-.526,526,KY490558.1.4137.undefined.-.526,58.75
KY490559.1.4138.undefined.-.526,526,KY490559.1.4138.undefined.-.526,58.56
KY490560.1.4139.undefined.-.526,526,KY490560.1.4139.undefined.-.526,58.56
KY490561.1.4140.undefined.-.526,526,KY490561.1.4140.undefined.-.526,58.17
KY490562.1.4141.undefined.-.526,526,KY490562.1.4141.undefined.-.526,58.75
KY490563.1.4142.undefined.-.526,526,KY490563.1.4142.undefined.-.526,58.75
KY490564.1.4143.undefined.-.526,526,KY490564.1.4143.undefined.-.526,58.17
KY490565.1.4144.undefined.-.526,526,KY490565.1.4144.undefined.-.526,58.56
KY490566.1.4145.undefined.-.526,526,KY490566.1.4145.undefined.-.526,58.37
KY490567.1.4146.undefined.-.526,526,KY490567.1.4146.undefined.-.526,58.75
KY490568.1.4147.undefined.-.526,526,KY490568.1.4147.undefined.-.526,58.75
KY490569.1.4148.undefined.-.526,526,KY490569.1.4148.undefined.-.526,58.37
KY490570.1.4149.undefined.-.526,526,KY490570.1.4149.undefined.-.526,58.75
KY490571.1.4150.undefined.-.526,526,KY490571.1.4150.undefined.-.526,58.75
KY490572.1.4151.undefined.-.526,526,KY490572.1.4151.undefined.-.526,58.75
KY490573.1.4152.undefined.-.526,526,KY490573.1.4152.undefined.-.526,58.75
KY490574.1.4153.undefined.-.526,526,KY490574.1.4153.undefined.-.526,58.56
KY490575.1.4154.undefined.-.526,526,KY490575.1.4154.undefined.-.526,58.17
KY490576.1.4155.undefined.-.526,526,KY490576.1.4155.undefined.-.526,58.56
KY490577.1.4156.undefined.-.526,526,KY490577.1.4156.undefined.-.526,58.75
KY490578.1.4157.undefined.-.526,526,KY490578.1.4157.undefined.-.526,58.56
KY490579.1.4158.undefined.-.526,526,KY490579.1.4158.undefined.-.526,58.56
KY490580.1.4159.undefined.-.526,526,KY490580.1.4159.undefined.-.526,58.37
KY490581.1.4160.undefined.-.526,526,KY490581.1.4160.undefined.-.526,58.94
KY493161.1.4161.undefined.-.361,361,KY493161.1.4161.undefined.-.361,55.68
KY493162.1.4162.undefined.-.492,492,KY493162.1.4162.undefined.-.492,57.32
KY493163.1.4163.undefined.-.492,492,KY493163.1.4163.undefined.-.492,57.52
KY493164.1.4164.undefined.-.361,361,KY493164.1.4164.undefined.-.361,55.96
KY493165.1.4165.undefined.-.492,492,KY493165.1.4165.undefined.-.492,57.11
KY493166.1.4166.undefined.-.361,361,KY493166.1.4166.undefined.-.361,56.11
KY493167.1.4167.undefined.-.361,361,KY493167.1.4167.undefined.-.361,56.51
KY493168.1.4168.undefined.-.492,492,KY493168.1.4168.undefined.-.492,57.32
KY493169.1.4169.undefined.-.359,359,KY493169.1.4169.undefined.-.359,55.43
KY493170.1.4170.undefined.-.492,492,KY493170.1.4170.undefined.-.492,57.32
KY493171.1.4171.undefined.-.361,361,KY493171.1.4171.undefined.-.361,56.51
KY493172.1.4172.undefined.-.361,361,KY493172.1.4172.undefined.-.361,55.96
KY493173.1.4173.undefined.-.361,361,KY493173.1.4173.undefined.-.361,55.68
KY493174.1.4174.undefined.-.361,361,KY493174.1.4174.undefined.-.361,55.68
KY493175.1.4175.undefined.-.361,361,KY493175.1.4175.undefined.-.361,55.96
KY493176.1.4176.undefined.-.492,492,KY493176.1.4176.undefined.-.492,56.91
KY493177.1.4177.undefined.-.361,361,KY493177.1.4177.undefined.-.361,55.68
KY493178.1.4178.undefined.-.361,361,KY493178.1.4178.undefined.-.361,55.96
KY493179.1.4179.undefined.-.361,361,KY493179.1.4179.undefined.-.361,55.96
KY493180.1.4180.undefined.-.492,492,KY493180.1.4180.undefined.-.492,57.11
KY493181.1.4181.undefined.-.361,361,KY493181.1.4181.undefined.-.361,57.34
KY493182.1.4182.undefined.-.361,361,KY493182.1.4182.undefined.-.361,55.96
KY493183.1.4183.undefined.-.492,492,KY493183.1.4183.undefined.-.492,57.32
KY493184.1.4184.undefined.-.361,361,KY493184.1.4184.undefined.-.361,54.29
KY493185.1.4185.undefined.-.379,379,KY493185.1.4185.undefined.-.379,56.2
KY493186.1.4186.undefined.-.507,507,KY493186.1.4186.undefined.-.507,57.4
KY493187.1.4187.undefined.-.379,379,KY493187.1.4187.undefined.-.379,55.82
KY493188.1.4188.undefined.-.366,366,KY493188.1.4188.undefined.-.366,55.07
KY493189.1.4189.undefined.-.369,369,KY493189.1.4189.undefined.-.369,57.18
KY493190.1.4190.undefined.-.338,338,KY493190.1.4190.undefined.-.338,51.63
KY493191.1.4191.undefined.-.451,451,KY493191.1.4191.undefined.-.451,55.43
KY493192.1.4192.undefined.-.611,611,KY493192.1.4192.undefined.-.611,58.27
KY493193.1.4193.undefined.-.523,523,KY493193.1.4193.undefined.-.523,56.6
KY493194.1.4194.undefined.-.523,523,KY493194.1.4194.undefined.-.523,57.55
KY493195.1.4195.undefined.-.523,523,KY493195.1.4195.undefined.-.523,57.55
KY493196.1.4196.undefined.-.612,612,KY493196.1.4196.undefined.-.612,57.68
KY493197.1.4197.undefined.-.523,523,KY493197.1.4197.undefined.-.523,57.74
KY493198.1.4198.undefined.-.523,523,KY493198.1.4198.undefined.-.523,57.36
KY493199.1.4199.undefined.-.523,523,KY493199.1.4199.undefined.-.523,57.66
KY493200.1.4200.undefined.-.523,523,KY493200.1.4200.undefined.-.523,57.74
KY493202.1.4201.undefined.-.523,523,KY493202.1.4201.undefined.-.523,57.55
KY493203.1.4202.undefined.-.523,523,KY493203.1.4202.undefined.-.523,57.74
KY493204.1.4203.undefined.-.523,523,KY493204.1.4203.undefined.-.523,56.79
KY493205.1.4204.undefined.-.612,612,KY493205.1.4204.undefined.-.612,57.84
KY493206.1.4205.undefined.-.523,523,KY493206.1.4205.undefined.-.523,57.74
KY493207.1.4206.undefined.-.523,523,KY493207.1.4206.undefined.-.523,57.55
KY493209.1.4207.undefined.-.612,612,KY493209.1.4207.undefined.-.612,57.52
KY493210.1.4208.undefined.-.612,612,KY493210.1.4208.undefined.-.612,57.68
KY493211.1.4209.undefined.-.523,523,KY493211.1.4209.undefined.-.523,57.55
KY493212.1.4210.undefined.-.523,523,KY493212.1.4210.undefined.-.523,57.74
KY493213.1.4211.undefined.-.577,577,KY493213.1.4211.undefined.-.577,57.91
KY493214.1.4212.undefined.-.523,523,KY493214.1.4212.undefined.-.523,57.74
KY493215.1.4213.undefined.-.611,611,KY493215.1.4213.undefined.-.611,57.61
KY493216.1.4214.undefined.-.523,523,KY493216.1.4214.undefined.-.523,57.36
KY493217.1.4215.undefined.-.612,612,KY493217.1.4215.undefined.-.612,57.68
KY493218.1.4216.undefined.-.523,523,KY493218.1.4216.undefined.-.523,57.28
KY493219.1.4217.undefined.-.612,612,KY493219.1.4217.undefined.-.612,57.35
KY493220.1.4218.undefined.-.523,523,KY493220.1.4218.undefined.-.523,57.47
KY493221.1.4219.undefined.-.523,523,KY493221.1.4219.undefined.-.523,58.05
KY493222.1.4220.undefined.-.523,523,KY493222.1.4220.undefined.-.523,57.47
KY493223.1.4221.undefined.-.523,523,KY493223.1.4221.undefined.-.523,57.74
KY493224.1.4222.undefined.-.523,523,KY493224.1.4222.undefined.-.523,56.6
KY493225.1.4223.undefined.-.612,612,KY493225.1.4223.undefined.-.612,58.5
KY493226.1.4224.undefined.-.523,523,KY493226.1.4224.undefined.-.523,58.32
KY493227.1.4225.undefined.-.523,523,KY493227.1.4225.undefined.-.523,57.36
KY493228.1.4226.undefined.-.523,523,KY493228.1.4226.undefined.-.523,56.41
KY493229.1.4227.undefined.-.523,523,KY493229.1.4227.undefined.-.523,57.55
KY493230.1.4228.undefined.-.523,523,KY493230.1.4228.undefined.-.523,57.55
KY493231.1.4229.undefined.-.523,523,KY493231.1.4229.undefined.-.523,57.55
KY493232.1.4230.undefined.-.611,611,KY493232.1.4230.undefined.-.611,56.79
KY493233.1.4231.undefined.-.500,500,KY493233.1.4231.undefined.-.500,53.2
KY493234.1.4232.undefined.-.612,612,KY493234.1.4232.undefined.-.612,55.72
KY493235.1.4233.undefined.-.523,523,KY493235.1.4233.undefined.-.523,55.07
KY493236.1.4234.undefined.-.612,612,KY493236.1.4234.undefined.-.612,55.72
KY493237.1.4235.undefined.-.612,612,KY493237.1.4235.undefined.-.612,55.72
KY493238.1.4236.undefined.-.523,523,KY493238.1.4236.undefined.-.523,54.68
KY493239.1.4237.undefined.-.523,523,KY493239.1.4237.undefined.-.523,57.55
KY498772.1.4238.undefined.-.8902,8902,KY498772.1.4238.undefined.-.8902,53.26
KY510690.1.4239.undefined.-.643,643,KY510690.1.4239.undefined.-.643,59.1
KY510691.1.4240.undefined.-.642,642,KY510691.1.4240.undefined.-.642,59.35
KY655277.1.4241.undefined.-.463,463,KY655277.1.4241.undefined.-.463,58.53
KY655278.1.4242.undefined.-.498,498,KY655278.1.4242.undefined.-.498,57.81
KY655279.1.4243.undefined.-.554,554,KY655279.1.4243.undefined.-.554,56.96
KY655280.1.4244.undefined.-.554,554,KY655280.1.4244.undefined.-.554,56.86
KY655281.1.4245.undefined.-.552,552,KY655281.1.4245.undefined.-.552,56.99
KY655282.1.4246.undefined.-.553,553,KY655282.1.4246.undefined.-.553,56.83
KY655302.1.4247.undefined.-.470,470,KY655302.1.4247.undefined.-.470,53.04
KY655303.1.4248.undefined.-.495,495,KY655303.1.4248.undefined.-.495,52.12
KY655304.1.4249.undefined.-.495,495,KY655304.1.4249.undefined.-.495,51.72
KY655305.1.4250.undefined.-.495,495,KY655305.1.4250.undefined.-.495,51.52
KY655306.1.4251.undefined.-.495,495,KY655306.1.4251.undefined.-.495,52.32
KY655307.1.4252.undefined.-.495,495,KY655307.1.4252.undefined.-.495,51.72
L02533.1.4253.undefined.mel1.1392,1392,L02533.1.4253.undefined.mel1.1392,50.36
L02534.1.4254.undefined.mel5.9039,9039,L02534.1.4254.undefined.mel5.9039,53.55
L03561.2.4255.undefined.-.9043,9043,L03561.2.4255.undefined.-.9043,53.75
L03562.2.4256.undefined.-.9033,9033,L03562.2.4256.undefined.-.9033,53.75
L06853.1.4257.undefined.-.784,784,L06853.1.4257.undefined.-.784,56.76
L06854.1.4258.undefined.-.1586,1586,L06854.1.4258.undefined.-.1586,51.58
L06855.1.4259.undefined.-.1024,1024,L06855.1.4259.undefined.-.1024,52.83
L06856.1.4260.undefined.-.482,482,L06856.1.4260.undefined.-.482,54.77
L06857.1.4261.undefined.-.721,721,L06857.1.4261.undefined.-.721,56.87
L06858.1.4262.undefined.-.1586,1586,L06858.1.4262.undefined.-.1586,51.58
L06859.1.4263.undefined.-.1024,1024,L06859.1.4263.undefined.-.1024,53.91
L06860.1.4264.undefined.-.477,477,L06860.1.4264.undefined.-.477,55.14
L08405.1.4265.undefined.-.140,140,L08405.1.4265.undefined.-.140,59.29
L08406.1.4266.undefined.-.118,118,L08406.1.4266.undefined.-.118,58.47
L08408.1.4267.undefined.-.140,140,L08408.1.4267.undefined.-.140,42.14
L08409.1.4268.undefined.-.140,140,L08409.1.4268.undefined.-.140,41.43
L08432.1.4269.undefined.-.514,514,L08432.1.4269.undefined.-.514,57.98
L10074.1.4270.undefined.clone,382,L10074.1.4270.undefined.clone pUC 19-SeyTSP 1 & 3.382,57.33
L10341.1.4271.undefined.RD-1.4312,4312,L10341.1.4271.undefined.RD-1.4312,54.34
L11456.1.4272.undefined.-.8956,8956,L11456.1.4272.undefined.-.8956,54.25
L13774.1.4273.undefined.-.939,939,L13774.1.4273.undefined.-.939,50.91
L13775.1.4274.undefined.-.298,298,L13775.1.4274.undefined.-.298,51.68
L13776.1.4275.undefined.-.624,624,L13776.1.4275.undefined.-.624,54.49
L13777.1.4276.undefined.-.468,468,L13777.1.4276.undefined.-.468,57.48
L19438.1.4277.undefined.-.147,147,L19438.1.4277.undefined.-.147,45.52
L20637.1.4278.undefined.-.246,246,L20637.1.4278.undefined.-.246,50.81
L20638.1.4279.undefined.-.92,92,L20638.1.4279.undefined.-.92,51.09
L20639.1.4280.undefined.-.140,140,L20639.1.4280.undefined.-.140,41.43
L20641.1.4281.undefined.-.140,140,L20641.1.4281.undefined.-.140,41.43
L20734.1.4282.undefined.-.8957,8957,L20734.1.4282.undefined.-.8957,54.23
L26585.1.4283.undefined.2030.940,940,L26585.1.4283.undefined.2030.940,51.17
L26586.1.4284.undefined.2313.940,940,L26586.1.4284.undefined.2313.940,50.43
L27561.1.4285.undefined.BL37132.140,140,L27561.1.4285.undefined.BL37132.140,40.71
L27563.1.4286.undefined.ZA35533.140,140,L27563.1.4286.undefined.ZA35533.140,41.43
L27564.1.4287.undefined.ZA35548.140,140,L27564.1.4287.undefined.ZA35548.140,41.43
L27565.1.4288.undefined.ZA35570.140,140,L27565.1.4288.undefined.ZA35570.140,40.71
L27566.1.4289.undefined.ZA35574.140,140,L27566.1.4289.undefined.ZA35574.140,40.0
L27567.1.4290.undefined.-.140,140,L27567.1.4290.undefined.-.140,41.43
L27568.1.4291.undefined.ZA35579.140,140,L27568.1.4291.undefined.ZA35579.140,40.71
L27569.1.4292.undefined.ZA35580.140,140,L27569.1.4292.undefined.ZA35580.140,41.43
L27570.1.4293.undefined.ZA35581.140,140,L27570.1.4293.undefined.ZA35581.140,41.43
L27571.1.4294.undefined.ZA35593.140,140,L27571.1.4294.undefined.ZA35593.140,42.14
L33265.1.4295.undefined.2315.940,940,L33265.1.4295.undefined.2315.940,50.53
L33266.1.4296.undefined.2316.940,940,L33266.1.4296.undefined.2316.940,50.64
L33700.1.4297.undefined.-.239,239,L33700.1.4297.undefined.-.239,51.05
L33701.1.4298.undefined.-.239,239,L33701.1.4298.undefined.-.239,51.05
L33702.1.4299.undefined.-.239,239,L33702.1.4299.undefined.-.239,51.05
L33703.1.4300.undefined.BEL1.239,239,L33703.1.4300.undefined.BEL1.239,51.46
L33704.1.4301.undefined.NIH-CTCL-11.239,239,L33704.1.4301.undefined.NIH-CTCL-11.239,51.88
L33705.1.4302.undefined.MEL1.239,239,L33705.1.4302.undefined.MEL1.239,49.79
L33706.1.4303.undefined.MJFr1.239,239,L33706.1.4303.undefined.MJFr1.239,52.3
L33707.1.4304.undefined.MJFr2.239,239,L33707.1.4304.undefined.MJFr2.239,51.88
L33708.1.4305.undefined.MJK.239,239,L33708.1.4305.undefined.MJK.239,51.88
L33709.1.4306.undefined.MJOC1.239,239,L33709.1.4306.undefined.MJOC1.239,51.88
L33710.1.4307.undefined.MJOC2.239,239,L33710.1.4307.undefined.MJOC2.239,51.88
L33711.1.4308.undefined.MJPO.239,239,L33711.1.4308.undefined.MJPO.239,51.88
L33712.1.4309.undefined.MJS.239,239,L33712.1.4309.undefined.MJS.239,51.88
L33713.1.4310.undefined.MJT/P1.239,239,L33713.1.4310.undefined.MJT/P1.239,51.88
L33714.1.4311.undefined.MJT/P2.239,239,L33714.1.4311.undefined.MJT/P2.239,52.3
L36541.1.4312.undefined.-.521,521,L36541.1.4312.undefined.-.521,52.59
L36542.1.4313.undefined.-.521,521,L36542.1.4313.undefined.-.521,51.06
L36543.1.4314.undefined.-.521,521,L36543.1.4314.undefined.-.521,50.48
L36544.1.4315.undefined.-.521,521,L36544.1.4315.undefined.-.521,52.02
L36545.1.4316.undefined.-.521,521,L36545.1.4316.undefined.-.521,52.59
L36546.1.4317.undefined.-.521,521,L36546.1.4317.undefined.-.521,51.82
L36905.1.4318.undefined.Boi.9035,9035,L36905.1.4318.undefined.Boi.9035,53.78
L37129.1.4319.undefined.-.452,452,L37129.1.4319.undefined.-.452,62.17
L37130.1.4320.undefined.-.451,451,L37130.1.4320.undefined.-.451,61.86
L37131.1.4321.undefined.-.450,450,L37131.1.4321.undefined.-.450,61.78
L37132.1.4322.undefined.-.448,448,L37132.1.4322.undefined.-.448,63.17
L37133.1.4323.undefined.-.451,451,L37133.1.4323.undefined.-.451,62.08
L37134.1.4324.undefined.-.450,450,L37134.1.4324.undefined.-.450,61.78
L37135.1.4325.undefined.-.458,458,L37135.1.4325.undefined.-.458,62.01
L37136.1.4326.undefined.-.451,451,L37136.1.4326.undefined.-.451,62.97
L37137.1.4327.undefined.-.451,451,L37137.1.4327.undefined.-.451,62.53
L37138.1.4328.undefined.-.449,449,L37138.1.4328.undefined.-.449,62.58
L37139.1.4329.undefined.-.449,449,L37139.1.4329.undefined.-.449,62.36
L37140.1.4330.undefined.-.451,451,L37140.1.4330.undefined.-.451,61.86
L37141.1.4331.undefined.-.451,451,L37141.1.4331.undefined.-.451,62.53
L37142.1.4332.undefined.-.451,451,L37142.1.4332.undefined.-.451,62.31
L37143.1.4333.undefined.-.449,449,L37143.1.4333.undefined.-.449,62.14
L37144.1.4334.undefined.-.449,449,L37144.1.4334.undefined.-.449,62.36
L37145.1.4335.undefined.-.450,450,L37145.1.4335.undefined.-.450,62.44
L37146.1.4336.undefined.-.451,451,L37146.1.4336.undefined.-.451,61.86
L41674.1.4337.undefined.-.252,252,L41674.1.4337.undefined.-.252,55.56
L41675.1.4338.undefined.-.252,252,L41675.1.4338.undefined.-.252,55.56
L41676.1.4339.undefined.-.417,417,L41676.1.4339.undefined.-.417,58.75
L41677.1.4340.undefined.-.651,651,L41677.1.4340.undefined.-.651,54.69
L42221.1.4341.undefined.KUW-1.512,512,L42221.1.4341.undefined.KUW-1.512,53.12
L42223.1.4342.undefined.KUW-2.512,512,L42223.1.4342.undefined.KUW-2.512,53.12
L42224.1.4343.undefined.KUW-3.512,512,L42224.1.4343.undefined.KUW-3.512,53.12
L42225.1.4344.undefined.KUW-3.704,704,L42225.1.4344.undefined.KUW-3.704,58.66
L42253.1.4345.undefined.KUW-1.704,704,L42253.1.4345.undefined.KUW-1.704,58.66
L42254.1.4346.undefined.KUW-1.140,140,L42254.1.4346.undefined.KUW-1.140,42.14
L42255.1.4347.undefined.KUW-2.704,704,L42255.1.4347.undefined.KUW-2.704,58.66
L42256.1.4348.undefined.KUW-2.140,140,L42256.1.4348.undefined.KUW-2.140,42.14
L42257.1.4349.undefined.KUW-3.140,140,L42257.1.4349.undefined.KUW-3.140,42.14
L42507.1.4350.undefined.-.626,626,L42507.1.4350.undefined.-.626,58.15
L42508.1.4351.undefined.-.624,624,L42508.1.4351.undefined.-.624,58.17
L42509.1.4352.undefined.-.625,625,L42509.1.4352.undefined.-.625,57.92
L42510.1.4353.undefined.-.625,625,L42510.1.4353.undefined.-.625,58.24
L46595.1.4354.undefined.PH120.522,522,L46595.1.4354.undefined.PH120.522,51.92
L46596.1.4355.undefined.PH121.522,522,L46596.1.4355.undefined.PH121.522,52.68
L46597.1.4356.undefined.PH122.522,522,L46597.1.4356.undefined.PH122.522,52.11
L46598.1.4357.undefined.PH123.522,522,L46598.1.4357.undefined.PH123.522,51.53
L46599.1.4358.undefined.PH153.522,522,L46599.1.4358.undefined.PH153.522,52.49
L46600.1.4359.undefined.PH154.522,522,L46600.1.4359.undefined.PH154.522,51.15
L46601.1.4360.undefined.PH157.522,522,L46601.1.4360.undefined.PH157.522,52.3
L46602.1.4361.undefined.PH238.522,522,L46602.1.4361.undefined.PH238.522,52.11
L46603.1.4362.undefined.PH239.522,522,L46603.1.4362.undefined.PH239.522,51.34
L46604.1.4363.undefined.PH71.522,522,L46604.1.4363.undefined.PH71.522,51.92
L46606.1.4364.undefined.PH333.522,522,L46606.1.4364.undefined.PH333.522,51.34
L46607.1.4365.undefined.PH184.522,522,L46607.1.4365.undefined.PH184.522,51.92
L46608.1.4366.undefined.PH185.522,522,L46608.1.4366.undefined.PH185.522,51.92
L46609.1.4367.undefined.PH186.522,522,L46609.1.4367.undefined.PH186.522,51.92
L46610.1.4368.undefined.PH179.522,522,L46610.1.4368.undefined.PH179.522,52.68
L46611.1.4369.undefined.PH111.522,522,L46611.1.4369.undefined.PH111.522,51.92
L46612.1.4370.undefined.PH52.522,522,L46612.1.4370.undefined.PH52.522,52.68
L46613.1.4371.undefined.839.522,522,L46613.1.4371.undefined.839.522,52.11
L46614.1.4372.undefined.716.522,522,L46614.1.4372.undefined.716.522,51.92
L46615.1.4373.undefined.PH240.522,522,L46615.1.4373.undefined.PH240.522,51.53
L46616.1.4374.undefined.T49.522,522,L46616.1.4374.undefined.T49.522,52.3
L46617.1.4375.undefined.PH63.522,522,L46617.1.4375.undefined.PH63.522,52.68
L46618.1.4376.undefined.IGOU.522,522,L46618.1.4376.undefined.IGOU.522,52.68
L46619.1.4377.undefined.GAB7.522,522,L46619.1.4377.undefined.GAB7.522,51.34
L46620.1.4378.undefined.GAB4.522,522,L46620.1.4378.undefined.GAB4.522,51.92
L46621.1.4379.undefined.GAB3.522,522,L46621.1.4379.undefined.GAB3.522,51.92
L46622.1.4380.undefined.GAB2.522,522,L46622.1.4380.undefined.GAB2.522,51.15
L46623.1.4381.undefined.2316.522,522,L46623.1.4381.undefined.2316.522,52.3
L46624.1.4382.undefined.2318.522,522,L46624.1.4382.undefined.2318.522,51.72
L46625.1.4383.undefined.2313.522,522,L46625.1.4383.undefined.2313.522,52.11
L46626.1.4384.undefined.2307.522,522,L46626.1.4384.undefined.2307.522,52.3
L46627.1.4385.undefined.PH236.522,522,L46627.1.4385.undefined.PH236.522,52.3
L46628.1.4386.undefined.BSABE.522,522,L46628.1.4386.undefined.BSABE.522,51.92
L46629.1.4387.undefined.27H01.522,522,L46629.1.4387.undefined.27H01.522,52.11
L46630.1.4388.undefined.SDen.522,522,L46630.1.4388.undefined.SDen.522,51.92
L46631.1.4389.undefined.I59.522,522,L46631.1.4389.undefined.I59.522,52.49
L46632.1.4390.undefined.K435.522,522,L46632.1.4390.undefined.K435.522,52.68
L46636.1.4391.undefined.K361.522,522,L46636.1.4391.undefined.K361.522,52.3
L46637.1.4392.undefined.K418.522,522,L46637.1.4392.undefined.K418.522,52.68
L46638.1.4393.undefined.PH198.522,522,L46638.1.4393.undefined.PH198.522,51.34
L46639.1.4394.undefined.MAS.522,522,L46639.1.4394.undefined.MAS.522,52.87
L46640.1.4395.undefined.010102.522,522,L46640.1.4395.undefined.010102.522,52.11
L46641.1.4396.undefined.12503.522,522,L46641.1.4396.undefined.12503.522,52.11
L46642.1.4397.undefined.12504.522,522,L46642.1.4397.undefined.12504.522,52.3
L46643.1.4398.undefined.12505.522,522,L46643.1.4398.undefined.12505.522,52.11
L46644.1.4399.undefined.pyg294cult.522,522,L46644.1.4399.undefined.pyg294cult.522,51.92
L46645.1.4400.undefined.H23.522,522,L46645.1.4400.undefined.H23.522,50.96
L46646.1.4401.undefined.H24.522,522,L46646.1.4401.undefined.H24.522,51.92
L46647.1.4402.undefined.911.522,522,L46647.1.4402.undefined.911.522,52.68
L46648.1.4403.undefined.afs3.522,522,L46648.1.4403.undefined.afs3.522,52.68
L46649.1.4404.undefined.afs2.522,522,L46649.1.4404.undefined.afs2.522,52.49
L46650.1.4405.undefined.afs1.522,522,L46650.1.4405.undefined.afs1.522,52.3
L48558.1.4406.undefined.G2-4.522,522,L48558.1.4406.undefined.G2-4.522,52.11
L48559.1.4407.undefined.B5-1.522,522,L48559.1.4407.undefined.B5-1.522,51.92
L48560.1.4408.undefined.428maurit.522,522,L48560.1.4408.undefined.428maurit.522,51.72
L48561.1.4409.undefined.482guinbiss.522,522,L48561.1.4409.undefined.482guinbiss.522,52.3
L76025.1.4410.undefined.-.754,754,L76025.1.4410.undefined.-.754,57.56
L76026.1.4411.undefined.-.754,754,L76026.1.4411.undefined.-.754,57.69
L76027.1.4412.undefined.-.755,755,L76027.1.4412.undefined.-.755,57.35
L76028.1.4413.undefined.-.754,754,L76028.1.4413.undefined.-.754,57.29
L76029.1.4414.undefined.-.753,753,L76029.1.4414.undefined.-.753,57.77
L76030.1.4415.undefined.-.754,754,L76030.1.4415.undefined.-.754,57.43
L76034.1.4416.undefined.-.756,756,L76034.1.4416.undefined.-.756,57.54
L76039.2.4417.undefined.2420,790,L76039.2.4417.undefined.2420 ATL.790,50.0
L76040.1.4418.undefined.Patient,940,L76040.1.4418.undefined.Patient 2449 French Guiana Maroni River.940,50.74
L76041.2.4419.undefined.Patient,940,L76041.2.4419.undefined.Patient 2703 TSP Guadeloupe.940,51.38
L76042.2.4420.undefined.2704.940,940,L76042.2.4420.undefined.2704.940,51.06
L76043.2.4421.undefined.Patient,940,L76043.2.4421.undefined.Patient 2705 Ocular Syndrome Guadeloupe.940,51.28
L76044.2.4422.undefined.Patient,940,L76044.2.4422.undefined.Patient 2707 Ocular Syndrome Guadeloupe.940,51.38
L76045.2.4423.undefined.Patient,940,L76045.2.4423.undefined.Patient 2709 Ocular Syndrome Guadeloupe.940,51.28
L76046.2.4424.undefined.Patient,940,L76046.2.4424.undefined.Patient 2711 Ocular Syndrome Guadeloupe.940,51.28
L76047.2.4425.undefined.Patient,940,L76047.2.4425.undefined.Patient 2712 Ocular Syndrome Guadeloupe.940,51.38
L76048.2.4426.undefined.2011.940,940,L76048.2.4426.undefined.2011.940,51.49
L76049.2.4427.undefined.2014.940,940,L76049.2.4427.undefined.2014.940,51.28
L76050.2.4428.undefined.2031.940,940,L76050.2.4428.undefined.2031.940,51.38
L76051.1.4429.undefined.2032.940,940,L76051.1.4429.undefined.2032.940,51.6
L76052.2.4430.undefined.2036.940,940,L76052.2.4430.undefined.2036.940,50.96
L76053.2.4431.undefined.2037.940,940,L76053.2.4431.undefined.2037.940,51.06
L76054.2.4432.undefined.2049.940,940,L76054.2.4432.undefined.2049.940,51.17
L76055.1.4433.undefined.2052.940,940,L76055.1.4433.undefined.2052.940,51.06
L76056.2.4434.undefined.2055.940,940,L76056.2.4434.undefined.2055.940,50.43
L76057.2.4435.undefined.2056.940,940,L76057.2.4435.undefined.2056.940,51.38
L76058.2.4436.undefined.2058.940,940,L76058.2.4436.undefined.2058.940,51.38
L76059.2.4437.undefined.2060.940,940,L76059.2.4437.undefined.2060.940,51.38
L76060.2.4438.undefined.2071.940,940,L76060.2.4438.undefined.2071.940,51.49
L76061.2.4439.undefined.2072.940,940,L76061.2.4439.undefined.2072.940,51.49
L76062.2.4440.undefined.-.940,940,L76062.2.4440.undefined.-.940,51.49
L76063.2.4441.undefined.-.940,940,L76063.2.4441.undefined.-.940,51.28
L76064.2.4442.undefined.-.940,940,L76064.2.4442.undefined.-.940,51.28
L76065.2.4443.undefined.-.940,940,L76065.2.4443.undefined.-.940,51.28
L76066.2.4444.undefined.2085.940,940,L76066.2.4444.undefined.2085.940,51.28
L76067.2.4445.undefined.2086.940,940,L76067.2.4445.undefined.2086.940,51.38
L76068.2.4446.undefined.-.940,940,L76068.2.4446.undefined.-.940,51.49
L76069.1.4447.undefined.2091.930,930,L76069.1.4447.undefined.2091.930,50.86
L76070.1.4448.undefined.2092.930,930,L76070.1.4448.undefined.2092.930,50.97
L76071.1.4449.undefined.2093.930,930,L76071.1.4449.undefined.2093.930,50.86
L76072.1.4450.undefined.2097.940,940,L76072.1.4450.undefined.2097.940,51.49
L76073.2.4451.undefined.-.940,940,L76073.2.4451.undefined.-.940,51.38
L76074.2.4452.undefined.-.940,940,L76074.2.4452.undefined.-.940,51.38
L76075.2.4453.undefined.-.940,940,L76075.2.4453.undefined.-.940,51.38
L76076.2.4454.undefined.-.940,940,L76076.2.4454.undefined.-.940,51.38
L76305.1.4455.undefined.T49.755,755,L76305.1.4455.undefined.T49.755,57.09
L76306.1.4456.undefined.StDen.755,755,L76306.1.4456.undefined.StDen.755,56.69
L76307.1.4457.undefined.PH236.756,756,L76307.1.4457.undefined.PH236.756,57.28
L76308.1.4458.undefined.H24.758,758,L76308.1.4458.undefined.H24.758,56.86
L76309.1.4459.undefined.12503.757,757,L76309.1.4459.undefined.12503.757,56.41
L76310.1.4460.undefined.pyg19.756,756,L76310.1.4460.undefined.pyg19.756,57.01
L76311.1.4461.undefined.GAB7.756,756,L76311.1.4461.undefined.GAB7.756,56.08
L76312.1.4462.undefined.H23.756,756,L76312.1.4462.undefined.H23.756,57.41
L76414.1.4463.undefined.pyg19.522,522,L76414.1.4463.undefined.pyg19.522,50.96
L76415.1.4464.undefined.BCAM.522,522,L76415.1.4464.undefined.BCAM.522,51.92
L77212.1.4465.undefined.afs911.754,754,L77212.1.4465.undefined.afs911.754,57.96
L77235.1.4466.undefined.-.718,718,L77235.1.4466.undefined.-.718,57.8
L77236.1.4467.undefined.-.718,718,L77236.1.4467.undefined.-.718,57.8
L77237.1.4468.undefined.-.718,718,L77237.1.4468.undefined.-.718,57.94
L77238.1.4469.undefined.-.718,718,L77238.1.4469.undefined.-.718,57.52
L77239.1.4470.undefined.-.718,718,L77239.1.4470.undefined.-.718,57.8
L77240.1.4471.undefined.-.718,718,L77240.1.4471.undefined.-.718,57.94
L77241.1.4472.undefined.-.718,718,L77241.1.4472.undefined.-.718,57.94
L77242.1.4473.undefined.-.718,718,L77242.1.4473.undefined.-.718,57.66
L77243.1.4474.undefined.-.717,717,L77243.1.4474.undefined.-.717,57.74
L77244.1.4475.undefined.-.717,717,L77244.1.4475.undefined.-.717,57.74
LC185235.1.4476.undefined.-.9037,9037,LC185235.1.4476.undefined.-.9037,53.8
LC185236.1.4477.undefined.-.9035,9035,LC185236.1.4477.undefined.-.9035,53.75
LC185237.1.4478.undefined.-.9034,9034,LC185237.1.4478.undefined.-.9034,53.83
LC185238.1.4479.undefined.-.9037,9037,LC185238.1.4479.undefined.-.9037,53.75
LC185239.1.4480.undefined.-.9035,9035,LC185239.1.4480.undefined.-.9035,53.77
LC185240.1.4481.undefined.-.9037,9037,LC185240.1.4481.undefined.-.9037,53.82
LC185241.1.4482.undefined.-.9035,9035,LC185241.1.4482.undefined.-.9035,53.92
LC185242.1.4483.undefined.-.9041,9041,LC185242.1.4483.undefined.-.9041,53.83
LC192254.1.4484.undefined.-.9037,9037,LC192254.1.4484.undefined.-.9037,53.87
LC192255.1.4485.undefined.-.9037,9037,LC192255.1.4485.undefined.-.9037,53.79
LC192256.1.4486.undefined.-.9035,9035,LC192256.1.4486.undefined.-.9035,53.82
LC192257.1.4487.undefined.-.9037,9037,LC192257.1.4487.undefined.-.9037,53.77
LC192258.1.4488.undefined.-.9035,9035,LC192258.1.4488.undefined.-.9035,53.76
LC192259.1.4489.undefined.-.9039,9039,LC192259.1.4489.undefined.-.9039,53.87
LC192260.1.4490.undefined.-.9041,9041,LC192260.1.4490.undefined.-.9041,53.85
LC192261.1.4491.undefined.-.9039,9039,LC192261.1.4491.undefined.-.9039,53.83
LC192262.1.4492.undefined.-.9035,9035,LC192262.1.4492.undefined.-.9035,53.82
LC192263.1.4493.undefined.-.9037,9037,LC192263.1.4493.undefined.-.9037,53.86
LC192264.1.4494.undefined.-.9043,9043,LC192264.1.4494.undefined.-.9043,53.86
LC192500.1.4495.undefined.-.9030,9030,LC192500.1.4495.undefined.-.9030,53.84
LC192501.1.4496.undefined.-.9036,9036,LC192501.1.4496.undefined.-.9036,53.84
LC192502.1.4497.undefined.-.9032,9032,LC192502.1.4497.undefined.-.9032,53.8
LC192503.1.4498.undefined.-.9032,9032,LC192503.1.4498.undefined.-.9032,53.88
LC192504.1.4499.undefined.-.9032,9032,LC192504.1.4499.undefined.-.9032,53.8
LC192505.1.4500.undefined.-.9032,9032,LC192505.1.4500.undefined.-.9032,53.81
LC192506.1.4501.undefined.-.9032,9032,LC192506.1.4501.undefined.-.9032,53.82
LC192507.1.4502.undefined.-.8993,8993,LC192507.1.4502.undefined.-.8993,53.89
LC192508.1.4503.undefined.-.8944,8944,LC192508.1.4503.undefined.-.8944,53.85
LC192509.1.4504.undefined.-.9009,9009,LC192509.1.4504.undefined.-.9009,53.85
LC192510.1.4505.undefined.-.9031,9031,LC192510.1.4505.undefined.-.9031,53.84
LC192511.1.4506.undefined.-.8999,8999,LC192511.1.4506.undefined.-.8999,53.87
LC192512.1.4507.undefined.-.8952,8952,LC192512.1.4507.undefined.-.8952,53.91
LC192513.1.4508.undefined.-.9033,9033,LC192513.1.4508.undefined.-.9033,53.76
LC192514.1.4509.undefined.-.9032,9032,LC192514.1.4509.undefined.-.9032,53.88
LC192515.1.4510.undefined.-.9019,9019,LC192515.1.4510.undefined.-.9019,53.86
LC192516.1.4511.undefined.-.9031,9031,LC192516.1.4511.undefined.-.9031,53.85
LC192517.1.4512.undefined.-.9033,9033,LC192517.1.4512.undefined.-.9033,53.8
LC192518.1.4513.undefined.-.9029,9029,LC192518.1.4513.undefined.-.9029,53.78
LC192519.1.4514.undefined.-.9028,9028,LC192519.1.4514.undefined.-.9028,53.88
LC192520.1.4515.undefined.-.9032,9032,LC192520.1.4515.undefined.-.9032,53.82
LC192521.1.4516.undefined.-.9031,9031,LC192521.1.4516.undefined.-.9031,53.89
LC192522.1.4517.undefined.-.9032,9032,LC192522.1.4517.undefined.-.9032,53.84
LC192523.1.4518.undefined.-.9032,9032,LC192523.1.4518.undefined.-.9032,53.89
LC192524.1.4519.undefined.-.9032,9032,LC192524.1.4519.undefined.-.9032,53.83
LC192525.1.4520.undefined.-.8986,8986,LC192525.1.4520.undefined.-.8986,53.83
LC192526.1.4521.undefined.-.8958,8958,LC192526.1.4521.undefined.-.8958,53.83
LC192527.1.4522.undefined.-.9031,9031,LC192527.1.4522.undefined.-.9031,53.81
LC192528.1.4523.undefined.-.8957,8957,LC192528.1.4523.undefined.-.8957,53.72
LC192529.1.4524.undefined.-.8964,8964,LC192529.1.4524.undefined.-.8964,53.95
LC192530.1.4525.undefined.-.9031,9031,LC192530.1.4525.undefined.-.9031,53.89
LC192531.1.4526.undefined.-.9032,9032,LC192531.1.4526.undefined.-.9032,53.83
LC192532.1.4527.undefined.-.9032,9032,LC192532.1.4527.undefined.-.9032,53.84
LC192533.1.4528.undefined.-.9033,9033,LC192533.1.4528.undefined.-.9033,53.71
LC192534.1.4529.undefined.-.9010,9010,LC192534.1.4529.undefined.-.9010,53.86
LC192535.1.4530.undefined.-.9026,9026,LC192535.1.4530.undefined.-.9026,53.88
LC192536.1.4531.undefined.-.9021,9021,LC192536.1.4531.undefined.-.9021,53.79
LC209958.1.4532.undefined.-.9037,9037,LC209958.1.4532.undefined.-.9037,53.79
LC209959.1.4533.undefined.-.9037,9037,LC209959.1.4533.undefined.-.9037,53.76
LC209960.1.4534.undefined.-.9037,9037,LC209960.1.4534.undefined.-.9037,53.82
LC209961.1.4535.undefined.-.9037,9037,LC209961.1.4535.undefined.-.9037,53.79
LC209962.1.4536.undefined.-.9037,9037,LC209962.1.4536.undefined.-.9037,53.87
LC209963.1.4537.undefined.-.9037,9037,LC209963.1.4537.undefined.-.9037,53.85
LC209964.1.4538.undefined.-.9037,9037,LC209964.1.4538.undefined.-.9037,53.85
LC209965.1.4539.undefined.-.9037,9037,LC209965.1.4539.undefined.-.9037,53.77
LC209966.1.4540.undefined.-.9037,9037,LC209966.1.4540.undefined.-.9037,53.82
LC209967.1.4541.undefined.-.9037,9037,LC209967.1.4541.undefined.-.9037,53.8
LC209968.1.4542.undefined.-.9037,9037,LC209968.1.4542.undefined.-.9037,53.8
LC209969.1.4543.undefined.-.9037,9037,LC209969.1.4543.undefined.-.9037,53.93
LC209970.1.4544.undefined.-.9037,9037,LC209970.1.4544.undefined.-.9037,53.92
LC209971.1.4545.undefined.-.9037,9037,LC209971.1.4545.undefined.-.9037,53.87
LC209972.1.4546.undefined.-.9037,9037,LC209972.1.4546.undefined.-.9037,53.81
LC209973.1.4547.undefined.-.9037,9037,LC209973.1.4547.undefined.-.9037,53.85
LC209974.1.4548.undefined.-.9037,9037,LC209974.1.4548.undefined.-.9037,53.8
LC209975.1.4549.undefined.-.9037,9037,LC209975.1.4549.undefined.-.9037,53.83
LC209976.1.4550.undefined.-.9037,9037,LC209976.1.4550.undefined.-.9037,53.86
LC209977.1.4551.undefined.-.9037,9037,LC209977.1.4551.undefined.-.9037,53.83
LC209978.1.4552.undefined.-.9037,9037,LC209978.1.4552.undefined.-.9037,53.82
LC209979.1.4553.undefined.-.9037,9037,LC209979.1.4553.undefined.-.9037,53.85
LC209980.1.4554.undefined.-.9037,9037,LC209980.1.4554.undefined.-.9037,53.82
LC209981.1.4555.undefined.-.9037,9037,LC209981.1.4555.undefined.-.9037,53.83
LC209982.1.4556.undefined.-.9037,9037,LC209982.1.4556.undefined.-.9037,53.86
LC209983.1.4557.undefined.-.9037,9037,LC209983.1.4557.undefined.-.9037,53.81
LC209984.1.4558.undefined.-.9037,9037,LC209984.1.4558.undefined.-.9037,53.86
LC209985.1.4559.undefined.-.9037,9037,LC209985.1.4559.undefined.-.9037,53.79
LC209986.1.4560.undefined.-.9037,9037,LC209986.1.4560.undefined.-.9037,53.8
LC209987.1.4561.undefined.-.9037,9037,LC209987.1.4561.undefined.-.9037,53.82
LC209988.1.4562.undefined.-.9037,9037,LC209988.1.4562.undefined.-.9037,53.86
LC209989.1.4563.undefined.-.9037,9037,LC209989.1.4563.undefined.-.9037,53.85
LC209990.1.4564.undefined.-.9037,9037,LC209990.1.4564.undefined.-.9037,53.8
LC209991.1.4565.undefined.-.9037,9037,LC209991.1.4565.undefined.-.9037,53.87
LC209992.1.4566.undefined.-.9037,9037,LC209992.1.4566.undefined.-.9037,53.82
LC209993.1.4567.undefined.-.9037,9037,LC209993.1.4567.undefined.-.9037,53.82
LC209994.1.4568.undefined.-.9037,9037,LC209994.1.4568.undefined.-.9037,53.78
LC209995.1.4569.undefined.-.9037,9037,LC209995.1.4569.undefined.-.9037,53.88
LC209996.1.4570.undefined.-.9037,9037,LC209996.1.4570.undefined.-.9037,53.97
LC209997.1.4571.undefined.-.9037,9037,LC209997.1.4571.undefined.-.9037,53.87
LC209998.1.4572.undefined.-.9037,9037,LC209998.1.4572.undefined.-.9037,53.85
LC209999.1.4573.undefined.-.9037,9037,LC209999.1.4573.undefined.-.9037,53.8
LC210000.1.4574.undefined.-.9037,9037,LC210000.1.4574.undefined.-.9037,53.82
LC210001.1.4575.undefined.-.9037,9037,LC210001.1.4575.undefined.-.9037,53.85
LC210002.1.4576.undefined.-.9037,9037,LC210002.1.4576.undefined.-.9037,53.8
LC210003.1.4577.undefined.-.9037,9037,LC210003.1.4577.undefined.-.9037,53.83
LC210004.1.4578.undefined.-.9037,9037,LC210004.1.4578.undefined.-.9037,53.81
LC210005.1.4579.undefined.-.9037,9037,LC210005.1.4579.undefined.-.9037,53.83
LC210006.1.4580.undefined.-.9037,9037,LC210006.1.4580.undefined.-.9037,53.83
LC210007.1.4581.undefined.-.9037,9037,LC210007.1.4581.undefined.-.9037,53.83
LC210008.1.4582.undefined.-.9037,9037,LC210008.1.4582.undefined.-.9037,53.76
LC210009.1.4583.undefined.-.9037,9037,LC210009.1.4583.undefined.-.9037,53.89
LC210010.1.4584.undefined.-.9037,9037,LC210010.1.4584.undefined.-.9037,53.85
LC210011.1.4585.undefined.-.9037,9037,LC210011.1.4585.undefined.-.9037,53.89
LC210012.1.4586.undefined.-.9037,9037,LC210012.1.4586.undefined.-.9037,53.85
LC210013.1.4587.undefined.-.9037,9037,LC210013.1.4587.undefined.-.9037,53.87
LC210014.1.4588.undefined.-.9037,9037,LC210014.1.4588.undefined.-.9037,53.81
LC210015.1.4589.undefined.-.9037,9037,LC210015.1.4589.undefined.-.9037,53.87
LC210016.1.4590.undefined.-.9037,9037,LC210016.1.4590.undefined.-.9037,53.85
LC210017.1.4591.undefined.-.9037,9037,LC210017.1.4591.undefined.-.9037,53.83
LC210018.1.4592.undefined.-.9037,9037,LC210018.1.4592.undefined.-.9037,53.88
LC210019.1.4593.undefined.-.9037,9037,LC210019.1.4593.undefined.-.9037,53.87
LC210020.1.4594.undefined.-.9037,9037,LC210020.1.4594.undefined.-.9037,53.82
LC210021.1.4595.undefined.-.9037,9037,LC210021.1.4595.undefined.-.9037,53.85
LC210022.1.4596.undefined.-.9037,9037,LC210022.1.4596.undefined.-.9037,53.86
LC210023.1.4597.undefined.-.9037,9037,LC210023.1.4597.undefined.-.9037,53.73
LC210024.1.4598.undefined.-.9037,9037,LC210024.1.4598.undefined.-.9037,53.91
LC210025.1.4599.undefined.-.9037,9037,LC210025.1.4599.undefined.-.9037,53.8
LC210026.1.4600.undefined.-.9037,9037,LC210026.1.4600.undefined.-.9037,53.78
LC210027.1.4601.undefined.-.9037,9037,LC210027.1.4601.undefined.-.9037,53.82
LC210028.1.4602.undefined.-.9037,9037,LC210028.1.4602.undefined.-.9037,53.86
LC210029.1.4603.undefined.-.9037,9037,LC210029.1.4603.undefined.-.9037,53.79
LC210030.1.4604.undefined.-.9037,9037,LC210030.1.4604.undefined.-.9037,53.82
LC210031.1.4605.undefined.-.9037,9037,LC210031.1.4605.undefined.-.9037,53.91
LC210032.1.4606.undefined.-.9037,9037,LC210032.1.4606.undefined.-.9037,53.87
LC210033.1.4607.undefined.-.9037,9037,LC210033.1.4607.undefined.-.9037,53.86
LC210034.1.4608.undefined.-.9037,9037,LC210034.1.4608.undefined.-.9037,53.82
LC210035.1.4609.undefined.-.9037,9037,LC210035.1.4609.undefined.-.9037,53.78
LC210036.1.4610.undefined.-.9037,9037,LC210036.1.4610.undefined.-.9037,53.86
LC210037.1.4611.undefined.-.9037,9037,LC210037.1.4611.undefined.-.9037,53.81
LC210038.1.4612.undefined.-.9037,9037,LC210038.1.4612.undefined.-.9037,53.87
LC210039.1.4613.undefined.-.9037,9037,LC210039.1.4613.undefined.-.9037,53.79
LC210040.1.4614.undefined.-.9037,9037,LC210040.1.4614.undefined.-.9037,53.9
LC210041.1.4615.undefined.-.9037,9037,LC210041.1.4615.undefined.-.9037,53.89
LC210042.1.4616.undefined.-.9037,9037,LC210042.1.4616.undefined.-.9037,53.83
LF151411.1.4617.undefined.-.2271,2271,LF151411.1.4617.undefined.-.2271,53.72
LG017597.1.4618.undefined.-.288,288,LG017597.1.4618.undefined.-.288,62.15
M10060.1.4619.undefined.-.8952,8952,M10060.1.4619.undefined.-.8952,53.82
M10085.1.4620.undefined.-.1866,1866,M10085.1.4620.undefined.-.1866,57.02
M10977.1.4621.undefined.HTLV-Ib.525,525,M10977.1.4621.undefined.HTLV-Ib.525,51.24
M11375.1.4622.undefined.-.210,210,M11375.1.4622.undefined.-.210,57.62
M13810.1.4623.undefined.HTLV1C.834,834,M13810.1.4623.undefined.HTLV1C.834,53.36
M14310.1.4624.undefined.-.261,261,M14310.1.4624.undefined.-.261,48.66
M22459.1.4625.undefined.-.524,524,M22459.1.4625.undefined.-.524,56.49
M22461.1.4626.undefined.-.431,431,M22461.1.4626.undefined.-.431,53.13
M23823.1.4627.undefined.-.2266,2266,M23823.1.4627.undefined.-.2266,53.66
M27442.1.4628.undefined.-.119,119,M27442.1.4628.undefined.-.119,46.22
M27499.1.4629.undefined.-.768,768,M27499.1.4629.undefined.-.768,51.69
M32165.1.4630.undefined.-.171,171,M32165.1.4630.undefined.-.171,56.73
M32432.1.4631.undefined.-.3735,3735,M32432.1.4631.undefined.-.3735,55.77
M37299.1.4632.undefined.H5.780,780,M37299.1.4632.undefined.H5.780,57.18
M37300.1.4633.undefined.H5.702,702,M37300.1.4633.undefined.H5.702,52.71
M37301.1.4634.undefined.-.3233,3233,M37301.1.4634.undefined.-.3233,52.89
M37303.1.4635.undefined.-.1059,1059,M37303.1.4635.undefined.-.1059,53.64
M37747.1.4636.undefined.MT-2.1530,1530,M37747.1.4636.undefined.MT-2.1530,51.24
M61048.1.4637.undefined.HUT102.640,640,M61048.1.4637.undefined.HUT102.640,49.22
M61049.1.4638.undefined.JA-1.640,640,M61049.1.4638.undefined.JA-1.640,50.16
M61050.1.4639.undefined.JA-2.640,640,M61050.1.4639.undefined.JA-2.640,50.0
M61051.1.4640.undefined.HUT102.640,640,M61051.1.4640.undefined.HUT102.640,50.78
M61052.1.4641.undefined.AF-1.640,640,M61052.1.4641.undefined.AF-1.640,48.28
M61053.1.4642.undefined.AF-2.640,640,M61053.1.4642.undefined.AF-2.640,48.28
M61054.1.4643.undefined.AF-3.640,640,M61054.1.4643.undefined.AF-3.640,48.91
M61055.1.4644.undefined.AF-4.640,640,M61055.1.4644.undefined.AF-4.640,48.44
M61056.1.4645.undefined.AF-5.640,640,M61056.1.4645.undefined.AF-5.640,48.91
M61057.1.4646.undefined.AF-6.640,640,M61057.1.4646.undefined.AF-6.640,49.06
M61058.1.4647.undefined.MT-2.640,640,M61058.1.4647.undefined.MT-2.640,49.69
M61059.1.4648.undefined.ATK-1.640,640,M61059.1.4648.undefined.ATK-1.640,50.78
M63881.1.4649.undefined.-.956,956,M63881.1.4649.undefined.-.956,52.2
M63882.1.4650.undefined.-.956,956,M63882.1.4650.undefined.-.956,52.3
M63883.1.4651.undefined.-.956,956,M63883.1.4651.undefined.-.956,51.99
M63884.1.4652.undefined.-.956,956,M63884.1.4652.undefined.-.956,52.2
M63885.1.4653.undefined.-.915,915,M63885.1.4653.undefined.-.915,51.91
M63886.1.4654.undefined.-.956,956,M63886.1.4654.undefined.-.956,51.99
M64263.1.4655.undefined.US-1.640,640,M64263.1.4655.undefined.US-1.640,49.22
M64264.1.4656.undefined.US-2.640,640,M64264.1.4656.undefined.US-2.640,50.16
M67490.1.4657.undefined.-.1600,1600,M67490.1.4657.undefined.-.1600,51.38
M67514.1.4658.undefined.-.3233,3233,M67514.1.4658.undefined.-.3233,53.15
M69044.1.4659.undefined.-.3233,3233,M69044.1.4659.undefined.-.3233,52.68
M73745.1.4660.undefined.-.522,522,M73745.1.4660.undefined.-.522,50.57
M76748.1.4661.undefined.-.173,173,M76748.1.4661.undefined.-.173,47.4
M76749.1.4662.undefined.-.325,325,M76749.1.4662.undefined.-.325,52.0
M76750.1.4663.undefined.-.118,118,M76750.1.4663.undefined.-.118,59.32
M76751.1.4664.undefined.-.140,140,M76751.1.4664.undefined.-.140,42.14
M76752.1.4665.undefined.PNG-1.325,325,M76752.1.4665.undefined.PNG-1.325,51.38
M76753.1.4666.undefined.PNG-1.173,173,M76753.1.4666.undefined.PNG-1.173,49.71
M76754.1.4667.undefined.PNG-1.118,118,M76754.1.4667.undefined.PNG-1.118,60.17
M76755.1.4668.undefined.PNG-1.140,140,M76755.1.4668.undefined.PNG-1.140,40.71
M81248.1.4669.undefined.-.755,755,M81248.1.4669.undefined.-.755,57.75
M85207.1.4670.undefined.-.627,627,M85207.1.4670.undefined.-.627,59.01
M85226.1.4671.undefined.-.631,631,M85226.1.4671.undefined.-.631,52.93
M86840.1.4672.undefined.-.8417,8417,M86840.1.4672.undefined.-.8417,53.59
M93098.1.4673.undefined.-.522,522,M93098.1.4673.undefined.-.522,53.26
M93099.1.4674.undefined.-.522,522,M93099.1.4674.undefined.-.522,52.3
M94195.1.4675.undefined.-.522,522,M94195.1.4675.undefined.-.522,52.87
M94196.1.4676.undefined.-.522,522,M94196.1.4676.undefined.-.522,50.57
M94197.1.4677.undefined.-.522,522,M94197.1.4677.undefined.-.522,50.77
M94198.1.4678.undefined.-.522,522,M94198.1.4678.undefined.-.522,52.3
M94199.1.4679.undefined.-.522,522,M94199.1.4679.undefined.-.522,52.3
M94200.1.4680.undefined.-.522,522,M94200.1.4680.undefined.-.522,52.3
M99067.1.4681.undefined.-.140,140,M99067.1.4681.undefined.-.140,40.0
M99068.1.4682.undefined.-.140,140,M99068.1.4682.undefined.-.140,41.43
M99069.1.4683.undefined.-.140,140,M99069.1.4683.undefined.-.140,42.14
M99070.1.4684.undefined.-.140,140,M99070.1.4684.undefined.-.140,42.14
M99071.1.4685.undefined.-.140,140,M99071.1.4685.undefined.-.140,42.14
M99072.1.4686.undefined.-.140,140,M99072.1.4686.undefined.-.140,42.86
M99073.1.4687.undefined.-.140,140,M99073.1.4687.undefined.-.140,40.0
M99074.1.4688.undefined.-.140,140,M99074.1.4688.undefined.-.140,42.86
M99075.1.4689.undefined.-.140,140,M99075.1.4689.undefined.-.140,42.14
M99076.1.4690.undefined.-.140,140,M99076.1.4690.undefined.-.140,40.0
M99077.1.4691.undefined.-.140,140,M99077.1.4691.undefined.-.140,40.0
M99078.1.4692.undefined.-.140,140,M99078.1.4692.undefined.-.140,43.57
M99079.1.4693.undefined.-.140,140,M99079.1.4693.undefined.-.140,42.14
M99080.1.4694.undefined.-.140,140,M99080.1.4694.undefined.-.140,42.14
M99081.1.4695.undefined.-.140,140,M99081.1.4695.undefined.-.140,42.14
M99082.1.4696.undefined.-.140,140,M99082.1.4696.undefined.-.140,41.43
M99083.1.4697.undefined.-.140,140,M99083.1.4697.undefined.-.140,41.43
M99084.1.4698.undefined.-.140,140,M99084.1.4698.undefined.-.140,42.86
M99085.1.4699.undefined.-.140,140,M99085.1.4699.undefined.-.140,41.43
M99086.1.4700.undefined.-.140,140,M99086.1.4700.undefined.-.140,41.43
M99087.1.4701.undefined.-.140,140,M99087.1.4701.undefined.-.140,41.43
M99088.1.4702.undefined.-.140,140,M99088.1.4702.undefined.-.140,41.43
M99089.1.4703.undefined.-.287,287,M99089.1.4703.undefined.-.287,56.1
M99090.1.4704.undefined.-.336,336,M99090.1.4704.undefined.-.336,49.7
M99091.1.4705.undefined.-.550,550,M99091.1.4705.undefined.-.550,56.0
M99092.1.4706.undefined.-.118,118,M99092.1.4706.undefined.-.118,60.17
MF084788.1.4707.undefined.-.705,705,MF084788.1.4707.undefined.-.705,49.65
MF084789.1.4708.undefined.-.709,709,MF084789.1.4708.undefined.-.709,49.51
MF084790.1.4709.undefined.-.1015,1015,MF084790.1.4709.undefined.-.1015,52.71
MF084791.1.4710.undefined.-.703,703,MF084791.1.4710.undefined.-.703,49.36
MF084792.1.4711.undefined.-.703,703,MF084792.1.4711.undefined.-.703,49.5
MF084793.1.4712.undefined.-.1015,1015,MF084793.1.4712.undefined.-.1015,52.61
MF084794.1.4713.undefined.-.696,696,MF084794.1.4713.undefined.-.696,49.14
MF084795.1.4714.undefined.-.704,704,MF084795.1.4714.undefined.-.704,49.57
MF084796.1.4715.undefined.-.1002,1002,MF084796.1.4715.undefined.-.1002,52.4
MF084797.1.4716.undefined.-.1002,1002,MF084797.1.4716.undefined.-.1002,52.5
MF084798.1.4717.undefined.-.1010,1010,MF084798.1.4717.undefined.-.1010,52.77
MF084799.1.4718.undefined.-.1015,1015,MF084799.1.4718.undefined.-.1015,52.22
MF084800.1.4719.undefined.-.1017,1017,MF084800.1.4719.undefined.-.1017,52.21
MF084801.1.4720.undefined.-.696,696,MF084801.1.4720.undefined.-.696,49.71
MF084802.1.4721.undefined.-.1015,1015,MF084802.1.4721.undefined.-.1015,52.51
MF084803.1.4722.undefined.-.1015,1015,MF084803.1.4722.undefined.-.1015,52.32
MF084804.1.4723.undefined.-.1015,1015,MF084804.1.4723.undefined.-.1015,52.61
MF084805.1.4724.undefined.-.1015,1015,MF084805.1.4724.undefined.-.1015,52.81
MF084806.1.4725.undefined.-.703,703,MF084806.1.4725.undefined.-.703,49.36
MF084807.1.4726.undefined.-.706,706,MF084807.1.4726.undefined.-.706,49.43
MF084808.1.4727.undefined.-.1011,1011,MF084808.1.4727.undefined.-.1011,52.82
MF084809.1.4728.undefined.-.696,696,MF084809.1.4728.undefined.-.696,49.43
MF084810.1.4729.undefined.-.1009,1009,MF084810.1.4729.undefined.-.1009,52.53
MF084811.1.4730.undefined.-.696,696,MF084811.1.4730.undefined.-.696,49.43
MF084812.1.4731.undefined.-.1011,1011,MF084812.1.4731.undefined.-.1011,52.62
MF084813.1.4732.undefined.-.700,700,MF084813.1.4732.undefined.-.700,49.57
MF084814.1.4733.undefined.-.696,696,MF084814.1.4733.undefined.-.696,49.71
MF084815.1.4734.undefined.-.711,711,MF084815.1.4734.undefined.-.711,49.79
MF084816.1.4735.undefined.-.696,696,MF084816.1.4735.undefined.-.696,49.57
MF084817.1.4736.undefined.-.959,959,MF084817.1.4736.undefined.-.959,51.62
MF084818.1.4737.undefined.-.696,696,MF084818.1.4737.undefined.-.696,49.57
MF084819.1.4738.undefined.-.1015,1015,MF084819.1.4738.undefined.-.1015,52.61
MF084820.1.4739.undefined.-.696,696,MF084820.1.4739.undefined.-.696,49.71
MF084821.1.4740.undefined.-.703,703,MF084821.1.4740.undefined.-.703,49.36
MF084822.1.4741.undefined.-.696,696,MF084822.1.4741.undefined.-.696,49.57
MF084823.1.4742.undefined.-.696,696,MF084823.1.4742.undefined.-.696,49.43
MF084824.1.4743.undefined.-.1002,1002,MF084824.1.4743.undefined.-.1002,52.4
MF084825.1.4744.undefined.-.696,696,MF084825.1.4744.undefined.-.696,49.71
MF116105.1.4745.undefined.-.1290,1290,MF116105.1.4745.undefined.-.1290,56.12
MF116106.1.4746.undefined.-.1311,1311,MF116106.1.4746.undefined.-.1311,56.14
MF116107.1.4747.undefined.-.1079,1079,MF116107.1.4747.undefined.-.1079,55.42
MF384328.1.4748.undefined.-.755,755,MF384328.1.4748.undefined.-.755,58.28
MF384329.1.4749.undefined.-.320,320,MF384329.1.4749.undefined.-.320,58.75
MF384330.1.4750.undefined.-.716,716,MF384330.1.4750.undefined.-.716,59.5
MF384331.1.4751.undefined.-.545,545,MF384331.1.4751.undefined.-.545,59.08
MF384332.1.4752.undefined.-.549,549,MF384332.1.4752.undefined.-.549,59.38
MF384333.1.4753.undefined.-.386,386,MF384333.1.4753.undefined.-.386,58.55
MF384334.1.4754.undefined.-.477,477,MF384334.1.4754.undefined.-.477,59.75
MF384335.1.4755.undefined.-.603,603,MF384335.1.4755.undefined.-.603,59.37
MF384336.1.4756.undefined.-.581,581,MF384336.1.4756.undefined.-.581,58.52
MF384337.1.4757.undefined.-.616,616,MF384337.1.4757.undefined.-.616,59.42
MF384338.1.4758.undefined.-.616,616,MF384338.1.4758.undefined.-.616,59.25
MF384339.1.4759.undefined.-.616,616,MF384339.1.4759.undefined.-.616,59.74
MF384340.1.4760.undefined.-.616,616,MF384340.1.4760.undefined.-.616,59.09
MF384341.1.4761.undefined.-.586,586,MF384341.1.4761.undefined.-.586,58.53
MF384342.1.4762.undefined.-.542,542,MF384342.1.4762.undefined.-.542,59.41
MF384343.1.4763.undefined.-.638,638,MF384343.1.4763.undefined.-.638,58.31
MF384344.1.4764.undefined.-.616,616,MF384344.1.4764.undefined.-.616,58.77
MF384345.1.4765.undefined.-.616,616,MF384345.1.4765.undefined.-.616,59.25
MF384346.1.4766.undefined.-.386,386,MF384346.1.4766.undefined.-.386,59.59
MF384347.1.4767.undefined.-.759,759,MF384347.1.4767.undefined.-.759,58.37
MF384348.1.4768.undefined.-.603,603,MF384348.1.4768.undefined.-.603,58.54
MF384349.1.4769.undefined.-.610,610,MF384349.1.4769.undefined.-.610,59.67
MF384350.1.4770.undefined.-.551,551,MF384350.1.4770.undefined.-.551,59.17
MF384351.1.4771.undefined.-.591,591,MF384351.1.4771.undefined.-.591,59.22
MF384352.1.4772.undefined.-.616,616,MF384352.1.4772.undefined.-.616,59.58
MF384353.1.4773.undefined.-.407,407,MF384353.1.4773.undefined.-.407,60.44
MF384354.1.4774.undefined.-.382,382,MF384354.1.4774.undefined.-.382,57.85
MF384355.1.4775.undefined.-.571,571,MF384355.1.4775.undefined.-.571,58.84
MF384356.1.4776.undefined.-.616,616,MF384356.1.4776.undefined.-.616,59.58
MF384357.1.4777.undefined.-.401,401,MF384357.1.4777.undefined.-.401,59.1
MF384358.1.4778.undefined.-.769,769,MF384358.1.4778.undefined.-.769,58.39
MF384359.1.4779.undefined.-.586,586,MF384359.1.4779.undefined.-.586,58.87
MF384360.1.4780.undefined.-.584,584,MF384360.1.4780.undefined.-.584,58.39
MF384361.1.4781.undefined.-.584,584,MF384361.1.4781.undefined.-.584,58.39
MF384362.1.4782.undefined.-.510,510,MF384362.1.4782.undefined.-.510,59.02
MF384363.1.4783.undefined.-.768,768,MF384363.1.4783.undefined.-.768,58.33
MF384364.1.4784.undefined.-.397,397,MF384364.1.4784.undefined.-.397,59.19
MF384365.1.4785.undefined.-.768,768,MF384365.1.4785.undefined.-.768,58.2
MF384366.1.4786.undefined.-.599,599,MF384366.1.4786.undefined.-.599,59.43
MF384367.1.4787.undefined.-.768,768,MF384367.1.4787.undefined.-.768,58.46
MF384368.1.4788.undefined.-.603,603,MF384368.1.4788.undefined.-.603,59.87
MF384369.1.4789.undefined.-.616,616,MF384369.1.4789.undefined.-.616,59.58
MF384370.1.4790.undefined.-.542,542,MF384370.1.4790.undefined.-.542,58.67
MF384371.1.4791.undefined.-.549,549,MF384371.1.4791.undefined.-.549,58.83
NC_001436.1.4792.undefined.-.8507,8507,NC_001436.1.4792.undefined.-.8507,53.46
NC_001488.1.4793.undefined.-.8952,8952,NC_001488.1.4793.undefined.-.8952,53.82
S44624.1.4794.undefined.-.56,56,S44624.1.4794.undefined.-.56,43.64
S44625.1.4795.undefined.-.56,56,S44625.1.4795.undefined.-.56,44.64
S61142.1.4796.undefined.-.159,159,S61142.1.4796.undefined.-.159,57.23
S66926.1.4797.undefined.-.147,147,S66926.1.4797.undefined.-.147,48.98
S67034.1.4798.undefined.-.147,147,S67034.1.4798.undefined.-.147,50.34
S67443.1.4799.undefined.B301.1080,1080,S67443.1.4799.undefined.B301.1080,53.15
S67545.1.4800.undefined.-.1470,1470,S67545.1.4800.undefined.-.1470,51.5
S67866.1.4801.undefined.CMCH,100,S67866.1.4801.undefined.CMCH 1.100,66.0
S67868.1.4802.undefined.CMCH,92,S67868.1.4802.undefined.CMCH 1.92,51.09
S67869.1.4803.undefined.CMCH,325,S67869.1.4803.undefined.CMCH 1.325,52.0
S67870.1.4804.undefined.CMCH,374,S67870.1.4804.undefined.CMCH 1.374,51.87
S67871.1.4805.undefined.CMCH,118,S67871.1.4805.undefined.CMCH 1.118,61.02
S68078.1.4806.undefined.CMCH,140,S68078.1.4806.undefined.CMCH 1.140,41.43
S69268.1.4807.undefined.-.1065,1065,S69268.1.4807.undefined.-.1065,54.08
S69620.1.4808.undefined.Ma1.121,121,S69620.1.4808.undefined.Ma1.121,60.33
S74562.1.4809.undefined.HTLV-1EL.5186,5186,S74562.1.4809.undefined.HTLV-1EL.5186,53.78
S76263.1.4810.undefined.HE.700,700,S76263.1.4810.undefined.HE.700,58.14
S76963.1.4811.undefined.-.140,140,S76963.1.4811.undefined.-.140,42.14
S76964.1.4812.undefined.-.140,140,S76964.1.4812.undefined.-.140,41.43
S78306.1.4813.undefined.A146.550,550,S78306.1.4813.undefined.A146.550,58.0
S78309.1.4814.undefined.A146.79,79,S78309.1.4814.undefined.A146.79,56.96
S80210.1.4815.undefined.MT4.105,105,S80210.1.4815.undefined.MT4.105,47.62
S80212.1.4816.undefined.MT4.184,184,S80212.1.4816.undefined.MT4.184,42.39
S80213.1.4817.undefined.MT4.158,158,S80213.1.4817.undefined.MT4.158,34.81
S80215.1.4818.undefined.MT4.292,292,S80215.1.4818.undefined.MT4.292,36.3
S80619.1.4819.undefined.PNG-1.118,118,S80619.1.4819.undefined.PNG-1.118,40.68
S80620.1.4820.undefined.-.135,135,S80620.1.4820.undefined.-.135,46.67
S80622.1.4821.undefined.-.350,350,S80622.1.4821.undefined.-.350,52.57
S92512.1.4822.undefined.Martinique.522,522,S92512.1.4822.undefined.Martinique.522,52.49
U03133.1.4823.undefined.H15.522,522,U03133.1.4823.undefined.H15.522,52.3
U03134.1.4824.undefined.H16,522,U03134.1.4824.undefined.H16 .522,52.11
U03135.1.4825.undefined.H1711.522,522,U03135.1.4825.undefined.H1711.522,51.92
U03136.1.4826.undefined.H18.522,522,U03136.1.4826.undefined.H18.522,52.11
U03138.1.4827.undefined.H19.522,522,U03138.1.4827.undefined.H19.522,51.92
U03139.1.4828.undefined.HZ15.522,522,U03139.1.4828.undefined.HZ15.522,53.45
U03140.1.4829.undefined.HZ17.522,522,U03140.1.4829.undefined.HZ17.522,52.3
U03141.1.4830.undefined.HZ6.522,522,U03141.1.4830.undefined.HZ6.522,52.3
U03142.1.4831.undefined.HZ69.522,522,U03142.1.4831.undefined.HZ69.522,52.68
U03153.1.4832.undefined.-.522,522,U03153.1.4832.undefined.-.522,52.68
U03154.1.4833.undefined.-.522,522,U03154.1.4833.undefined.-.522,51.72
U03155.1.4834.undefined.-.522,522,U03155.1.4834.undefined.-.522,52.49
U10252.1.4835.undefined.-.668,668,U10252.1.4835.undefined.-.668,57.34
U10253.1.4836.undefined.-.623,623,U10253.1.4836.undefined.-.623,58.11
U10254.1.4837.undefined.-.624,624,U10254.1.4837.undefined.-.624,58.17
U10255.1.4838.undefined.-.625,625,U10255.1.4838.undefined.-.625,57.76
U10256.1.4839.undefined.-.666,666,U10256.1.4839.undefined.-.666,57.66
U10257.1.4840.undefined.-.623,623,U10257.1.4840.undefined.-.623,58.43
U10258.1.4841.undefined.-.625,625,U10258.1.4841.undefined.-.625,57.92
U10259.1.4842.undefined.-.640,640,U10259.1.4842.undefined.-.640,57.81
U10260.1.4843.undefined.-.626,626,U10260.1.4843.undefined.-.626,57.99
U10261.1.4844.undefined.-.642,642,U10261.1.4844.undefined.-.642,57.63
U10262.1.4845.undefined.-.626,626,U10262.1.4845.undefined.-.626,57.99
U10263.1.4846.undefined.-.625,625,U10263.1.4846.undefined.-.625,57.44
U10264.1.4847.undefined.-.625,625,U10264.1.4847.undefined.-.625,57.76
U10265.1.4848.undefined.-.625,625,U10265.1.4848.undefined.-.625,57.44
U10266.1.4849.undefined.-.623,623,U10266.1.4849.undefined.-.623,57.62
U11556.1.4850.undefined.-.325,325,U11556.1.4850.undefined.-.325,51.38
U11557.1.4851.undefined.-.325,325,U11557.1.4851.undefined.-.325,51.38
U11571.1.4852.undefined.-.325,325,U11571.1.4852.undefined.-.325,52.0
U11572.1.4853.undefined.-.325,325,U11572.1.4853.undefined.-.325,50.15
U11573.1.4854.undefined.-.325,325,U11573.1.4854.undefined.-.325,50.15
U11574.1.4855.undefined.-.325,325,U11574.1.4855.undefined.-.325,50.15
U12104.1.4856.undefined.-.92,92,U12104.1.4856.undefined.-.92,52.17
U12105.1.4857.undefined.-.140,140,U12105.1.4857.undefined.-.140,41.43
U12106.1.4858.undefined.-.118,118,U12106.1.4858.undefined.-.118,60.17
U12107.1.4859.undefined.-.92,92,U12107.1.4859.undefined.-.92,51.09
U12108.1.4860.undefined.-.140,140,U12108.1.4860.undefined.-.140,41.43
U12109.1.4861.undefined.-.118,118,U12109.1.4861.undefined.-.118,58.47
U12110.1.4862.undefined.-.92,92,U12110.1.4862.undefined.-.92,51.09
U12111.1.4863.undefined.-.140,140,U12111.1.4863.undefined.-.140,42.14
U12112.1.4864.undefined.-.118,118,U12112.1.4864.undefined.-.118,60.17
U12113.1.4865.undefined.-.92,92,U12113.1.4865.undefined.-.92,51.09
U12114.1.4866.undefined.-.140,140,U12114.1.4866.undefined.-.140,41.43
U12115.1.4867.undefined.-.118,118,U12115.1.4867.undefined.-.118,61.02
U12119.1.4868.undefined.-.92,92,U12119.1.4868.undefined.-.92,52.17
U12120.1.4869.undefined.-.140,140,U12120.1.4869.undefined.-.140,39.29
U12121.1.4870.undefined.-.117,117,U12121.1.4870.undefined.-.117,61.54
U12792.1.4871.undefined.-.729,729,U12792.1.4871.undefined.-.729,57.89
U12793.1.4872.undefined.-.127,127,U12793.1.4872.undefined.-.127,51.18
U12794.1.4873.undefined.-.794,794,U12794.1.4873.undefined.-.794,57.93
U12795.1.4874.undefined.-.127,127,U12795.1.4874.undefined.-.127,51.18
U12804.1.4875.undefined.BO.740,740,U12804.1.4875.undefined.BO.740,58.24
U12805.1.4876.undefined.OD.739,739,U12805.1.4876.undefined.OD.739,58.05
U12806.1.4877.undefined.Pr,741,U12806.1.4877.undefined.Pr 52.741,57.76
U12807.1.4878.undefined.Pr,739,U12807.1.4878.undefined.Pr 144.739,58.05
U15767.1.4879.undefined.-.92,92,U15767.1.4879.undefined.-.92,51.09
U15768.1.4880.undefined.-.364,364,U15768.1.4880.undefined.-.364,51.92
U15769.1.4881.undefined.-.325,325,U15769.1.4881.undefined.-.325,51.69
U15770.1.4882.undefined.-.140,140,U15770.1.4882.undefined.-.140,42.14
U15772.1.4883.undefined.-.92,92,U15772.1.4883.undefined.-.92,51.09
U15773.1.4884.undefined.-.364,364,U15773.1.4884.undefined.-.364,51.92
U15774.1.4885.undefined.-.325,325,U15774.1.4885.undefined.-.325,51.69
U15776.1.4886.undefined.-.140,140,U15776.1.4886.undefined.-.140,42.14
U19109.1.4887.undefined.-.631,631,U19109.1.4887.undefined.-.631,52.14
U19110.1.4888.undefined.-.631,631,U19110.1.4888.undefined.-.631,52.46
U19949.1.4889.undefined.ATL-YS.9036,9036,U19949.1.4889.undefined.ATL-YS.9036,53.87
U25062.1.4890.undefined.RSA6.507,507,U25062.1.4890.undefined.RSA6.507,58.58
U25063.1.4891.undefined.RSA1.507,507,U25063.1.4891.undefined.RSA1.507,58.38
U25135.1.4892.undefined.-.499,499,U25135.1.4892.undefined.-.499,61.32
U25136.1.4893.undefined.CMR229.507,507,U25136.1.4893.undefined.CMR229.507,59.17
U25139.1.4894.undefined.GER2.507,507,U25139.1.4894.undefined.GER2.507,58.78
U25140.1.4895.undefined.GER1.508,508,U25140.1.4895.undefined.GER1.508,58.46
U25957.1.4896.undefined.-.118,118,U25957.1.4896.undefined.-.118,60.17
U25958.1.4897.undefined.-.140,140,U25958.1.4897.undefined.-.140,42.14
U32552.1.4898.undefined.BCI1-2.693,693,U32552.1.4898.undefined.BCI1-2.693,58.87
U32553.1.4899.undefined.BCI3-1.663,663,U32553.1.4899.undefined.BCI3-1.663,49.17
U32554.1.4900.undefined.BCI2-1.1365,1365,U32554.1.4900.undefined.BCI2-1.1365,51.58
U32555.1.4901.undefined.-.663,663,U32555.1.4901.undefined.-.663,49.32
U32555.1,690,U32555.1,49.32
U32556.1.4903.undefined.BCI1-2.1365,1365,U32556.1.4903.undefined.BCI1-2.1365,51.36
U32557.1.4904.undefined.BCI2-1.694,694,U32557.1.4904.undefined.BCI2-1.694,58.36
U32558.1.4905.undefined.BCI4-1.663,663,U32558.1.4905.undefined.BCI4-1.663,49.47
U32871.1.4906.undefined.-.187,187,U32871.1.4906.undefined.-.187,50.27
U32872.1.4907.undefined.-.1133,1133,U32872.1.4907.undefined.-.1133,52.78
U32873.1.4908.undefined.-.1133,1133,U32873.1.4908.undefined.-.1133,52.69
U32874.1.4909.undefined.-.1133,1133,U32874.1.4909.undefined.-.1133,52.6
U32875.1.4910.undefined.-.1133,1133,U32875.1.4910.undefined.-.1133,52.6
U32876.1.4911.undefined.-.185,185,U32876.1.4911.undefined.-.185,51.35
U32877.1.4912.undefined.-.185,185,U32877.1.4912.undefined.-.185,50.81
U32878.1.4913.undefined.-.186,186,U32878.1.4913.undefined.-.186,51.61
U32879.1.4914.undefined.-.185,185,U32879.1.4914.undefined.-.185,51.89
U32880.1.4915.undefined.-.1133,1133,U32880.1.4915.undefined.-.1133,53.4
U32881.1.4916.undefined.-.185,185,U32881.1.4916.undefined.-.185,51.89
U32882.1.4917.undefined.-.1133,1133,U32882.1.4917.undefined.-.1133,53.4
U32883.1.4918.undefined.-.187,187,U32883.1.4918.undefined.-.187,50.27
U32884.1.4919.undefined.-.187,187,U32884.1.4919.undefined.-.187,50.27
U32885.1.4920.undefined.-.187,187,U32885.1.4920.undefined.-.187,50.27
U32886.1.4921.undefined.-.559,559,U32886.1.4921.undefined.-.559,59.57
U32887.1.4922.undefined.-.499,499,U32887.1.4922.undefined.-.499,61.32
U32888.1.4923.undefined.-.559,559,U32888.1.4923.undefined.-.559,59.39
U32889.1.4924.undefined.-.559,559,U32889.1.4924.undefined.-.559,59.75
U32890.1.4925.undefined.-.559,559,U32890.1.4925.undefined.-.559,59.57
U32891.1.4926.undefined.-.559,559,U32891.1.4926.undefined.-.559,59.75
U32892.1.4927.undefined.-.559,559,U32892.1.4927.undefined.-.559,59.75
U32893.1.4928.undefined.-.559,559,U32893.1.4928.undefined.-.559,59.57
U32894.1.4929.undefined.-.559,559,U32894.1.4929.undefined.-.559,59.57
U32895.1.4930.undefined.-.631,631,U32895.1.4930.undefined.-.631,52.77
U32896.1.4931.undefined.-.631,631,U32896.1.4931.undefined.-.631,52.77
U32897.1.4932.undefined.-.631,631,U32897.1.4932.undefined.-.631,52.77
U32898.1.4933.undefined.-.631,631,U32898.1.4933.undefined.-.631,52.61
U32899.1.4934.undefined.-.631,631,U32899.1.4934.undefined.-.631,52.61
U32900.1.4935.undefined.-.631,631,U32900.1.4935.undefined.-.631,52.77
U32901.1.4936.undefined.-.631,631,U32901.1.4936.undefined.-.631,52.77
U32902.1.4937.undefined.-.631,631,U32902.1.4937.undefined.-.631,52.93
U32903.1.4938.undefined.-.631,631,U32903.1.4938.undefined.-.631,52.77
U32904.1.4939.undefined.-.631,631,U32904.1.4939.undefined.-.631,52.93
U32905.1.4940.undefined.-.631,631,U32905.1.4940.undefined.-.631,52.77
U32906.1.4941.undefined.-.631,631,U32906.1.4941.undefined.-.631,52.93
U33889.1.4942.undefined.-.780,780,U33889.1.4942.undefined.-.780,52.95
U33890.1.4943.undefined.-.780,780,U33890.1.4943.undefined.-.780,52.95
U33891.1.4944.undefined.-.780,780,U33891.1.4944.undefined.-.780,52.95
U33892.1.4945.undefined.-.780,780,U33892.1.4945.undefined.-.780,52.56
U33893.1.4946.undefined.-.780,780,U33893.1.4946.undefined.-.780,52.44
U33894.1.4947.undefined.-.780,780,U33894.1.4947.undefined.-.780,52.44
U33895.1.4948.undefined.-.780,780,U33895.1.4948.undefined.-.780,52.44
U33896.1.4949.undefined.-.779,779,U33896.1.4949.undefined.-.779,52.37
U33897.1.4950.undefined.-.780,780,U33897.1.4950.undefined.-.780,52.69
U33898.1.4951.undefined.-.780,780,U33898.1.4951.undefined.-.780,52.56
U33899.1.4952.undefined.-.780,780,U33899.1.4952.undefined.-.780,52.56
U33900.1.4953.undefined.-.780,780,U33900.1.4953.undefined.-.780,52.69
U33901.1.4954.undefined.-.780,780,U33901.1.4954.undefined.-.780,53.59
U33902.1.4955.undefined.-.780,780,U33902.1.4955.undefined.-.780,53.72
U33903.1.4956.undefined.-.780,780,U33903.1.4956.undefined.-.780,53.46
U33904.1.4957.undefined.-.780,780,U33904.1.4957.undefined.-.780,53.08
U33905.1.4958.undefined.-.780,780,U33905.1.4958.undefined.-.780,53.59
U33906.1.4959.undefined.-.780,780,U33906.1.4959.undefined.-.780,53.33
U33907.1.4960.undefined.-.780,780,U33907.1.4960.undefined.-.780,53.72
U33908.1.4961.undefined.-.780,780,U33908.1.4961.undefined.-.780,53.46
U33909.1.4962.undefined.-.780,780,U33909.1.4962.undefined.-.780,53.33
U33910.1.4963.undefined.-.780,780,U33910.1.4963.undefined.-.780,53.72
U33911.1.4964.undefined.-.780,780,U33911.1.4964.undefined.-.780,53.72
U33912.1.4965.undefined.-.780,780,U33912.1.4965.undefined.-.780,53.72
U33913.1.4966.undefined.-.780,780,U33913.1.4966.undefined.-.780,53.72
U46555.1.4967.undefined.-.327,327,U46555.1.4967.undefined.-.327,60.86
U46556.1.4968.undefined.-.423,423,U46556.1.4968.undefined.-.423,54.61
U46557.1.4969.undefined.-.556,556,U46557.1.4969.undefined.-.556,55.76
U46558.1.4970.undefined.-.277,277,U46558.1.4970.undefined.-.277,49.82
U49798.1.4971.undefined.-.140,140,U49798.1.4971.undefined.-.140,41.43
U49799.1.4972.undefined.-.140,140,U49799.1.4972.undefined.-.140,41.43
U49800.1.4973.undefined.-.140,140,U49800.1.4973.undefined.-.140,41.43
U49801.1.4974.undefined.-.140,140,U49801.1.4974.undefined.-.140,40.71
U49802.1.4975.undefined.-.140,140,U49802.1.4975.undefined.-.140,41.43
U49803.1.4976.undefined.-.140,140,U49803.1.4976.undefined.-.140,41.43
U49804.1.4977.undefined.-.140,140,U49804.1.4977.undefined.-.140,41.43
U49805.1.4978.undefined.-.140,140,U49805.1.4978.undefined.-.140,41.43
U49806.1.4979.undefined.-.140,140,U49806.1.4979.undefined.-.140,41.43
U49807.1.4980.undefined.-.140,140,U49807.1.4980.undefined.-.140,41.43
U49808.1.4981.undefined.-.140,140,U49808.1.4981.undefined.-.140,41.43
U49809.1.4982.undefined.-.140,140,U49809.1.4982.undefined.-.140,41.43
U49810.1.4983.undefined.-.140,140,U49810.1.4983.undefined.-.140,41.43
U49811.1.4984.undefined.-.140,140,U49811.1.4984.undefined.-.140,41.43
U49812.1.4985.undefined.-.140,140,U49812.1.4985.undefined.-.140,41.43
U49813.1.4986.undefined.-.140,140,U49813.1.4986.undefined.-.140,41.43
U49814.1.4987.undefined.-.140,140,U49814.1.4987.undefined.-.140,42.14
U49815.1.4988.undefined.-.140,140,U49815.1.4988.undefined.-.140,41.43
U49816.1.4989.undefined.-.140,140,U49816.1.4989.undefined.-.140,42.14
U50454.1.4990.undefined.-.507,507,U50454.1.4990.undefined.-.507,58.97
U50455.1.4991.undefined.-.507,507,U50455.1.4991.undefined.-.507,58.58
U50456.1.4992.undefined.-.507,507,U50456.1.4992.undefined.-.507,58.97
U50457.1.4993.undefined.-.507,507,U50457.1.4993.undefined.-.507,58.78
U50458.1.4994.undefined.-.507,507,U50458.1.4994.undefined.-.507,58.38
U53021.1.4995.undefined.TAA4.325,325,U53021.1.4995.undefined.TAA4.325,52.0
U53022.1.4996.undefined.TAA5.325,325,U53022.1.4996.undefined.TAA5.325,52.31
U53023.1.4997.undefined.TAA6,325,U53023.1.4997.undefined.TAA6 .325,52.0
U53024.1.4998.undefined.TAA8,325,U53024.1.4998.undefined.TAA8 .325,52.62
U53025.1.4999.undefined.TAA9.325,325,U53025.1.4999.undefined.TAA9.325,52.31
U53026.1.5000.undefined.TAB1.325,325,U53026.1.5000.undefined.TAB1.325,52.62
U53027.1.5001.undefined.TAB3.325,325,U53027.1.5001.undefined.TAB3.325,51.38
U53028.1.5002.undefined.TAB4.325,325,U53028.1.5002.undefined.TAB4.325,52.0
U53029.1.5003.undefined.TAB8.325,325,U53029.1.5003.undefined.TAB8.325,52.0
U53030.1.5004.undefined.TAB9.325,325,U53030.1.5004.undefined.TAB9.325,52.62
U53031.1.5005.undefined.TAB10.325,325,U53031.1.5005.undefined.TAB10.325,52.31
U53032.1.5006.undefined.TAA1.259,259,U53032.1.5006.undefined.TAA1.259,55.98
U53033.1.5007.undefined.TAA2.259,259,U53033.1.5007.undefined.TAA2.259,56.76
U53034.1.5008.undefined.TAA3.258,258,U53034.1.5008.undefined.TAA3.258,56.59
U53035.1.5009.undefined.TAA4.260,260,U53035.1.5009.undefined.TAA4.260,56.92
U53036.1.5010.undefined.TAA5.259,259,U53036.1.5010.undefined.TAA5.259,55.98
U53037.1.5011.undefined.TAA6.259,259,U53037.1.5011.undefined.TAA6.259,57.14
U53038.1.5012.undefined.TAA7.259,259,U53038.1.5012.undefined.TAA7.259,55.98
U53039.1.5013.undefined.TAA8.260,260,U53039.1.5013.undefined.TAA8.260,56.92
U53040.1.5014.undefined.TAA9.258,258,U53040.1.5014.undefined.TAA9.258,56.59
U53041.1.5015.undefined.TAB1.258,258,U53041.1.5015.undefined.TAB1.258,56.2
U53042.1.5016.undefined.TAB2.258,258,U53042.1.5016.undefined.TAB2.258,56.59
U53043.1.5017.undefined.TAB3.258,258,U53043.1.5017.undefined.TAB3.258,56.59
U53044.1.5018.undefined.TAB4.260,260,U53044.1.5018.undefined.TAB4.260,56.54
U53045.1.5019.undefined.TAB5.258,258,U53045.1.5019.undefined.TAB5.258,56.59
U53046.1.5020.undefined.TAB7.258,258,U53046.1.5020.undefined.TAB7.258,56.59
U53047.1.5021.undefined.TAB8.259,258,U53047.1.5021.undefined.TAB8.259,56.59
U53048.1.5022.undefined.TAB9.258,258,U53048.1.5022.undefined.TAB9.258,56.2
U53049.1.5023.undefined.TAB10.259,259,U53049.1.5023.undefined.TAB10.259,55.98
U53050.1.5024.undefined.TAA1.164,164,U53050.1.5024.undefined.TAA1.164,55.49
U53051.1.5025.undefined.TAA2.164,164,U53051.1.5025.undefined.TAA2.164,54.88
U53052.1.5026.undefined.TAA3.164,164,U53052.1.5026.undefined.TAA3.164,56.71
U53053.1.5027.undefined.TAA4.164,164,U53053.1.5027.undefined.TAA4.164,55.49
U53054.1.5028.undefined.TAA5.164,164,U53054.1.5028.undefined.TAA5.164,57.93
U53055.1.5029.undefined.TAA6.164,164,U53055.1.5029.undefined.TAA6.164,55.49
U53056.1.5030.undefined.TAA7.164,164,U53056.1.5030.undefined.TAA7.164,56.1
U53057.1.5031.undefined.TAA8.164,164,U53057.1.5031.undefined.TAA8.164,55.49
U53058.1.5032.undefined.TAA9.164,164,U53058.1.5032.undefined.TAA9.164,57.32
U53059.1.5033.undefined.TAB1.164,164,U53059.1.5033.undefined.TAB1.164,57.93
U53060.1.5034.undefined.TAB2.164,164,U53060.1.5034.undefined.TAB2.164,57.32
U53061.1.5035.undefined.TAB3.164,164,U53061.1.5035.undefined.TAB3.164,57.32
U53062.1.5036.undefined.TAB4.164,164,U53062.1.5036.undefined.TAB4.164,56.71
U53063.1.5037.undefined.TAB5.164,164,U53063.1.5037.undefined.TAB5.164,57.32
U53064.1.5038.undefined.TAB6.164,164,U53064.1.5038.undefined.TAB6.164,57.32
U53065.1.5039.undefined.TAB7.164,164,U53065.1.5039.undefined.TAB7.164,57.32
U53066.1.5040.undefined.TAB8.164,164,U53066.1.5040.undefined.TAB8.164,58.54
U53067.1.5041.undefined.TAB9.164,164,U53067.1.5041.undefined.TAB9.164,57.93
U53068.1.5042.undefined.TAB10.164,164,U53068.1.5042.undefined.TAB10.164,56.1
U53069.1.5043.undefined.TA1.524,524,U53069.1.5043.undefined.TA1.524,58.97
U53070.1.5044.undefined.TA2.521,521,U53070.1.5044.undefined.TA2.521,59.31
U53071.1.5045.undefined.TA3.521,521,U53071.1.5045.undefined.TA3.521,59.31
U53072.1.5046.undefined.TA4.521,521,U53072.1.5046.undefined.TA4.521,59.12
U53073.1.5047.undefined.TA5.521,521,U53073.1.5047.undefined.TA5.521,59.31
U53074.1.5048.undefined.TA6.522,522,U53074.1.5048.undefined.TA6.522,58.62
U53075.1.5049.undefined.TA7.522,522,U53075.1.5049.undefined.TA7.522,58.43
U53076.1.5050.undefined.TA8.522,522,U53076.1.5050.undefined.TA8.522,58.81
U53077.1.5051.undefined.TA9.521,521,U53077.1.5051.undefined.TA9.521,59.31
U53078.1.5052.undefined.TAC1.521,521,U53078.1.5052.undefined.TAC1.521,59.12
U53079.1.5053.undefined.TAC2.521,521,U53079.1.5053.undefined.TAC2.521,59.31
U53080.1.5054.undefined.TAC3.521,521,U53080.1.5054.undefined.TAC3.521,59.12
U59134.1.5055.undefined.-.118,118,U59134.1.5055.undefined.-.118,60.17
U59135.1.5056.undefined.-.118,118,U59135.1.5056.undefined.-.118,60.17
U59136.1.5057.undefined.-.118,118,U59136.1.5057.undefined.-.118,61.02
U59137.1.5058.undefined.-.118,118,U59137.1.5058.undefined.-.118,59.32
U60903.1.5059.undefined.BRS.613,613,U60903.1.5059.undefined.BRS.613,53.51
U60904.1.5060.undefined.BSD.613,613,U60904.1.5060.undefined.BSD.613,54.0
U60905.1.5061.undefined.BTL.613,613,U60905.1.5061.undefined.BTL.613,53.51
U60906.1.5062.undefined.CFK.613,613,U60906.1.5062.undefined.CFK.613,53.67
U60907.1.5063.undefined.CJC.613,613,U60907.1.5063.undefined.CJC.613,53.18
U60908.1.5064.undefined.CL.613,613,U60908.1.5064.undefined.CL.613,53.18
U60909.1.5065.undefined.CML.613,613,U60909.1.5065.undefined.CML.613,53.34
U60910.1.5066.undefined.CMT.613,613,U60910.1.5066.undefined.CMT.613,53.83
U60911.1.5067.undefined.CSL.613,613,U60911.1.5067.undefined.CSL.613,53.83
U60912.1.5068.undefined.FIT.613,613,U60912.1.5068.undefined.FIT.613,54.0
U60913.1.5069.undefined.GHC.613,613,U60913.1.5069.undefined.GHC.613,54.0
U60914.1.5070.undefined.HH.613,613,U60914.1.5070.undefined.HH.613,52.85
U60915.1.5071.undefined.IJL.613,613,U60915.1.5071.undefined.IJL.613,53.51
U60916.1.5072.undefined.IJW.613,613,U60916.1.5072.undefined.IJW.613,54.0
U60917.1.5073.undefined.IMJ.613,613,U60917.1.5073.undefined.IMJ.613,53.34
U60918.1.5074.undefined.ISI.613,613,U60918.1.5074.undefined.ISI.613,53.67
U60919.1.5075.undefined.JMC.613,613,U60919.1.5075.undefined.JMC.613,53.83
U60920.1.5076.undefined.JMCC.613,613,U60920.1.5076.undefined.JMCC.613,53.51
U60921.1.5077.undefined.JPL.613,613,U60921.1.5077.undefined.JPL.613,53.67
U60922.1.5078.undefined.JTH.613,613,U60922.1.5078.undefined.JTH.613,53.83
U60923.1.5079.undefined.KNS.613,613,U60923.1.5079.undefined.KNS.613,54.0
U60924.1.5080.undefined.LCC.613,613,U60924.1.5080.undefined.LCC.613,53.51
U60925.1.5081.undefined.LMW.613,613,U60925.1.5081.undefined.LMW.613,53.51
U60926.1.5082.undefined.LSC.613,613,U60926.1.5082.undefined.LSC.613,53.83
U60927.1.5083.undefined.ML.613,613,U60927.1.5083.undefined.ML.613,53.51
U60928.1.5084.undefined.MLS.613,613,U60928.1.5084.undefined.MLS.613,53.83
U60929.1.5085.undefined.MS.613,613,U60929.1.5085.undefined.MS.613,54.16
U60930.1.5086.undefined.MSH.613,613,U60930.1.5086.undefined.MSH.613,53.67
U60931.1.5087.undefined.PH.613,613,U60931.1.5087.undefined.PH.613,54.0
U60932.1.5088.undefined.RMS.613,613,U60932.1.5088.undefined.RMS.613,54.16
U60933.1.5089.undefined.SIL.613,613,U60933.1.5089.undefined.SIL.613,53.51
U60934.1.5090.undefined.SJL.613,613,U60934.1.5090.undefined.SJL.613,53.34
U60935.1.5091.undefined.SU603.613,613,U60935.1.5091.undefined.SU603.613,53.51
U60936.1.5092.undefined.THY.613,613,U60936.1.5092.undefined.THY.613,53.83
U60937.1.5093.undefined.TSS.613,613,U60937.1.5093.undefined.TSS.613,53.51
U60938.1.5094.undefined.TST.613,613,U60938.1.5094.undefined.TST.613,53.51
U60939.1.5095.undefined.WSC.613,613,U60939.1.5095.undefined.WSC.613,53.67
U60940.1.5096.undefined.YL1112.613,613,U60940.1.5096.undefined.YL1112.613,53.51
U60941.1.5097.undefined.YL197.613,613,U60941.1.5097.undefined.YL197.613,53.67
U60942.1.5098.undefined.YL755.613,613,U60942.1.5098.undefined.YL755.613,53.34
U66294.1.5099.undefined.TUM0072.383,383,U66294.1.5099.undefined.TUM0072.383,49.61
U66295.1.5100.undefined.TUM0310.383,383,U66295.1.5100.undefined.TUM0310.383,49.61
U66296.1.5101.undefined.TUM0385.383,383,U66296.1.5101.undefined.TUM0385.383,49.61
U66297.1.5102.undefined.TUM3049.383,383,U66297.1.5102.undefined.TUM3049.383,50.13
U72524.1.5103.undefined.-.589,589,U72524.1.5103.undefined.-.589,52.97
U72525.1.5104.undefined.-.589,589,U72525.1.5104.undefined.-.589,53.31
U72526.1.5105.undefined.-.589,589,U72526.1.5105.undefined.-.589,52.97
U72527.1.5106.undefined.-.589,589,U72527.1.5106.undefined.-.589,53.14
U72528.1.5107.undefined.-.589,589,U72528.1.5107.undefined.-.589,52.97
U72529.1.5108.undefined.-.451,451,U72529.1.5108.undefined.-.451,62.53
U72530.1.5109.undefined.-.451,451,U72530.1.5109.undefined.-.451,62.75
U72531.1.5110.undefined.-.451,451,U72531.1.5110.undefined.-.451,62.53
U72532.1.5111.undefined.-.451,451,U72532.1.5111.undefined.-.451,62.75
U72533.1.5112.undefined.-.451,451,U72533.1.5112.undefined.-.451,62.97
U73008.1.5113.undefined.-.626,626,U73008.1.5113.undefined.-.626,58.63
U73009.1.5114.undefined.-.626,626,U73009.1.5114.undefined.-.626,57.83
U73010.1.5115.undefined.-.625,625,U73010.1.5115.undefined.-.625,58.4
U73011.1.5116.undefined.-.627,627,U73011.1.5116.undefined.-.627,58.21
U73012.1.5117.undefined.-.626,626,U73012.1.5117.undefined.-.626,57.67
U73013.1.5118.undefined.-.626,626,U73013.1.5118.undefined.-.626,57.99
U73014.1.5119.undefined.-.626,626,U73014.1.5119.undefined.-.626,57.99
U73015.1.5120.undefined.-.626,626,U73015.1.5120.undefined.-.626,58.31
U73016.1.5121.undefined.-.626,626,U73016.1.5121.undefined.-.626,58.31
U73017.1.5122.undefined.-.627,627,U73017.1.5122.undefined.-.627,57.89
U73018.1.5123.undefined.-.626,626,U73018.1.5123.undefined.-.626,58.47
U73019.1.5124.undefined.-.627,627,U73019.1.5124.undefined.-.627,58.37
U73020.1.5125.undefined.-.627,627,U73020.1.5125.undefined.-.627,58.37
U73021.1.5126.undefined.-.626,626,U73021.1.5126.undefined.-.626,58.31
U73022.1.5127.undefined.-.628,628,U73022.1.5127.undefined.-.628,58.12
U73973.1.5128.undefined.-.522,522,U73973.1.5128.undefined.-.522,52.68
U73974.1.5129.undefined.-.521,521,U73974.1.5129.undefined.-.521,52.78
U73975.1.5130.undefined.-.522,522,U73975.1.5130.undefined.-.522,52.68
U73976.1.5131.undefined.-.522,522,U73976.1.5131.undefined.-.522,52.11
U73977.1.5132.undefined.-.522,522,U73977.1.5132.undefined.-.522,52.87
U73978.1.5133.undefined.-.522,522,U73978.1.5133.undefined.-.522,51.92
U73979.1.5134.undefined.-.522,522,U73979.1.5134.undefined.-.522,52.11
U73980.1.5135.undefined.-.522,522,U73980.1.5135.undefined.-.522,52.68
U73981.1.5136.undefined.-.522,522,U73981.1.5136.undefined.-.522,52.3
U73982.1.5137.undefined.-.522,522,U73982.1.5137.undefined.-.522,52.68
U73983.1.5138.undefined.-.522,522,U73983.1.5138.undefined.-.522,52.68
U73984.1.5139.undefined.-.522,522,U73984.1.5139.undefined.-.522,52.11
U73985.1.5140.undefined.-.522,522,U73985.1.5140.undefined.-.522,52.68
U73986.1.5141.undefined.-.522,522,U73986.1.5141.undefined.-.522,52.49
U73987.1.5142.undefined.-.522,522,U73987.1.5142.undefined.-.522,52.68
U73988.1.5143.undefined.-.522,522,U73988.1.5143.undefined.-.522,52.3
U73989.1.5144.undefined.-.522,522,U73989.1.5144.undefined.-.522,52.68
U73990.1.5145.undefined.-.522,522,U73990.1.5145.undefined.-.522,52.68
U73991.1.5146.undefined.-.522,522,U73991.1.5146.undefined.-.522,52.3
U73992.1.5147.undefined.-.522,522,U73992.1.5147.undefined.-.522,52.3
U73993.1.5148.undefined.-.522,522,U73993.1.5148.undefined.-.522,52.68
U73994.1.5149.undefined.-.521,521,U73994.1.5149.undefined.-.521,52.4
U73995.1.5150.undefined.-.522,522,U73995.1.5150.undefined.-.522,52.3
U73996.1.5151.undefined.-.522,522,U73996.1.5151.undefined.-.522,52.68
U73997.1.5152.undefined.-.522,522,U73997.1.5152.undefined.-.522,52.68
U73998.1.5153.undefined.-.522,522,U73998.1.5153.undefined.-.522,52.3
U73999.1.5154.undefined.-.522,522,U73999.1.5154.undefined.-.522,52.68
U74000.1.5155.undefined.-.522,522,U74000.1.5155.undefined.-.522,52.68
U74001.1.5156.undefined.-.522,522,U74001.1.5156.undefined.-.522,52.49
U74002.1.5157.undefined.-.522,522,U74002.1.5157.undefined.-.522,52.3
U74003.1.5158.undefined.-.522,522,U74003.1.5158.undefined.-.522,52.3
U74004.1.5159.undefined.-.522,522,U74004.1.5159.undefined.-.522,52.3
U74005.1.5160.undefined.-.522,522,U74005.1.5160.undefined.-.522,52.68
U74006.1.5161.undefined.-.522,522,U74006.1.5161.undefined.-.522,52.49
U74007.1.5162.undefined.-.522,522,U74007.1.5162.undefined.-.522,52.3
U74008.1.5163.undefined.-.522,522,U74008.1.5163.undefined.-.522,52.3
U74009.1.5164.undefined.-.522,522,U74009.1.5164.undefined.-.522,52.68
U74010.1.5165.undefined.-.522,522,U74010.1.5165.undefined.-.522,52.49
U74011.1.5166.undefined.-.522,522,U74011.1.5166.undefined.-.522,52.3
U74012.1.5167.undefined.-.522,522,U74012.1.5167.undefined.-.522,52.49
U74013.1.5168.undefined.-.522,522,U74013.1.5168.undefined.-.522,52.3
U74014.1.5169.undefined.-.522,522,U74014.1.5169.undefined.-.522,52.68
U74015.1.5170.undefined.-.522,522,U74015.1.5170.undefined.-.522,52.3
U74016.1.5171.undefined.-.522,522,U74016.1.5171.undefined.-.522,51.53
U81862.1.5172.undefined.H990.1467,1467,U81862.1.5172.undefined.H990.1467,51.33
U81863.1.5173.undefined.Pt18ATL.1467,1467,U81863.1.5173.undefined.Pt18ATL.1467,51.26
U81864.1.5174.undefined.pt1ATL.1467,1467,U81864.1.5174.undefined.pt1ATL.1467,51.19
U81865.1.5175.undefined.pt12ATL.1467,1467,U81865.1.5175.undefined.pt12ATL.1467,51.47
U81866.1.5176.undefined.pt3ATL.1467,1467,U81866.1.5176.undefined.pt3ATL.1467,51.6
U81867.1.5177.undefined.pt5ATL.1467,1467,U81867.1.5177.undefined.pt5ATL.1467,51.33
U81868.1.5178.undefined.pt8ATL.1467,1467,U81868.1.5178.undefined.pt8ATL.1467,51.12
U81869.1.5179.undefined.pt9ATL.1467,1467,U81869.1.5179.undefined.pt9ATL.1467,51.47
U87260.1.5180.undefined.IRN-1.704,704,U87260.1.5180.undefined.IRN-1.704,58.66
U87261.1.5181.undefined.IRN-2.704,704,U87261.1.5181.undefined.IRN-2.704,58.81
U87262.1.5182.undefined.IRN-4.704,704,U87262.1.5182.undefined.IRN-4.704,58.66
U87263.1.5183.undefined.SAS.704,704,U87263.1.5183.undefined.SAS.704,58.66
U87264.1.5184.undefined.Abl.A.704,704,U87264.1.5184.undefined.Abl.A.704,58.95
U88718.1.5185.undefined.CMR744.507,507,U88718.1.5185.undefined.CMR744.507,57.2
U88719.1.5186.undefined.CMR786.508,508,U88719.1.5186.undefined.CMR786.508,57.28
U88720.1.5187.undefined.CMR952.507,507,U88720.1.5187.undefined.CMR952.507,57.0
U88721.1.5188.undefined.CMR961.508,508,U88721.1.5188.undefined.CMR961.508,57.09
U88722.1.5189.undefined.CMR977.508,508,U88722.1.5189.undefined.CMR977.508,56.89
U88723.1.5190.undefined.CMR996.507,507,U88723.1.5190.undefined.CMR996.507,57.4
U88724.1.5191.undefined.CMR229.522,522,U88724.1.5191.undefined.CMR229.522,52.11
X04800.1.5192.undefined.-.708,708,X04800.1.5192.undefined.-.708,52.4
X06391.1.5193.undefined.-.5391,5391,X06391.1.5193.undefined.-.5391,44.83
X06392.1.5194.undefined.-.879,879,X06392.1.5194.undefined.-.879,45.62
X14144.1.5195.undefined.-.352,352,X14144.1.5195.undefined.-.352,51.99
X15951.1.5196.undefined.MT-2.1290,1290,X15951.1.5196.undefined.MT-2.1290,56.28
X56949.2.5197.undefined.MT-2.1467,1467,X56949.2.5197.undefined.MT-2.1467,51.4
X65632.1.5198.undefined.-.375,375,X65632.1.5198.undefined.-.375,50.67
X76030.1.5199.undefined.-.348,348,X76030.1.5199.undefined.-.348,45.98
X76031.1.5200.undefined.-.348,348,X76031.1.5200.undefined.-.348,45.98
X76032.1.5201.undefined.-.348,348,X76032.1.5201.undefined.-.348,45.98
X76033.1.5202.undefined.-.348,348,X76033.1.5202.undefined.-.348,45.98
X76034.1.5203.undefined.-.348,348,X76034.1.5203.undefined.-.348,45.98
X76035.1.5204.undefined.-.406,406,X76035.1.5204.undefined.-.406,55.17
X76036.1.5205.undefined.-.406,406,X76036.1.5205.undefined.-.406,55.17
X76037.1.5206.undefined.-.406,406,X76037.1.5206.undefined.-.406,55.17
X76038.1.5207.undefined.-.406,406,X76038.1.5207.undefined.-.406,55.17
X76039.1.5208.undefined.-.406,406,X76039.1.5208.undefined.-.406,55.17
X80241.1.5209.undefined.-.537,537,X80241.1.5209.undefined.-.537,51.4
X80242.1.5210.undefined.-.537,537,X80242.1.5210.undefined.-.537,51.4
X80243.1.5211.undefined.-.537,537,X80243.1.5211.undefined.-.537,51.4
X80244.1.5212.undefined.-.537,537,X80244.1.5212.undefined.-.537,51.77
X83117.1.5213.undefined.ITIS.709,709,X83117.1.5213.undefined.ITIS.709,58.25
X83118.1.5214.undefined.MOMS.709,709,X83118.1.5214.undefined.MOMS.709,58.53
X83119.1.5215.undefined.MWMG.709,709,X83119.1.5215.undefined.MWMG.709,58.67
X88871.1.5216.undefined.-.754,754,X88871.1.5216.undefined.-.754,57.82
X88872.1.5217.undefined.-.760,760,X88872.1.5217.undefined.-.760,57.63
X88873.1.5218.undefined.-.754,754,X88873.1.5218.undefined.-.754,58.22
X88874.1.5219.undefined.-.755,755,X88874.1.5219.undefined.-.755,57.48
X88875.1.5220.undefined.-.754,754,X88875.1.5220.undefined.-.754,58.22
X88876.1.5221.undefined.-.754,754,X88876.1.5221.undefined.-.754,57.82
X88877.1.5222.undefined.-.754,754,X88877.1.5222.undefined.-.754,58.22
X88879.1.5223.undefined.-.522,522,X88879.1.5223.undefined.-.522,52.68
X88880.1.5224.undefined.-.522,522,X88880.1.5224.undefined.-.522,52.49
X88881.1.5225.undefined.-.522,522,X88881.1.5225.undefined.-.522,52.68
X88882.1.5226.undefined.-.522,522,X88882.1.5226.undefined.-.522,52.87
X88883.1.5227.undefined.-.522,522,X88883.1.5227.undefined.-.522,52.3
X88884.1.5228.undefined.-.522,522,X88884.1.5228.undefined.-.522,52.87
X88885.1.5229.undefined.-.522,522,X88885.1.5229.undefined.-.522,52.87
X88887.1.5230.undefined.-.522,522,X88887.1.5230.undefined.-.522,52.87
X89270.1.5231.undefined.-.8955,8955,X89270.1.5231.undefined.-.8955,54.35
X91888.1.5232.undefined.-.639,639,X91888.1.5232.undefined.-.639,54.3
X91987.1.5233.undefined.-.1407,1407,X91987.1.5233.undefined.-.1407,51.88
Y09147.1.5234.undefined.-.860,860,Y09147.1.5234.undefined.-.860,55.93
Y09148.1.5235.undefined.-.848,848,Y09148.1.5235.undefined.-.848,56.13
Y09149.1.5236.undefined.-.766,766,Y09149.1.5236.undefined.-.766,58.22
Y09150.1.5237.undefined.-.766,766,Y09150.1.5237.undefined.-.766,58.22
Y09151.1.5238.undefined.-.765,765,Y09151.1.5238.undefined.-.765,58.04
Y09152.1.5239.undefined.-.765,765,Y09152.1.5239.undefined.-.765,58.43
Y09153.1.5240.undefined.-.765,765,Y09153.1.5240.undefined.-.765,58.04
Y09154.1.5241.undefined.-.765,765,Y09154.1.5241.undefined.-.765,57.91
Y09155.1.5242.undefined.-.765,765,Y09155.1.5242.undefined.-.765,58.04
Y13051.1.5243.undefined.-.8960,8960,Y13051.1.5243.undefined.-.8960,54.08
Y14365.1.5244.undefined.-.8971,8971,Y14365.1.5244.undefined.-.8971,54.79
Y15077.1.5245.undefined.-.993,993,Y15077.1.5245.undefined.-.993,52.06
Y15078.1.5246.undefined.-.993,993,Y15078.1.5246.undefined.-.993,51.86
Y15956.1.5247.undefined.CMC.1309,1309,Y15956.1.5247.undefined.CMC.1309,53.78
Y15957.1.5248.undefined.HKN.1309,1309,Y15957.1.5248.undefined.HKN.1309,54.09
Y15958.1.5249.undefined.ITIS.2005,2005,Y15958.1.5249.undefined.ITIS.2005,55.46
Y15959.1.5250.undefined.MASU.1309,1309,Y15959.1.5250.undefined.MASU.1309,54.01
Y15960.1.5251.undefined.MOMS.2004,2004,Y15960.1.5251.undefined.MOMS.2004,55.59
Y15961.1.5252.undefined.MWSA.1297,1297,Y15961.1.5252.undefined.MWSA.1297,53.89
Y16475.1.5253.undefined.Qu1.Peru.756,757,Y16475.1.5253.undefined.Qu1.Peru.756,57.99
Y16476.1.5254.undefined.Qu2.Peru.756,756,Y16476.1.5254.undefined.Qu2.Peru.756,58.47
Y16477.1.5255.undefined.Qu3.Peru.756,756,Y16477.1.5255.undefined.Qu3.Peru.756,58.47
Y16478.1.5256.undefined.Me1.Peru.757,756,Y16478.1.5256.undefined.Me1.Peru.757,58.2
Y16479.2.5257.undefined.Me2.Peru.759,759,Y16479.2.5257.undefined.Me2.Peru.759,58.23
Y16480.1.5258.undefined.Me3.Peru.757,758,Y16480.1.5258.undefined.Me3.Peru.757,57.65
Y16481.1.5259.undefined.Bl1.Peru.757,756,Y16481.1.5259.undefined.Bl1.Peru.757,57.94
Y16482.2.5260.undefined.Bl2.Peru.755,755,Y16482.2.5260.undefined.Bl2.Peru.755,58.15
Y16483.1.5261.undefined.Bl3.Peru.757,757,Y16483.1.5261.undefined.Bl3.Peru.757,57.73
Y16484.1.5262.undefined.Ni1.Peru.757,757,Y16484.1.5262.undefined.Ni1.Peru.757,57.33
Y16485.1.5263.undefined.Ni3.Peru.757,757,Y16485.1.5263.undefined.Ni3.Peru.757,57.46
Y16486.1.5264.undefined.Qu1.Peru.522,522,Y16486.1.5264.undefined.Qu1.Peru.522,52.3
Y16487.2.5265.undefined.Ni2.Peru.757,757,Y16487.2.5265.undefined.Ni2.Peru.757,57.46
Y16488.1.5266.undefined.Qu2.Peru.522,522,Y16488.1.5266.undefined.Qu2.Peru.522,52.68
Y16489.1.5267.undefined.Me1.Peru.522,522,Y16489.1.5267.undefined.Me1.Peru.522,52.49
Y16490.1.5268.undefined.Me2.Peru.522,522,Y16490.1.5268.undefined.Me2.Peru.522,52.49
Y16491.1.5269.undefined.Me3.Peru.522,522,Y16491.1.5269.undefined.Me3.Peru.522,52.3
Y16492.2.5270.undefined.Bl1.Peru.522,522,Y16492.2.5270.undefined.Bl1.Peru.522,52.68
Y16493.1.5271.undefined.Bl2.Peru.522,522,Y16493.1.5271.undefined.Bl2.Peru.522,52.68
Y16494.1.5272.undefined.Bl3.Peru.522,522,Y16494.1.5272.undefined.Bl3.Peru.522,51.92
Y16495.1.5273.undefined.Ni1.Peru.756,522,Y16495.1.5273.undefined.Ni1.Peru.756,52.11
Y16496.1.5274.undefined.Ni2.Peru.756,522,Y16496.1.5274.undefined.Ni2.Peru.756,53.07
Y16497.1.5275.undefined.Ni3.Peru.522,522,Y16497.1.5275.undefined.Ni3.Peru.522,52.3
Y17014.1.5276.undefined.Efe1.757,757,Y17014.1.5276.undefined.Efe1.757,57.46
Y17015.1.5277.undefined.-.743,743,Y17015.1.5277.undefined.-.743,57.2
Y17016.1.5278.undefined.-.745,745,Y17016.1.5278.undefined.-.745,55.97
Y17017.1.5279.undefined.-.746,746,Y17017.1.5279.undefined.-.746,57.24
Y17018.1.5280.undefined.-.745,745,Y17018.1.5280.undefined.-.745,56.51
Y17019.1.5281.undefined.-.757,757,Y17019.1.5281.undefined.-.757,55.61
Y17020.1.5282.undefined.-.519,519,Y17020.1.5282.undefined.-.519,53.18
Y17021.1.5283.undefined.-.519,519,Y17021.1.5283.undefined.-.519,52.02
Y17022.1.5284.undefined.-.519,519,Y17022.1.5284.undefined.-.519,52.6
Y17023.1.5285.undefined.-.519,519,Y17023.1.5285.undefined.-.519,52.02
Z28963.1.5286.undefined.-.522,522,Z28963.1.5286.undefined.-.522,52.68
Z28964.1.5287.undefined.-.522,522,Z28964.1.5287.undefined.-.522,53.07
Z28965.1.5288.undefined.-.522,522,Z28965.1.5288.undefined.-.522,52.68
Z28966.1.5289.undefined.-.522,522,Z28966.1.5289.undefined.-.522,52.49
Z28967.1.5290.undefined.-.522,522,Z28967.1.5290.undefined.-.522,53.07
Z31659.1.5291.undefined.-.755,755,Z31659.1.5291.undefined.-.755,57.35
Z31660.1.5292.undefined.-.756,756,Z31660.1.5292.undefined.-.756,57.67
Z31661.1.5293.undefined.-.756,756,Z31661.1.5293.undefined.-.756,57.28
Z31662.1.5294.undefined.-.756,756,Z31662.1.5294.undefined.-.756,57.01
Z32527.1.5295.undefined.-.755,755,Z32527.1.5295.undefined.-.755,57.35
Z46837.1.5296.undefined.-.589,589,Z46837.1.5296.undefined.-.589,53.31
Z46838.1.5297.undefined.-.712,712,Z46838.1.5297.undefined.-.712,57.44
Z46888.1.5298.undefined.-.713,713,Z46888.1.5298.undefined.-.713,57.22
Z46889.1.5299.undefined.-.1859,1859,Z46889.1.5299.undefined.-.1859,52.88
Z47788.1.5300.undefined.-.1600,1600,Z47788.1.5300.undefined.-.1600,52.25
