IQ-TREE multicore version 2.0.7 for Linux 64-bit built Nov 30 2024
Developed by Bui Quang Minh, Nguyen Lam Tung, Olga Chernomor,
Heiko Schmidt, Dominik Schrempf, Michael Woodhams.

Host:    DESKTOP-SKQAN1A (AVX2, FMA3, 1 GB RAM)
Command: iqtree2 -s data/processed/htlv_env_sequence_aligned.fasta -m MFP -bb 1000 -nt AUTO -pre results/iqtree/iqtree_env
Seed:    401702 (Using SPRNG - Scalable Parallel Random Number Generator)
Time:    Thu Sep 10 21:39:18 2026
Kernel:  AVX+FMA - auto-detect threads (4 CPU cores detected)

Reading alignment file data/processed/htlv_env_sequence_aligned.fasta ... Fasta format detected
Alignment most likely contains DNA/RNA sequences
Alignment has 2339 sequences with 4704 columns, 2758 distinct patterns
2006 parsimony-informative, 543 singleton sites, 2155 constant sites
                                             Gap/Ambiguity  Composition  p-value
   1  AB036346.1.31.undefined.-.1080                77.04%    failed      3.49%
   2  AB036347.1.32.undefined.-.1079                77.06%    failed      4.44%
   3  AB036348.1.33.undefined.HC1020A.601           87.22%    failed      0.93%
   4  AB036349.1.34.undefined.HAM284A.601           87.22%    failed      1.32%
   5  AB036350.1.35.undefined.HC57A.601             87.22%    failed      1.06%
   6  AB036351.1.36.undefined.HC66A.601             87.22%    failed      1.84%
   7  AB036352.1.37.undefined.HC33B.603             87.18%    failed      1.70%
   8  AB036354.1.39.undefined.HC7B.603              87.18%    failed      1.52%
   9  AB036355.1.40.undefined.HAM1.1079             77.06%    failed      3.64%
  10  AB036356.1.41.undefined.HAM17.1079            77.06%    failed      3.01%
  11  AB036357.1.42.undefined.HAM20.1079            77.06%    failed      2.74%
  12  AB036358.1.43.undefined.HAM28.1079            77.06%    failed      3.01%
  13  AB036359.1.44.undefined.HAM3.1079             77.06%    failed      3.64%
  14  AB036360.1.45.undefined.HAM32.1080            77.04%    passed      5.49%
  15  AB036361.1.46.undefined.HAM38.1079            77.06%    passed      5.06%
  16  AB036362.1.47.undefined.HAM284.1079           77.06%    failed      3.84%
  17  AB036363.1.48.undefined.HAM4.1079             77.06%    failed      3.64%
  18  AB036364.1.49.undefined.HAM3.1079             77.06%    failed      3.51%
  19  AB036365.1.50.undefined.HAM5.1079             77.06%    failed      3.13%
  20  AB036366.1.51.undefined.HAM6.1079             77.06%    failed      3.64%
  21  AB036367.1.52.undefined.HAM64.1080            77.04%    failed      3.49%
  22  AB036368.1.53.undefined.HAM66.1079            77.06%    passed      5.06%
  23  AB036369.1.54.undefined.HAM7.1080             77.04%    failed      4.36%
  24  AB036370.1.55.undefined.HAM8.1079             77.06%    failed      3.64%
  25  AB036371.1.56.undefined.HAM9.1079             77.06%    failed      4.19%
  26  AB036372.1.57.undefined.ATL10.1079            77.06%    passed      7.10%
  27  AB036373.1.58.undefined.ATL13.1079            77.06%    failed      4.19%
  28  AB036374.1.59.undefined.ATL14.1079            77.06%    failed      4.44%
  29  AB036375.1.60.undefined.ATL15.1079            77.06%    failed      3.64%
  30  AB036376.1.61.undefined.ATL150.1079           77.06%    failed      4.07%
  31  AB036377.1.62.undefined.ATL2.1079             77.06%    failed      4.19%
  32  AB036378.1.63.undefined.ATL272.1080           77.04%    failed      3.04%
  33  AB036379.1.64.undefined.ATL4.1079             77.06%    failed      3.45%
  34  AB036380.1.65.undefined.ATL5.1079             77.06%    failed      4.19%
  35  AB036381.1.66.undefined.ATL7.1079             77.06%    failed      4.38%
  36  AB036382.1.67.undefined.ATL8.1079             77.06%    failed      4.39%
  37  AB036383.1.68.undefined.ATL9.1079             77.06%    failed      3.64%
  38  AB036384.1.69.undefined.HC1020.1079           77.06%    failed      4.07%
  39  AB036385.1.70.undefined.HC1098.1079           77.06%    failed      4.07%
  40  AB036386.1.71.undefined.HC29.1079             77.06%    failed      3.64%
  41  AB036387.1.72.undefined.HC33.1079             77.06%    failed      3.64%
  42  AB036388.1.73.undefined.HC40.1080             77.04%    failed      2.63%
  43  AB036389.1.74.undefined.HC44.1079             77.06%    failed      4.79%
  44  AB036390.1.75.undefined.HC47.1079             77.06%    failed      3.78%
  45  AB036391.1.76.undefined.HC5.1079              77.06%    failed      3.64%
  46  AB036392.1.77.undefined.HC57.1080             77.04%    failed      3.54%
  47  AB036393.1.78.undefined.HC66.1080             77.04%    failed      3.98%
  48  AB036394.1.79.undefined.HC7.1079              77.06%    failed      3.64%
  49  AB036395.1.80.undefined.HC70.1080             77.04%    failed      3.98%
  50  AB038239.1.81.undefined.-.1062                77.42%    failed      2.50%
  51  AB045399.1.82.undefined.ATL12.1072            77.21%    failed      2.60%
  52  AB045400.1.83.undefined.ATL17.1072            77.21%    failed      3.65%
  53  AB045401.1.84.undefined.ATL19.1072            77.21%    failed      4.64%
  54  AB045402.1.85.undefined.ATL20.1072            77.21%    failed      2.93%
  55  AB045403.1.86.undefined.ATL21.1072            77.21%    failed      3.28%
  56  AB045404.1.87.undefined.ATL22.1072            77.21%    failed      3.15%
  57  AB045405.1.88.undefined.ATL24.1072            77.21%    failed      3.65%
  58  AB045406.1.89.undefined.ATL25.1072            77.21%    failed      3.78%
  59  AB045407.1.90.undefined.ATL27.1072            77.21%    failed      3.28%
  60  AB045408.1.91.undefined.ATL36.1072            77.21%    failed      2.69%
  61  AB045409.1.92.undefined.ATL41.1072            77.21%    failed      3.28%
  62  AB045410.1.93.undefined.ATL46.1072            77.21%    failed      2.83%
  63  AB045411.1.94.undefined.ATL48.1072            77.21%    failed      2.83%
  64  AB045412.1.95.undefined.ATL52.1072            77.21%    failed      3.65%
  65  AB045413.1.96.undefined.ATL54.1072            77.21%    failed      3.28%
  66  AB045414.1.97.undefined.ATL58.1072            77.21%    failed      2.69%
  67  AB045415.1.98.undefined.ATL59.1072            77.21%    failed      3.28%
  68  AB045416.1.99.undefined.ATL64.1072            77.21%    failed      3.28%
  69  AB045417.1.100.undefined.ATL65.1072           77.21%    failed      3.28%
  70  AB045418.1.101.undefined.ATL67.1072           77.21%    failed      1.54%
  71  AB045419.1.102.undefined.ATL68.1072           77.21%    failed      3.95%
  72  AB045420.1.103.undefined.ATL71.1072           77.21%    failed      3.28%
  73  AB045421.1.104.undefined.ATL73.1072           77.21%    failed      3.95%
  74  AB045422.1.105.undefined.ATL74.1072           77.21%    failed      3.28%
  75  AB045423.1.106.undefined.ATL75.1072           77.21%    failed      3.28%
  76  AB045424.1.107.undefined.ATL77.1072           77.21%    failed      2.53%
  77  AB045425.1.108.undefined.ATL86.1072           77.21%    failed      4.03%
  78  AB045426.1.109.undefined.ATL89.1072           77.21%    failed      3.28%
  79  AB045427.1.110.undefined.ATL113.1072          77.21%    failed      2.93%
  80  AB045428.1.111.undefined.ATL146.1072          77.21%    failed      2.83%
  81  AB045429.1.112.undefined.ATL166.1072          77.21%    failed      3.28%
  82  AB045432.1.115.undefined.ATL259.1072          77.21%    failed      3.28%
  83  AB045433.1.116.undefined.ATL260.1072          77.21%    failed      4.11%
  84  AB045434.1.117.undefined.ATL261.1072          77.21%    failed      2.83%
  85  AB045435.1.118.undefined.ATL264.1072          77.21%    failed      3.01%
  86  AB045436.1.119.undefined.ATL269.1072          77.21%    failed      3.28%
  87  AB045437.1.120.undefined.ATL270.1072          77.21%    failed      3.28%
  88  AB045438.1.121.undefined.ATL271.1072          77.21%    failed      3.28%
  89  AB045439.1.122.undefined.ATL274.1072          77.21%    failed      3.28%
  90  AB045440.1.123.undefined.ATL275.1072          77.21%    failed      3.28%
  91  AB045441.1.124.undefined.ATL286.1072          77.21%    failed      2.83%
  92  AB045442.1.125.undefined.HAM10.1072           77.21%    failed      3.78%
  93  AB045443.1.126.undefined.HAM11.1072           77.21%    failed      3.28%
  94  AB045444.1.127.undefined.HAM13.1072           77.21%    failed      3.28%
  95  AB045445.1.128.undefined.HAM14.1072           77.21%    failed      3.28%
  96  AB045446.1.129.undefined.HAM25.1072           77.21%    failed      3.28%
  97  AB045447.1.130.undefined.HAM26.1072           77.21%    failed      3.28%
  98  AB045448.1.131.undefined.HAM29.1072           77.21%    failed      3.28%
  99  AB045449.1.132.undefined.HAM35.1072           77.21%    failed      3.28%
 100  AB045450.1.133.undefined.HAM36.1072           77.21%    failed      3.28%
 101  AB045451.1.134.undefined.HAM40.1072           77.21%    failed      3.28%
 102  AB045452.1.135.undefined.HAM42.1072           77.21%    failed      3.28%
 103  AB045453.1.136.undefined.HAM44.1072           77.21%    failed      3.28%
 104  AB045454.1.137.undefined.HAM45.1072           77.21%    failed      3.28%
 105  AB045455.1.138.undefined.HAM46.1072           77.21%    failed      3.28%
 106  AB045456.1.139.undefined.HAM48.1072           77.21%    failed      3.28%
 107  AB045457.1.140.undefined.HAM52.1072           77.21%    failed      3.28%
 108  AB045458.1.141.undefined.HAM53.1072           77.21%    failed      3.28%
 109  AB045459.1.142.undefined.HAM54.1072           77.21%    failed      3.28%
 110  AB045460.1.143.undefined.HAM57.1072           77.21%    failed      3.28%
 111  AB045461.1.144.undefined.HAM58.1072           77.21%    failed      3.28%
 112  AB045462.1.145.undefined.HAM59.1072           77.21%    failed      3.28%
 113  AB045463.1.146.undefined.HAM62.1072           77.21%    failed      3.28%
 114  AB045464.1.147.undefined.HAM63.1072           77.21%    failed      3.28%
 115  AB045465.1.148.undefined.HAM67.1072           77.21%    failed      3.28%
 116  AB045466.1.149.undefined.HAM12.1072           77.21%    failed      2.83%
 117  AB045467.1.150.undefined.HAM15.1072           77.21%    failed      2.83%
 118  AB045468.1.151.undefined.HAM16.1072           77.21%    failed      3.78%
 119  AB045469.1.152.undefined.HAM18.1072           77.21%    failed      3.15%
 120  AB045470.1.153.undefined.HAM19.1072           77.21%    failed      2.83%
 121  AB045471.1.154.undefined.HAM21.1072           77.21%    failed      3.01%
 122  AB045472.1.155.undefined.HAM23.1072           77.21%    failed      3.65%
 123  AB045473.1.156.undefined.HAM24.1072           77.21%    failed      2.60%
 124  AB045474.1.157.undefined.HAM27.1072           77.21%    failed      3.48%
 125  AB045475.1.158.undefined.HAM30.1072           77.21%    failed      2.93%
 126  AB045476.1.159.undefined.HAM31.1072           77.21%    failed      3.35%
 127  AB045477.1.160.undefined.HAM33.1072           77.21%    failed      3.19%
 128  AB045478.1.161.undefined.HAM34.1072           77.21%    failed      2.83%
 129  AB045479.1.162.undefined.HAM47.1072           77.21%    failed      3.78%
 130  AB045480.1.163.undefined.HAM49.1072           77.21%    failed      2.83%
 131  AB045481.1.164.undefined.HAM50.1072           77.21%    failed      3.65%
 132  AB045482.1.165.undefined.HAM55.1072           77.21%    failed      2.42%
 133  AB045483.1.166.undefined.HAM56.1072           77.21%    failed      3.65%
 134  AB045484.1.167.undefined.HAM60.1072           77.21%    failed      4.20%
 135  AB045485.1.168.undefined.HAM61.1072           77.21%    failed      4.11%
 136  AB045486.1.169.undefined.HC6.1072             77.21%    failed      3.78%
 137  AB045487.1.170.undefined.HC42.1072            77.21%    failed      3.28%
 138  AB045488.1.171.undefined.HC90.1072            77.21%    failed      3.28%
 139  AB045489.1.172.undefined.HC60.1072            77.21%    failed      3.28%
 140  AB045490.1.173.undefined.HC95.1072            77.21%    failed      3.78%
 141  AB045491.1.174.undefined.HC69.1072            77.21%    failed      3.28%
 142  AB045492.1.175.undefined.HC73.1072            77.21%    failed      3.28%
 143  AB045493.1.176.undefined.HC94.1072            77.21%    failed      3.28%
 144  AB045494.1.177.undefined.HC114.1072           77.21%    failed      3.28%
 145  AB045495.1.178.undefined.HC124.1072           77.21%    failed      3.28%
 146  AB045496.1.179.undefined.HC134.1072           77.21%    failed      3.28%
 147  AB045497.1.180.undefined.HC148.1072           77.21%    failed      3.28%
 148  AB045498.1.181.undefined.HC150.1072           77.21%    failed      3.28%
 149  AB045499.1.182.undefined.HC151.1072           77.21%    failed      3.28%
 150  AB045500.1.183.undefined.HC157.1072           77.21%    failed      3.28%
 151  AB045501.1.184.undefined.HC160.1072           77.21%    failed      3.28%
 152  AB045502.1.185.undefined.HC162.1072           77.21%    failed      3.28%
 153  AB045503.1.186.undefined.HC165.1072           77.21%    failed      3.28%
 154  AB045504.1.187.undefined.HC229.1072           77.21%    failed      3.28%
 155  AB045505.1.188.undefined.HC1226.1072          77.21%    failed      3.28%
 156  AB045506.1.189.undefined.HC1227.1072          77.21%    failed      3.28%
 157  AB045507.1.190.undefined.HC64.1072            77.21%    failed      2.83%
 158  AB045508.1.191.undefined.HC75.1072            77.21%    failed      4.11%
 159  AB045509.1.192.undefined.HC91.1072            77.21%    failed      2.74%
 160  AB045510.1.193.undefined.HC98.1072            77.21%    failed      3.06%
 161  AB045511.1.194.undefined.HC100.1072           77.21%    failed      3.65%
 162  AB045512.1.195.undefined.HC101.1072           77.21%    failed      3.71%
 163  AB045513.1.196.undefined.HC102.1072           77.21%    failed      3.06%
 164  AB045514.1.197.undefined.HC112.1072           77.21%    failed      4.11%
 165  AB045515.1.198.undefined.HC119.1072           77.21%    failed      3.28%
 166  AB045516.1.199.undefined.HC125.1072           77.21%    failed      4.20%
 167  AB045517.1.200.undefined.HC128.1072           77.21%    failed      4.20%
 168  AB045518.1.201.undefined.HC129.1072           77.21%    failed      3.65%
 169  AB045519.1.202.undefined.HC137.1072           77.21%    failed      3.78%
 170  AB045520.1.203.undefined.HC139.1072           77.21%    failed      2.83%
 171  AB045521.1.204.undefined.HC141.1072           77.21%    failed      3.28%
 172  AB045522.1.205.undefined.HC142.1072           77.21%    failed      3.28%
 173  AB045523.1.206.undefined.HC152.1072           77.21%    failed      2.93%
 174  AB045524.1.207.undefined.HC155.1072           77.21%    failed      4.70%
 175  AB045525.1.208.undefined.HC156.1072           77.21%    failed      2.83%
 176  AB045526.1.209.undefined.HC159.1072           77.21%    failed      3.01%
 177  AB045527.1.210.undefined.HC230.1072           77.21%    failed      3.65%
 178  AB045528.1.211.undefined.HC232.1072           77.21%    failed      3.19%
 179  AB045529.1.212.undefined.HC234.1072           77.21%    failed      2.60%
 180  AB045530.1.213.undefined.HC1229.1072          77.21%    failed      2.53%
 181  AB045531.1.214.undefined.HC1225.1072          77.21%    failed      2.93%
 182  AB045532.1.215.undefined.HC35.844             82.06%    passed     37.99%
 183  AB045533.1.216.undefined.HC20.1070            77.25%    failed      2.85%
 184  AB045534.1.217.undefined.HC117.1073           77.19%    failed      3.00%
 185  AB045535.1.218.undefined.HC34-20.1071         77.23%    failed      3.09%
 186  AB045536.1.219.undefined.HC34-25.1071         77.23%    failed      3.09%
 187  AB045537.1.220.undefined.HC34-1.1072          77.21%    failed      3.28%
 188  AB045538.1.221.undefined.HC34-2.1072          77.21%    failed      3.28%
 189  AB045539.1.222.undefined.HC34-3.1072          77.21%    failed      3.28%
 190  AB045540.1.223.undefined.HC34-4.1072          77.21%    failed      2.83%
 191  AB045541.1.224.undefined.HC34-5.1072          77.21%    failed      2.60%
 192  AB045542.1.225.undefined.HC34-6.1072          77.21%    failed      3.65%
 193  AB045543.1.226.undefined.HC34-7.1072          77.21%    failed      3.01%
 194  AB045544.1.227.undefined.HC34-8.1072          77.21%    failed      3.65%
 195  AB045545.1.228.undefined.HC34-9.1072          77.21%    failed      2.93%
 196  AB045546.1.229.undefined.HC34-10.1072         77.21%    failed      2.93%
 197  AB045547.1.230.undefined.HC34-11.1072         77.21%    failed      4.20%
 198  AB045548.1.231.undefined.HC34-12.1072         77.21%    failed      3.78%
 199  AB045549.1.232.undefined.HC34-13.1072         77.21%    failed      4.20%
 200  AB045550.1.233.undefined.HC34-14.1072         77.21%    failed      2.83%
 201  AB045551.1.234.undefined.HC34-15.1072         77.21%    failed      2.83%
 202  AB045552.1.235.undefined.HC34-16.1072         77.21%    failed      2.83%
 203  AB045553.1.236.undefined.HC34-17.1072         77.21%    failed      2.83%
 204  AB045554.1.237.undefined.HC34-18.1072         77.21%    failed      2.83%
 205  AB045555.1.238.undefined.HC34-19.1072         77.21%    failed      1.99%
 206  AB045556.1.239.undefined.HC34-21.1072         77.21%    failed      2.53%
 207  AB045557.1.240.undefined.HC34-22.1072         77.21%    failed      3.65%
 208  AB045558.1.241.undefined.HC34-23.1072         77.21%    failed      3.28%
 209  AB045559.1.242.undefined.HC34-24.1072         77.21%    failed      2.53%
 210  AB045632.1.243.undefined.Son                  77.21%    failed      3.78%
 211  AB045633.1.244.undefined.Son                  77.21%    failed      3.78%
 212  AB045634.1.245.undefined.Wife                 77.21%    failed      2.83%
 213  AB045635.1.246.undefined.Sister               77.21%    failed      2.60%
 214  AB045636.1.247.undefined.Sister               77.21%    failed      2.83%
 215  AB045637.1.248.undefined.Sister               77.21%    failed      2.83%
 216  AB045638.1.249.undefined.Husband              77.21%    failed      3.54%
 217  AB045639.1.250.undefined.Mother               77.21%    failed      3.15%
 218  AB045640.1.251.undefined.Sister               77.21%    failed      3.15%
 219  AB045641.1.252.undefined.HAM5                 77.21%    failed      2.83%
 220  AB045642.1.253.undefined.HAM15                77.21%    failed      2.83%
 221  AB045643.1.254.undefined.HAM49                77.21%    failed      2.83%
 222  AB045644.1.255.undefined.HAM61.1072           77.21%    failed      4.11%
 223  AB181224.1.498.undefined.-.1077               77.10%    failed      4.62%
 224  AB211201.1.501.undefined.C3                   77.49%    failed      2.62%
 225  AB211202.1.502.undefined.C3                   77.49%    failed      2.26%
 226  AB211203.1.503.undefined.C5                   77.49%    failed      4.16%
 227  AB211204.1.504.undefined.C7                   77.49%    failed      3.79%
 228  AB211205.1.505.undefined.C9                   77.49%    failed      4.31%
 229  AB211206.1.506.undefined.D5                   77.49%    failed      3.28%
 230  AB211207.1.507.undefined.D11                  77.49%    failed      3.44%
 231  AB219938.1.521.undefined.-.1088               76.87%    failed      0.00%
 232  AB373952.1.523.undefined.-.1461               68.96%    failed      0.00%
 233  AB471992.1.524.undefined.04viii08-01.649      86.20%    failed      3.30%
 234  AB471993.1.525.undefined.04viii08-03.633      86.54%    failed      3.10%
 235  AB471994.1.526.undefined.04viii08-07.639      86.42%    failed      2.85%
 236  AB471995.1.527.undefined.07viii08-03.642      86.35%    failed      1.98%
 237  AB471996.1.528.undefined.07viii08-04.632      86.56%    failed      3.00%
 238  AB471997.1.529.undefined.08viii08-01.644      86.31%    failed      2.82%
 239  AB471998.1.530.undefined.08viii08-02.637      86.46%    passed      5.93%
 240  AB471999.1.531.undefined.08viii08-03.633      86.54%    failed      2.05%
 241  AB472000.1.532.undefined.08viii08-04.618      86.86%    failed      1.32%
 242  AB472001.1.533.undefined.14viii08-02.640      86.39%    failed      2.00%
 243  AB472002.1.534.undefined.14viii08-03.647      86.25%    failed      2.38%
 244  AB472003.1.535.undefined.14viii08-04.642      86.35%    failed      3.21%
 245  AB472004.1.536.undefined.14viii08-05.641      86.37%    failed      3.17%
 246  AB472005.1.537.undefined.14viii08-06.650      86.18%    failed      3.06%
 247  AB472006.1.538.undefined.14viii08-07.650      86.18%    failed      2.37%
 248  AB472007.1.539.undefined.16viii08-01.641      86.37%    failed      3.89%
 249  AB472008.1.540.undefined.16viii08-02.640      86.39%    failed      2.05%
 250  AB472009.1.541.undefined.18viii08-01.650      86.18%    failed      3.61%
 251  AB472010.1.542.undefined.18viii08-03.646      86.27%    failed      3.70%
 252  AB600204.1.544.undefined.04viii08-01.1467     68.81%    failed      1.68%
 253  AB600205.1.545.undefined.04viii08-03.1467     68.81%    failed      1.39%
 254  AB600206.1.546.undefined.08viii08-03.1467     68.81%    failed      1.10%
 255  AB600207.1.547.undefined.14viii08-06.1467     68.81%    failed      1.21%
 256  AB600208.1.548.undefined.14viii08-04.1467     68.81%    failed      1.14%
 257  AB600209.1.549.undefined.16viii08-02.1467     68.81%    failed      1.68%
 258  AB600210.1.550.undefined.01011023.1467        68.81%    failed      1.06%
 259  AB600211.1.551.undefined.01011024.1467        68.81%    failed      1.32%
 260  AB600212.1.552.undefined.01011035.1467        68.81%    failed      2.42%
 261  AB600213.1.553.undefined.01011056.1467        68.81%    failed      2.26%
 262  AB600214.1.554.undefined.3902014.1467         68.81%    failed      1.23%
 263  AB600215.1.555.undefined.3902028.1467         68.81%    failed      2.58%
 264  AB600216.1.556.undefined.3902030.1467         68.81%    failed      1.23%
 265  AB600217.1.557.undefined.3902037.1467         68.81%    failed      2.87%
 266  AB600218.1.558.undefined.4301017.1467         68.81%    failed      1.14%
 267  AB600219.1.559.undefined.4701052.1467         68.81%    failed      1.78%
 268  AB600220.1.560.undefined.4701054.1467         68.81%    failed      2.58%
 269  AB600221.1.561.undefined.4701059.1467         68.81%    failed      2.01%
 270  AB600222.1.562.undefined.4701063.1467         68.81%    failed      1.67%
 271  AB600223.1.563.undefined.4701094.1467         68.81%    failed      1.70%
 272  AB600224.1.564.undefined.42030621.1467        68.81%    failed      1.49%
 273  AB600225.1.565.undefined.42030629.1467        68.81%    failed      1.49%
 274  AB600226.1.566.undefined.43011009.1467        68.81%    failed      2.32%
 275  AB600227.1.567.undefined.47011009.1467        68.81%    failed      2.10%
 276  AB600228.1.568.undefined.03011001.1467        68.81%    failed      1.32%
 277  AB600229.1.569.undefined.3902038.1467         68.81%    failed      1.49%
 278  AF029072.1.634.undefined.IP145.961            79.57%    failed      0.00%
 279  AF029074.1.636.undefined.IP084.961            79.57%    failed      0.00%
 280  AF032470.1.640.undefined.KUW-4.704            85.03%    failed      2.12%
 281  AF032989.1.641.undefined.-.765                83.74%    passed     12.19%
 282  AF032990.1.642.undefined.-.764                83.76%    failed      3.85%
 283  AF032991.1.643.undefined.-.765                83.74%    passed      6.04%
 284  AF032992.1.644.undefined.-.764                83.76%    passed      6.56%
 285  AF032993.1.645.undefined.-.765                83.74%    passed      6.82%
 286  AF054271.1.648.undefined.-.625                86.71%    passed     16.39%
 287  AF054272.1.649.undefined.-.626                86.69%    passed     13.43%
 288  AF054273.1.650.undefined.-.625                86.71%    passed     24.66%
 289  AF054627.1.651.undefined.RKI4-Peru.856        81.87%    passed     47.61%
 290  AF063819.1.677.undefined.Cam.756              83.93%    failed      3.54%
 291  AF063820.1.678.undefined.Nar.756              83.93%    failed      4.49%
 292  AF063821.1.679.undefined.NM1626.757           83.91%    passed      6.71%
 293  AF077209.1.695.undefined.pt450.1344           71.43%    passed      8.84%
 294  AF091494.1.697.undefined.2318.940             80.02%    failed      0.00%
 295  AF091495.1.698.undefined.2329.940             80.02%    failed      0.00%
 296  AF091496.1.699.undefined.IP60.940             80.02%    failed      0.00%
 297  AF091497.1.700.undefined.IP66.940             80.02%    failed      0.00%
 298  AF091498.1.701.undefined.IP70.940             80.02%    failed      0.00%
 299  AF091499.1.702.undefined.IP71.940             80.02%    failed      0.00%
 300  AF091500.1.703.undefined.IP74.940             80.02%    failed      0.00%
 301  AF092065.1.704.undefined.IP100.940            80.02%    failed      0.00%
 302  AF092848.1.705.undefined.-.705                85.01%    failed      0.84%
 303  AF092849.1.706.undefined.-.705                85.01%    failed      0.84%
 304  AF115495.1.712.undefined.-.755                83.95%    passed     14.03%
 305  AF124043.1.717.undefined.BEL1.756             83.93%    passed      5.58%
 306  AF133522.1.719.undefined.-.1073               77.19%    failed      2.10%
 307  AF133523.1.720.undefined.79/94.1073           77.19%    failed      2.10%
 308  AF133524.1.721.undefined.122/97.1073          77.19%    failed      2.10%
 309  AF133525.1.722.undefined.31/98.1073           77.19%    failed      2.10%
 310  AF133526.1.723.undefined.28/97.1073           77.19%    failed      2.10%
 311  AF139383.1.726.undefined.-.830                82.36%    failed      0.19%
 312  AF139384.1.727.undefined.-.816                82.65%    failed      0.02%
 313  AF139385.1.728.undefined.-.798                83.08%    failed      0.15%
 314  AF139386.1.729.undefined.-.799                83.01%    failed      0.16%
 315  AF139387.1.730.undefined.-.789                83.25%    failed      0.15%
 316  AF139388.1.731.undefined.-.741                84.25%    failed      2.84%
 317  AF139389.1.732.undefined.-.743                84.20%    failed      3.19%
 318  AF139390.1.733.undefined.-.742                84.23%    failed      3.33%
 319  AF139391.1.734.undefined.-.742                84.23%    failed      4.28%
 320  AF139392.1.735.undefined.-.742                84.23%    passed      5.33%
 321  AF139393.1.736.undefined.-.742                84.25%    failed      3.75%
 322  AF148895.1.743.undefined.MT-2.645             86.29%    failed      0.05%
 323  AF154338.1.745.undefined.KZN48.629            86.63%    failed      4.56%
 324  AF154340.1.747.undefined.KZN68.629            86.63%    failed      3.74%
 325  AF154341.1.748.undefined.KZN61.629            86.63%    failed      3.74%
 326  AF154342.1.749.undefined.KZN62.629            86.63%    failed      4.83%
 327  AF165067.1.750.undefined.-.686                85.42%    failed      0.15%
 328  AF165068.1.751.undefined.-.686                85.42%    failed      0.08%
 329  AF175467.1.752.undefined.-.763                83.78%    failed      4.23%
 330  AF185282.1.754.undefined.-.668                85.80%    passed     15.55%
 331  AF197275.1.781.undefined.-.631                86.59%    passed     71.36%
 332  AF197276.1.782.undefined.-.631                86.59%    passed     76.62%
 333  AF197277.1.783.undefined.-.631                86.59%    passed     76.62%
 334  AF197278.1.784.undefined.-.631                86.59%    passed     76.62%
 335  AF197279.1.785.undefined.-.630                86.61%    passed     69.88%
 336  AF197280.1.786.undefined.-.630                86.61%    passed     73.19%
 337  AF197281.1.787.undefined.-.630                86.61%    passed     68.45%
 338  AF197282.1.788.undefined.-.630                86.61%    passed     73.57%
 339  AF197283.1.789.undefined.-.630                86.61%    passed     74.41%
 340  AF197284.1.790.undefined.-.631                86.59%    passed     75.40%
 341  AF226593.1.837.undefined.-.1061               77.44%    failed      2.69%
 342  AF226594.2.838.undefined.htlv446.966          79.46%    failed      0.00%
 343  AF226595.1.839.undefined.-.1500               68.11%    failed      0.92%
 344  AF226596.1.840.undefined.-.966                79.46%    failed      0.01%
 345  AF228933.1.848.undefined.-.617                86.90%    passed     35.59%
 346  AF228939.1.854.undefined.-.762                83.80%    failed      1.66%
 347  AF228946.1.861.undefined.-.659                85.99%    passed      7.02%
 348  AF228947.1.862.undefined.-.659                85.99%    passed      5.59%
 349  AF228948.1.863.undefined.-.659                85.99%    passed      5.88%
 350  AF228958.1.873.undefined.-.675                85.65%    failed      0.47%
 351  AF228966.1.881.undefined.-.640                86.39%    failed      0.00%
 352  AF228984.1.899.undefined.-.656                86.05%    passed     36.46%
 353  AF228985.1.900.undefined.-.655                86.08%    passed     34.93%
 354  AF250200.1.904.undefined.2555.1466            68.84%    failed      0.38%
 355  AF262408.1.924.undefined.-.625                86.71%    passed     15.01%
 356  AF274481.1.925.undefined.-.652                86.14%    failed      2.82%
 357  AF274482.1.926.undefined.-.621                86.80%    passed      6.41%
 358  AF292000.1.928.undefined.PMT-2.1062           77.42%    failed      3.05%
 359  AF292001.1.929.undefined.-.1071               77.23%    failed      0.58%
 360  AF292002.1.930.undefined.-.996                78.83%    failed      0.83%
 361  AF306724.1.931.undefined.-.624                86.73%    passed     19.34%
 362  AF306725.1.932.undefined.-.622                86.78%    passed     13.56%
 363  AF306726.1.933.undefined.-.624                86.73%    passed     13.09%
 364  AF306727.1.934.undefined.-.624                86.73%    passed     22.78%
 365  AF306728.1.935.undefined.-.624                86.73%    passed     15.66%
 366  AF306729.1.936.undefined.-.623                86.76%    passed     18.79%
 367  AF306730.1.937.undefined.-.624                86.73%    passed     13.47%
 368  AF306731.1.938.undefined.-.623                86.76%    passed      9.41%
 369  AF306732.1.939.undefined.-.625                86.71%    passed     10.06%
 370  AF306733.1.940.undefined.-.624                86.73%    passed     11.31%
 371  AF306734.1.941.undefined.-.623                86.76%    passed     11.82%
 372  AF306735.1.942.undefined.-.624                86.73%    passed     15.66%
 373  AF387073.1.947.undefined.-.966                79.46%    failed      0.00%
 374  AF387074.1.948.undefined.-.966                79.46%    failed      0.00%
 375  AF387075.1.949.undefined.-.966                79.46%    failed      0.01%
 376  AF399901.1.956.undefined.-.649                86.20%    passed      6.05%
 377  AF399902.1.957.undefined.-.671                85.74%    failed      3.63%
 378  AF399903.1.958.undefined.-.628                86.65%    passed     16.62%
 379  AF399905.1.960.undefined.-.640                86.39%    passed     10.44%
 380  AF399906.1.961.undefined.-.650                86.18%    failed      2.96%
 381  AF399907.1.962.undefined.-.630                86.61%    passed      6.48%
 382  AF399908.1.963.undefined.-.647                86.25%    passed      7.40%
 383  AF401491.1.964.undefined.-.668                85.80%    passed     16.06%
 384  AF401492.1.965.undefined.-.668                85.80%    passed     17.93%
 385  AF401493.1.966.undefined.-.672                85.71%    passed     20.24%
 386  AF401494.1.967.undefined.-.672                85.71%    passed     20.24%
 387  AF401495.1.968.undefined.-.670                85.76%    passed     27.16%
 388  AF405338.1.970.undefined.Co-001.1467          69.69%    failed      1.30%
 389  AF405339.1.971.undefined.Co-002.1467          69.73%    failed      1.26%
 390  AF405340.1.972.undefined.Co-003.1467          69.73%    failed      1.26%
 391  AF405342.1.974.undefined.Co-005.1467          68.81%    failed      2.00%
 392  AF405343.1.975.undefined.Co-006.1467          68.81%    failed      3.36%
 393  AF405344.1.976.undefined.Co-007.1467          68.81%    failed      1.70%
 394  AF405345.1.977.undefined.Co-008.1467          68.84%    failed      1.65%
 395  AF405346.1.978.undefined.Co-009.1467          68.81%    failed      1.57%
 396  AF405347.1.979.undefined.Co-010.1467          68.84%    failed      1.70%
 397  AF405348.1.980.undefined.Co-011.1467          69.47%    failed      0.55%
 398  AF405349.1.981.undefined.Co-012.1467          69.41%    failed      0.87%
 399  AF438752.1.983.undefined.case                 80.10%    failed      0.00%
 400  AF438753.1.984.undefined.case                 80.10%    failed      0.00%
 401  AF438754.1.985.undefined.case                 80.10%    failed      0.00%
 402  AF438755.1.986.undefined.case                 80.10%    failed      0.00%
 403  AF438756.1.987.undefined.case                 80.10%    failed      0.00%
 404  AF438757.1.988.undefined.case                 80.10%    failed      0.00%
 405  AF438758.1.989.undefined.case                 80.10%    failed      0.00%
 406  AF438759.1.990.undefined.case                 80.10%    failed      0.00%
 407  AF438760.1.991.undefined.case                 80.10%    failed      0.00%
 408  AF438761.1.992.undefined.case                 80.10%    failed      0.00%
 409  AF438762.1.993.undefined.case                 80.10%    failed      0.00%
 410  AF438763.1.994.undefined.case                 80.10%    failed      0.00%
 411  AF438764.1.995.undefined.case                 80.10%    failed      0.00%
 412  AF485380.1.998.undefined.-.1045               77.78%    passed      6.56%
 413  AF485381.1.999.undefined.-.1038               77.93%    failed      3.32%
 414  AF485382.1.1000.undefined.From                87.07%    failed      1.68%
 415  AF529955.1.1028.undefined.GM599.734           84.40%    passed     11.24%
 416  AF529956.1.1029.undefined.GM778.741           84.25%    passed      6.83%
 417  AF529957.1.1030.undefined.GP2.740             84.27%    passed     18.93%
 418  AF529958.1.1031.undefined.GP219.748           84.10%    passed     13.49%
 419  AF529959.1.1032.undefined.GP27.740            84.27%    passed     26.16%
 420  AF529960.1.1033.undefined.GP299.750           84.06%    passed     12.79%
 421  AF529961.1.1034.undefined.GP35.750            84.06%    passed     15.60%
 422  AF529962.1.1035.undefined.                    84.48%    passed      9.14%
 423  AF529963.1.1036.undefined.GT895.749           84.08%    passed     13.50%
 424  AF529966.1.1039.undefined.GP2.950             79.80%    passed     23.48%
 425  AF529967.1.1040.undefined.GP219.955           79.70%    passed     11.23%
 426  AF529969.1.1042.undefined.GP299.970           79.38%    passed      8.08%
 427  AF529970.1.1043.undefined.GP35.952            79.76%    passed     16.30%
 428  AH002371.1.1047.undefined.-.955               79.70%    failed      0.01%
 429  AH004457.1.1059.undefined.CMCH                75.57%    passed     62.48%
 430  AH004768.1.1060.undefined.A146.629            86.63%    failed      1.53%
 431  AX935544.1.1072.undefined.-.924               80.36%    failed      0.00%
 432  AX935546.1.1073.undefined.-.912               80.61%    failed      0.01%
 433  AY026842.1.1074.undefined.PAN-623.759         83.86%    passed     18.93%
 434  AY026843.1.1075.undefined.PAN-622.757         83.91%    passed     14.02%
 435  AY026844.1.1076.undefined.PAN-614.759         83.86%    passed     14.58%
 436  AY026845.1.1077.undefined.CMI-MIT.747         84.12%    passed     13.95%
 437  AY026846.1.1078.undefined.CAE-AGM535.754      83.97%    failed      3.29%
 438  AY026847.1.1079.undefined.CAE-AGM511.754      83.97%    failed      3.01%
 439  AY026848.1.1080.undefined.CAE-AGM03.754       83.97%    failed      2.69%
 440  AY026849.1.1081.undefined.CAE-97024.754       83.97%    passed     18.24%
 441  AY026850.1.1082.undefined.CAE-97022.754       83.97%    passed     14.79%
 442  AY026851.1.1083.undefined.CAE-89032.754       83.97%    passed     23.88%
 443  AY026852.1.1084.undefined.CAE-1301.755        83.95%    passed     22.15%
 444  AY026853.1.1085.undefined.CMO-1401.756        83.93%    passed     18.75%
 445  AY026854.1.1086.undefined.CNI-1001.755        83.95%    passed     22.15%
 446  AY026855.1.1087.undefined.CTO-601.755         83.95%    passed     17.54%
 447  AY026856.1.1088.undefined.ANG-WIS.756         83.93%    passed     13.67%
 448  AY026857.1.1089.undefined.                    83.95%    passed     20.87%
 449  AY026858.1.1090.undefined.ANG-MER.756         83.93%    passed     13.67%
 450  AY034065.1.1093.undefined.RKI8-del3.706       84.99%    failed      0.08%
 451  AY034066.1.1094.undefined.-.832               82.31%    failed      0.83%
 452  AY035392.1.1095.undefined.MFR-Israel.778      83.46%    passed     28.19%
 453  AY040786.1.1096.undefined.-.695               85.23%    failed      0.95%
 454  AY040787.1.1097.undefined.-.695               85.23%    failed      1.31%
 455  AY040788.1.1098.undefined.-.693               85.27%    failed      2.50%
 456  AY040789.1.1099.undefined.-.693               85.27%    failed      1.94%
 457  AY040790.1.1100.undefined.-.693               85.27%    failed      1.45%
 458  AY040791.1.1101.undefined.-.693               85.27%    failed      2.50%
 459  AY040792.1.1102.undefined.-.694               85.25%    failed      2.46%
 460  AY040793.1.1103.undefined.-.695               85.23%    failed      1.31%
 461  AY040794.1.1104.undefined.-.693               85.27%    failed      1.26%
 462  AY040795.1.1105.undefined.-.693               85.27%    failed      1.45%
 463  AY040796.1.1106.undefined.-.693               85.27%    failed      1.66%
 464  AY223517.1.1166.undefined.-.744               84.18%    failed      1.33%
 465  AY269827.1.1167.undefined.108-Col             86.73%    passed     14.73%
 466  AY269828.1.1168.undefined.220-Col.624         86.73%    passed     14.73%
 467  AY269829.1.1169.undefined.233-Col.624         86.73%    passed     14.73%
 468  AY269830.1.1170.undefined.272-Col.624         86.88%    passed     12.05%
 469  AY269831.1.1171.undefined.962-Col.617         86.88%    passed     10.25%
 470  AY269832.1.1172.undefined.2189-Col.616        86.90%    passed     16.92%
 471  AY269833.1.1173.undefined.3139-Col.617        86.88%    passed     14.16%
 472  AY269834.1                                    86.90%    passed     16.92%
 473  AY269835.1.1175.undefined.5HU-Col.617         86.88%    passed     10.14%
 474  AY269836.1.1176.undefined.9HU-Col.624         86.73%    passed     14.73%
 475  AY324777.1.1183.undefined.-.753               83.99%    passed      5.91%
 476  AY324778.1.1184.undefined.-.756               83.93%    failed      2.28%
 477  AY324779.1.1185.undefined.-.756               83.93%    failed      1.95%
 478  AY324780.1.1186.undefined.-.756               83.93%    failed      1.95%
 479  AY324781.1.1187.undefined.-.756               83.93%    failed      2.28%
 480  AY324782.1.1188.undefined.-.756               83.93%    passed      5.79%
 481  AY324783.1.1189.undefined.-.756               83.93%    failed      1.79%
 482  AY324784.1.1190.undefined.-.756               83.93%    failed      1.13%
 483  AY324785.1.1191.undefined.-.757               83.91%    passed      9.20%
 484  AY324786.1.1192.undefined.-.756               83.93%    failed      1.79%
 485  AY324787.1.1193.undefined.-.756               83.93%    failed      1.79%
 486  AY324788.1.1194.undefined.-.748               84.10%    passed      9.62%
 487  AY342300.1.1210.undefined.6A-issa             83.89%    failed      2.23%
 488  AY342301.1.1211.undefined.5B-Marietou.758     83.89%    failed      2.23%
 489  AY342302.1.1212.undefined.2B-Abdou.758        83.89%    failed      2.23%
 490  AY342303.1.1213.undefined.PH906               83.89%    passed      8.50%
 491  AY342304.1.1214.undefined.PH907.758           83.89%    passed      8.50%
 492  AY342305.1.1215.undefined.PH908               83.89%    failed      3.45%
 493  AY342306.1.1216.undefined.PH979.758           83.89%    failed      2.07%
 494  AY442364.1.1252.undefined.-.721               84.67%    failed      2.37%
 495  AY442365.1.1253.undefined.-.720               84.69%    failed      2.41%
 496  AY442366.1.1254.undefined.-.736               84.35%    failed      4.67%
 497  AY442367.1.1255.undefined.-.732               84.44%    failed      4.69%
 498  AY442368.1.1256.undefined.-.685               85.44%    failed      1.22%
 499  AY442369.1.1257.undefined.-.722               84.69%    failed      1.85%
 500  AY442370.1.1258.undefined.-.725               84.59%    failed      2.82%
 501  AY442371.1.1259.undefined.-.728               84.52%    failed      2.17%
 502  AY442372.1.1260.undefined.-.727               84.55%    failed      4.47%
 503  AY442373.1.1261.undefined.-.708               84.95%    failed      3.47%
 504  AY442374.1.1262.undefined.-.733               84.44%    passed      7.68%
 505  AY442375.1.1263.undefined.-.743               84.20%    passed      7.39%
 506  AY442376.1.1264.undefined.-.732               84.44%    passed      8.32%
 507  AY442377.1.1265.undefined.-.700               85.12%    failed      1.51%
 508  AY442378.1.1266.undefined.-.724               84.61%    failed      2.69%
 509  AY442379.1.1267.undefined.-.731               84.46%    failed      3.71%
 510  AY442380.1.1268.undefined.-.732               84.44%    failed      4.83%
 511  AY442381.1.1269.undefined.-.716               84.78%    failed      2.37%
 512  AY442382.1.1270.undefined.-.731               84.46%    failed      3.71%
 513  AY442383.1.1271.undefined.-.721               84.67%    failed      2.39%
 514  AY442384.1.1272.undefined.-.728               84.52%    failed      2.52%
 515  AY442385.1.1273.undefined.-.727               84.55%    failed      3.70%
 516  AY442386.1.1274.undefined.-.740               84.27%    failed      4.67%
 517  AY442387.1.1275.undefined.-.714               84.82%    failed      1.93%
 518  AY442388.1.1276.undefined.-.705               85.01%    failed      2.08%
 519  AY442389.1.1277.undefined.-.692               85.29%    failed      1.50%
 520  AY499185.1.1278.undefined.JPNBr41.689         85.37%    passed      7.91%
 521  AY499186.1.1279.undefined.JPNBr81.686         85.42%    passed     12.48%
 522  AY499187.1.1280.undefined.JPNBr177.691        85.31%    passed     12.30%
 523  AY509597.1.1281.undefined.-.631               86.59%    passed     73.50%
 524  AY509598.1.1282.undefined.-.631               86.59%    passed     75.40%
 525  AY509599.1.1283.undefined.-.631               86.59%    passed     71.36%
 526  AY509600.1.1284.undefined.-.661               85.95%    passed     17.21%
 527  AY509601.1.1285.undefined.-.661               85.95%    passed     17.21%
 528  AY509602.1.1286.undefined.-.661               85.95%    passed     17.21%
 529  AY549875.1.1290.undefined.VAN-136.756         83.93%    failed      2.06%
 530  AY549876.1.1291.undefined.VAN-54.756          83.93%    passed      6.23%
 531  AY549877.1.1292.undefined.VAN-251.756         83.93%    failed      2.06%
 532  AY549878.1.1293.undefined.VAN-335.756         83.93%    failed      4.92%
 533  AY549882.2.1297.undefined.VAN-136.1388        70.49%    failed      0.57%
 534  AY568416.1.1300.undefined.-.967               79.44%    failed      0.00%
 535  AY568417.1.1301.undefined.-.965               79.49%    failed      0.00%
 536  AY568418.1.1302.undefined.-.965               79.49%    failed      0.00%
 537  AY604874.1.1303.undefined.2036-A.1467         68.81%    failed      0.75%
 538  AY604875.1.1304.undefined.2049-A.1467         68.81%    failed      0.59%
 539  AY604876.1.1305.undefined.2050.1467           68.81%    failed      0.75%
 540  AY604877.1.1306.undefined.2051.1467           68.81%    failed      1.68%
 541  AY604878.1.1307.undefined.2053.1467           68.81%    failed      0.52%
 542  AY604879.1.1308.undefined.2055-A.1467         68.81%    failed      0.82%
 543  AY604880.1.1309.undefined.2059.1467           68.81%    failed      1.49%
 544  AY604881.1.1310.undefined.2061.1467           68.81%    failed      0.92%
 545  AY604882.1.1311.undefined.2065.1467           68.81%    failed      1.68%
 546  AY604883.1.1312.undefined.2067.1467           68.81%    failed      1.23%
 547  AY604884.1.1313.undefined.2084-A.1467         68.81%    failed      1.68%
 548  AY604885.1.1314.undefined.2091-A.1467         68.81%    failed      1.24%
 549  AY604886.1.1315.undefined.2093-A.1467         68.81%    failed      1.31%
 550  AY604887.1.1316.undefined.2132.1467           68.81%    failed      1.31%
 551  AY604888.1.1317.undefined.2134-1.1467         68.81%    failed      1.24%
 552  AY604889.1.1318.undefined.2134-2.1467         68.81%    failed      0.54%
 553  AY604890.1.1319.undefined.2136.1467           68.81%    failed      1.68%
 554  AY604891.1.1320.undefined.2137.1467           68.81%    failed      1.49%
 555  AY604892.1.1321.undefined.2138.1467           68.81%    failed      1.87%
 556  AY604893.1.1322.undefined.2139.1467           68.81%    failed      1.49%
 557  AY604894.1.1323.undefined.2163.1467           68.81%    failed      1.68%
 558  AY604895.1.1324.undefined.2303.1467           68.81%    failed      1.15%
 559  AY604896.1.1325.undefined.2306.1467           68.81%    failed      0.65%
 560  AY604897.1.1326.undefined.2307.1467           68.81%    failed      0.34%
 561  AY604898.1.1327.undefined.2313.1467           68.81%    failed      0.32%
 562  AY604899.1.1328.undefined.2371-1.1467         68.81%    failed      0.34%
 563  AY604900.1.1329.undefined.2371-2.1467         68.81%    failed      0.28%
 564  AY604901.1.1330.undefined.2377.1467           68.81%    failed      0.53%
 565  AY604902.1.1331.undefined.2378.1467           68.81%    failed      0.56%
 566  AY604903.1.1332.undefined.2504.1467           68.81%    failed      0.23%
 567  AY604904.1.1333.undefined.2510.1467           68.81%    failed      0.38%
 568  AY604905.1.1334.undefined.2513.1467           68.81%    failed      1.26%
 569  AY604906.1.1335.undefined.2515.1467           68.81%    failed      0.26%
 570  AY604907.1.1336.undefined.2550.1467           68.81%    failed      1.12%
 571  AY604908.1.1337.undefined.2551.1467           68.81%    failed      0.31%
 572  AY604909.1.1338.undefined.2601.1467           68.81%    failed      1.21%
 573  AY604910.1.1339.undefined.2605.1467           68.81%    failed      1.67%
 574  AY604911.1.1340.undefined.2606.1467           68.81%    failed      2.03%
 575  AY604912.1.1341.undefined.2607.1467           68.81%    failed      1.24%
 576  AY604913.1.1342.undefined.2608.1467           68.81%    failed      1.81%
 577  AY604914.1.1343.undefined.2701.1467           68.81%    failed      1.49%
 578  AY604915.1.1344.undefined.2712-A.1467         68.81%    failed      1.31%
 579  AY604916.1.1345.undefined.2801.1467           68.81%    failed      0.68%
 580  AY604917.1.1346.undefined.2806.1467           68.81%    failed      0.28%
 581  AY604918.1.1347.undefined.2808.1467           68.81%    failed      0.31%
 582  AY604919.1.1348.undefined.2821.1467           68.81%    failed      0.42%
 583  AY604920.1.1349.undefined.2822.1467           68.81%    failed      0.28%
 584  AY604921.1.1350.undefined.2824.1467           68.81%    failed      0.31%
 585  AY604922.1.1351.undefined.2857.1467           68.81%    failed      0.22%
 586  AY604923.1.1352.undefined.2864.1467           68.81%    failed      0.35%
 587  AY604924.1.1353.undefined.2885.1467           68.81%    failed      0.32%
 588  AY604925.1.1354.undefined.2886.1467           68.81%    failed      0.38%
 589  AY604926.1.1355.undefined.2899.1467           68.81%    failed      0.29%
 590  AY604927.1.1356.undefined.2900.1467           68.81%    failed      0.38%
 591  AY604928.1.1357.undefined.2902.1467           68.81%    failed      0.28%
 592  AY604929.1.1358.undefined.2903.1467           68.81%    failed      0.34%
 593  AY604930.1.1359.undefined.2917.1467           68.81%    failed      0.28%
 594  AY604931.1.1360.undefined.2922.1467           68.81%    failed      0.63%
 595  AY604932.1.1361.undefined.2946.1467           68.81%    failed      0.46%
 596  AY604933.1.1362.undefined.2947.1467           68.81%    failed      0.40%
 597  AY604934.1.1363.undefined.IP60-A.1467         68.81%    failed      0.89%
 598  AY604935.1.1364.undefined.PAR.1467            68.81%    failed      2.08%
 599  AY622977.1.1384.undefined.-.746               84.14%    passed      7.78%
 600  AY622978.1.1385.undefined.-.739               84.29%    passed      5.08%
 601  AY622979.1.1386.undefined.-.730               84.48%    failed      3.63%
 602  AY739051.1.1387.undefined.PtDk2.600           87.24%    passed      6.79%
 603  AY739052.1.1388.undefined.PtGr.600            87.24%    failed      2.39%
 604  AY739054.1.1390.undefined.PtDk1.600           87.24%    passed      6.79%
 605  AY739055.1.1391.undefined.PtIs.600            87.24%    passed      6.15%
 606  AY739056.1.1392.undefined.PtPd.600            87.24%    failed      3.17%
 607  AY739057.1.1393.undefined.PtMm.601            87.22%    passed      6.67%
 608  AY739060.1.1396.undefined.PtFd.604            87.16%    failed      2.78%
 609  AY739062.1.1398.undefined.PtOs.605            87.14%    failed      1.87%
 610  AY818421.1.1455.undefined.-.662               85.93%    failed      0.63%
 611  AY818423.1.1456.undefined.979MO.789           83.23%    passed     15.12%
 612  AY818424.1.1457.undefined.1259NG.691          85.31%    passed     50.66%
 613  AY818425.1.1458.undefined.1380MV.791          83.18%    passed     18.98%
 614  AY818426.1.1459.undefined.1443MV.789          83.23%    passed     28.48%
 615  AY818427.1.1460.undefined.1503MV.785          83.31%    passed     28.51%
 616  AY818428.1.1461.undefined.1537MV.790          83.21%    passed     26.60%
 617  AY818429.1.1462.undefined.1842LE.693          85.27%    passed     62.19%
 618  AY818430.1.1463.undefined.2472LE.789          83.23%    passed     11.05%
 619  AY818431                                      83.08%    passed     43.17%
 620  AY818431.1.1465.undefined.-.796               83.08%    passed     43.17%
 621  AY818432                                      85.27%    passed     71.02%
 622  AY818432.1.1467.undefined.2810YI.693          85.27%    passed     71.02%
 623  AY818433                                      85.29%    passed     80.90%
 624  AY818433.1.1469.undefined.1127MO.692          85.29%    passed     80.90%
 625  AY854249.1.1470.undefined.RKI5-Guin.879       81.31%    failed      0.38%
 626  CS179598.1.1477.undefined.-.1464              68.88%    failed      1.98%
 627  CS179600.1.1478.undefined.-.1458              69.01%    failed      0.64%
 628  D10033.1.1479.undefined.-.708                 84.95%    failed      1.01%
 629  D11119.1.1480.undefined.-.702                 85.08%    failed      1.45%
 630  D14335.1.1483.undefined.-.609                 87.05%    failed      2.10%
 631  D23690.1.1484.undefined.-.732                 84.44%    failed      3.01%
 632  D23691.1.1485.undefined.-.636                 86.48%    failed      1.89%
 633  D23692.1.1486.undefined.-.732                 84.44%    passed     11.43%
 634  D23693.1.1487.undefined.-.751                 84.03%    passed      9.83%
 635  D23694.1.1488.undefined.-.755                 83.95%    failed      4.03%
 636  DD288396.1.1535.undefined.-.924               80.36%    failed      0.00%
 637  DD288397.1.1536.undefined.-.912               80.61%    failed      0.01%
 638  DI374303.1.1537.undefined.-.801               82.97%    failed      0.00%
 639  DL000263.1.1538.undefined.-.924               80.36%    failed      0.00%
 640  DL000264.1.1539.undefined.-.912               80.61%    failed      0.01%
 641  DL195007.1.1546.undefined.-.1464              68.88%    failed      1.98%
 642  DL195008.1.1547.undefined.-.1458              69.01%    failed      0.64%
 643  DQ005546.1.1548.undefined.FNN9.758            83.89%    failed      1.63%
 644  DQ005547.1.1549.undefined.FNN100.757          83.91%    failed      1.51%
 645  DQ005548.1.1550.undefined.FNN148.758          83.89%    passed      5.32%
 646  DQ005549.1.1551.undefined.FNN149.757          83.91%    failed      3.52%
 647  DQ005550.1.1552.undefined.FNN153.757          83.91%    failed      4.01%
 648  DQ005551.1.1553.undefined.FNN155.758          83.89%    failed      4.74%
 649  DQ005552.1.1554.undefined.FNN156.757          83.91%    failed      2.01%
 650  DQ005553.1.1555.undefined.FNN158.759          83.86%    failed      3.08%
 651  DQ005554.1.1556.undefined.FNN159.758          83.89%    passed      7.13%
 652  DQ005555.1.1557.undefined.IDUSSA.757          83.91%    failed      1.65%
 653  DQ005556.1.1558.undefined.HTLV01.757          83.91%    failed      4.61%
 654  DQ005557.1.1559.undefined.HTLV04.756          83.93%    failed      4.09%
 655  DQ005558.1.1560.undefined.HTLV06.757          83.91%    failed      4.32%
 656  DQ005559.1.1561.undefined.HTLV07.757          83.91%    failed      4.58%
 657  DQ005560.1.1562.undefined.HTLV8.757           83.91%    failed      4.58%
 658  DQ005561.1.1563.undefined.HTLV9.756           83.93%    failed      4.31%
 659  DQ005562.1.1564.undefined.HTLV15.758          83.89%    passed      5.92%
 660  DQ005563.1.1565.undefined.HTLV18.757          83.91%    failed      3.39%
 661  DQ005564.1.1566.undefined.HTLV20.757          83.91%    passed      5.63%
 662  DQ005565.1.1567.undefined.HTLV24.758          83.89%    failed      4.18%
 663  DQ005566.1.1568.undefined.HTLV25.757          83.91%    failed      4.58%
 664  DQ005567.1.1569.undefined.HTLV30.757          83.91%    failed      4.25%
 665  DQ005568.1.1570.undefined.HTLV33.757          83.91%    failed      3.39%
 666  DQ005569.1.1571.undefined.HTLV60.757          83.91%    failed      2.04%
 667  DQ005570.1.1572.undefined.HTLV63.757          83.91%    failed      4.58%
 668  DQ005571.1.1573.undefined.HTLV106.757         83.91%    failed      4.25%
 669  DQ005572.1.1574.undefined.HTLV200.757         83.91%    failed      3.90%
 670  DQ005573.1.1575.undefined.HTLV436.757         83.91%    failed      3.39%
 671  DQ005574.1.1576.undefined.HTLV631.757         83.91%    failed      4.80%
 672  DQ022075.1.1598.undefined.-.1096              76.70%    failed      1.61%
 673  DQ119844.1.1648.undefined.-.625               86.71%    passed     76.68%
 674  DQ119845.1.1649.undefined.-.633               86.54%    passed     76.90%
 675  DQ119846.1.1650.undefined.-.626               86.69%    passed     77.60%
 676  DQ150695.1.1651.undefined.-.967               79.44%    failed      0.01%
 677  DQ182355.1.1652.undefined.ArJ43-1.624         86.73%    failed      4.57%
 678  DQ182356.1.1653.undefined.ArJ43-2.654         86.10%    failed      3.40%
 679  DQ182357.1.1654.undefined.ArBsAs-sgb.639      86.42%    failed      1.73%
 680  DQ182358.1.1655.undefined.ArJ17-1.604         87.16%    failed      3.52%
 681  DQ182359.1.1656.undefined.ArJ17-2.627         86.67%    failed      1.88%
 682  DQ182361.1.1658.undefined.ArJ13-1.616         86.90%    passed      8.59%
 683  DQ182362.1.1659.undefined.ArJ29-2.602         87.20%    failed      2.23%
 684  DQ182363.1.1660.undefined.ArJ2-1.604          87.16%    failed      2.72%
 685  DQ182364.1.1661.undefined.ArJ2-2.616          86.90%    failed      2.18%
 686  DQ182367.1.1664.undefined.ArJ65-1.643         86.33%    failed      0.91%
 687  DQ182368.1.1665.undefined.ArJ11-1.614         86.95%    failed      3.25%
 688  DQ182369.1.1666.undefined.ArJ11-5.618         86.86%    failed      2.76%
 689  DQ182370.1.1667.undefined.ArJ54-1.603         87.18%    failed      1.83%
 690  DQ182371.1.1668.undefined.ArJ25-1.631         86.59%    failed      2.41%
 691  DQ182372.1.1669.undefined.ArJ25-2.604         87.16%    failed      3.10%
 692  DQ182373.1.1670.undefined.ArCBA-sego.643      86.33%    failed      3.10%
 693  DQ182374.1.1671.undefined.ArJ3-1.606          87.12%    failed      2.89%
 694  DQ182377.1.1674.undefined.ArJ32-1.604         87.16%    failed      3.19%
 695  DQ182378.1.1675.undefined.ArJ1-1.628          86.65%    failed      1.87%
 696  DQ182381.1.1678.undefined.ArJ16-1.608         87.07%    passed      6.41%
 697  DQ182383.1.1680.undefined.ArJ14-1.604         87.16%    failed      2.24%
 698  DQ182385.1.1682.undefined.ArJ15-1.601         87.22%    failed      2.07%
 699  DQ182386.1.1683.undefined.ArJ11-2.604         87.16%    failed      3.33%
 700  DQ182387.1.1684.undefined.ArJ11-4.619         86.84%    passed      5.72%
 701  DQ182389.1.1686.undefined.ArJ19-1             87.05%    failed      3.67%
 702  DQ182390.1.1687.undefined.ArJ47-1.609         87.05%    failed      3.67%
 703  DQ182391.1.1688.undefined.ArJ47-2.603         87.18%    failed      2.62%
 704  DQ182392.1.1689.undefined.ArJ65-2.630         86.61%    failed      2.20%
 705  DQ182393.1.1690.undefined.ArJ35-2.602         87.20%    failed      2.23%
 706  DQ182394.1.1691.undefined.ArJ30-1.602         87.20%    failed      2.00%
 707  DQ182396.1.1693.undefined.ArJ29-3.628         86.65%    failed      2.66%
 708  DQ182397.1.1694.undefined.ArJ34-1.608         87.07%    passed      5.34%
 709  DQ182398.1.1695.undefined.ArJ54-3.644         86.31%    failed      1.05%
 710  DQ182399.1.1696.undefined.ArJ40-2.622         86.78%    passed     12.73%
 711  DQ182400.1.1697.undefined.ArJ42-1.631         86.59%    failed      2.53%
 712  DQ182401.1.1698.undefined.ArJ48-1.602         87.20%    failed      1.62%
 713  DQ182402.1.1699.undefined.ArJ55-2.607         87.10%    failed      4.12%
 714  DQ182403.1.1700.undefined.ArJ4-1.603          87.18%    failed      3.28%
 715  DQ182404.1.1701.undefined.ArJ19-3.604         87.16%    failed      3.52%
 716  DQ182405.1.1702.undefined.ArJ20-2.631         86.59%    failed      3.83%
 717  DQ182406.1.1703.undefined.ArJ6-1.607          87.10%    failed      1.91%
 718  DQ182407.1.1704.undefined.ArJ33-7.664         85.88%    failed      2.11%
 719  DQ182408.1.1705.undefined.ArJ1-4.624          86.73%    failed      2.15%
 720  DQ182410.1.1707.undefined.ArJ20-1.627         86.67%    failed      2.14%
 721  DQ182413.1.1710.undefined.ArJ22-2.643         86.33%    failed      1.38%
 722  DQ182414.1.1711.undefined.ArCBA-noju.642      86.35%    failed      2.19%
 723  DQ227128.1.1772.undefined.ArBsAs-nr151.1035   78.00%    failed      1.70%
 724  DQ227129.1.1773.undefined.ArJ1-1.1035         78.00%    failed      1.61%
 725  DQ227130.1.1774.undefined.ArJ2-1.1035         78.00%    failed      1.48%
 726  DQ227131.1.1775.undefined.ArJ3-1.1035         78.00%    failed      1.61%
 727  DQ227132.1.1776.undefined.ArJ6-1.1035         78.00%    failed      2.41%
 728  DQ227133.1.1777.undefined.ArJ11-1.1035        78.00%    failed      1.74%
 729  DQ227134.1.1778.undefined.ArJ13-1.1035        78.00%    failed      2.86%
 730  DQ227135.1.1779.undefined.ArJ16-1.1035        78.00%    failed      1.73%
 731  DQ227136.1.1780.undefined.ArJ19-1.1035        78.00%    failed      1.46%
 732  DQ227137.1.1781.undefined.ArJ20-1.1035        78.00%    failed      1.61%
 733  DQ227138.1.1782.undefined.ArJ20-2.1035        78.00%    failed      1.35%
 734  DQ227139.1.1783.undefined.ArJ22-2.1035        78.00%    failed      1.22%
 735  DQ227140.1.1784.undefined.ArJ25-1.1035        78.00%    failed      1.61%
 736  DQ227141.1.1785.undefined.ArJ29-1.1035        78.00%    failed      2.07%
 737  DQ227142.1.1786.undefined.ArJ30-2.1035        78.00%    failed      1.61%
 738  DQ227143.1.1787.undefined.ArJ44-1.1035        78.00%    failed      1.74%
 739  DQ227144.1.1788.undefined.ArJ54-3.1035        78.00%    failed      1.61%
 740  DQ227145.1.1789.undefined.ArJ65-1.1035        78.00%    failed      1.46%
 741  DQ227146.1.1790.undefined.ArJ1-2.1035         78.00%    failed      1.61%
 742  DQ227147.1.1791.undefined.ArJ1-3.1035         78.00%    failed      1.36%
 743  DQ227148.1.1792.undefined.ArJ1-4.1035         78.00%    failed      2.08%
 744  DQ227149.1.1793.undefined.ArJ2-2.1035         78.00%    failed      1.74%
 745  DQ227150.1.1794.undefined.                    78.00%    failed      2.08%
 746  DQ227151.1.1795.undefined.ArJ3-3.1035         78.00%    failed      1.88%
 747  DQ227152.1.1796.undefined.ArJ3-4.1035         78.00%    failed      2.23%
 748  DQ227153.1.1797.undefined.ArJ3-5.1029         78.12%    failed      1.48%
 749  DQ227154.1.1798.undefined.ArJ4-1.1035         78.00%    failed      1.12%
 750  DQ227155.1.1799.undefined.ArJ11-2.1035        78.00%    failed      1.61%
 751  DQ227156.1.1800.undefined.ArJ11-3.1035        78.00%    failed      1.61%
 752  DQ227157.1.1801.undefined.ArJ11-4.1035        78.00%    failed      2.07%
 753  DQ227158.1.1802.undefined.ArJ11-5.1035        78.02%    failed      1.76%
 754  DQ227159.1.1803.undefined.ArJ13-5.1029        78.12%    failed      1.34%
 755  DQ227160.1.1804.undefined.ArJ14-1.1035        78.00%    failed      1.46%
 756  DQ227161.1.1805.undefined.ArJ14-2.1029        78.12%    failed      1.35%
 757  DQ227162.1.1806.undefined.ArJ15-1.1035        78.00%    failed      1.61%
 758  DQ227163.1.1807.undefined.ArJ16-3.1035        78.00%    passed      5.19%
 759  DQ227164.1.1808.undefined.ArJ17-1.1035        78.00%    failed      1.61%
 760  DQ227165.1.1809.undefined.ArJ17-2.1035        78.00%    failed      1.76%
 761  DQ227166.1.1810.undefined.ArJ19-3.1035        78.00%    failed      2.37%
 762  DQ227167.1.1811.undefined.ArJ22-1.1035        78.00%    failed      0.96%
 763  DQ227168.1.1812.undefined.ArJ25-2.1035        78.00%    failed      1.61%
 764  DQ227169.1.1813.undefined.ArJ25-5.1035        78.00%    failed      1.61%
 765  DQ227170.1.1814.undefined.ArJ28-3.1029        78.12%    failed      1.03%
 766  DQ227171.1.1815.undefined.ArJ29-2.1035        78.00%    failed      1.61%
 767  DQ227172.1.1816.undefined.ArJ29-3.1035        78.00%    failed      2.07%
 768  DQ227173.1.1817.undefined.ArJ30-1.1035        78.00%    failed      1.24%
 769  DQ227174.1.1818.undefined.ArJ32-1.1035        78.00%    failed      1.35%
 770  DQ227175.1.1819.undefined.ArJ33-7.1035        78.00%    failed      1.90%
 771  DQ227176.1.1820.undefined.ArJ34-1.1035        78.00%    failed      0.77%
 772  DQ227177.1.1821.undefined.ArJ35-2.1035        78.00%    failed      0.94%
 773  DQ227178.1.1822.undefined.ArJ35-3.1029        78.12%    failed      1.42%
 774  DQ227179.1.1823.undefined.ArJ40-2.1035        78.00%    failed      1.61%
 775  DQ227180.1.1824.undefined.ArJ41-2.1029        78.12%    failed      1.42%
 776  DQ227181.1.1825.undefined.ArJ42-1.1035        78.00%    failed      1.24%
 777  DQ227182.1.1826.undefined.ArJ43-2.1035        78.00%    failed      1.61%
 778  DQ227183.1.1827.undefined.ArJ44-2.1029        78.12%    failed      0.96%
 779  DQ227184.1.1828.undefined.                    78.00%    failed      1.24%
 780  DQ227185.1.1829.undefined.                    78.00%    failed      1.46%
 781  DQ227186.1.1830.undefined.ArJ48-1.1035        78.00%    failed      1.61%
 782  DQ227187.1.1831.undefined.ArJ54-1.1035        78.00%    failed      1.59%
 783  DQ227188.1.1832.undefined.ArJ54-2.1035        78.00%    failed      1.59%
 784  DQ227189.1.1833.undefined.ArJ55-2.1035        78.00%    failed      1.61%
 785  DQ227190.1.1834.undefined.ArJ59-1.1029        78.15%    failed      0.96%
 786  DQ227191.1.1835.undefined.ArJ65-2.1035        78.00%    failed      1.61%
 787  DQ235698.1.1844.undefined.BD89112.758         83.89%    failed      3.18%
 788  DQ235699.1.1845.undefined.-.758               83.89%    failed      3.65%
 789  DQ235700.1.1846.undefined.BD78883.758         83.89%    passed      5.22%
 790  DQ235701.1.1847.undefined.BD75766.758         83.89%    passed      5.55%
 791  DQ235706.1.1852.undefined.-.624               86.73%    passed     12.03%
 792  DQ279283.1.1854.undefined.-.831               82.33%    passed     54.03%
 793  DQ279284.1.1855.undefined.-.831               82.33%    passed     48.04%
 794  DQ279285.1.1856.undefined.-.831               82.33%    passed     57.90%
 795  DQ279286.1.1857.undefined.-.831               82.33%    passed     61.46%
 796  DQ279287.1.1858.undefined.-.831               82.33%    passed     48.14%
 797  DQ279288.1.1859.undefined.-.831               82.33%    passed     50.30%
 798  DQ279289.1.1860.undefined.-.831               82.33%    passed     48.14%
 799  DQ279290.1.1861.undefined.-.831               82.33%    passed     52.31%
 800  DQ279291.1.1862.undefined.JA10073             83.80%    failed      0.46%
 801  DQ279292.1.1863.undefined.JA50033.762         83.80%    failed      0.50%
 802  DQ279293.1.1864.undefined.JA50118.762         83.80%    failed      0.27%
 803  DQ279294.1.1865.undefined.JA50076.762         83.80%    failed      0.27%
 804  DQ279295.1.1866.undefined.JA10027.762         83.80%    failed      0.50%
 805  DQ279296.1.1867.undefined.JA50004.762         83.80%    failed      0.32%
 806  DQ279297.1.1868.undefined.JA50020.762         83.80%    failed      1.04%
 807  DQ323833.1.1952.undefined.BRRJ017_95.1000     78.74%    failed      1.04%
 808  DQ323834.1.1953.undefined.                    78.74%    failed      1.38%
 809  DQ323835.1.1954.undefined.BRRJa107_96.1000    78.74%    failed      0.96%
 810  DQ323836.1.1955.undefined.BRRJa156_971.1000   78.74%    failed      1.30%
 811  DQ323837.1.1956.undefined.BRRJa156_972.1000   78.74%    failed      0.99%
 812  DQ323838.1.1957.undefined.BRRJa84_97.1000     78.74%    failed      0.86%
 813  DQ323839.1.1958.undefined.BRRJaRJFA.1000      78.74%    failed      0.86%
 814  DQ323840.1.1959.undefined.BRRJc127_97.1000    78.74%    failed      1.16%
 815  DQ323841.1.1960.undefined.BRRJc19_99.1000     78.74%    failed      1.12%
 816  DQ323842.1.1961.undefined.BRRJc22.1000        78.74%    failed      1.10%
 817  DQ323843.1.1962.undefined.BRRJc325_02.1000    78.74%    failed      1.47%
 818  DQ323844.1.1963.undefined.BRRJl236_95.1000    78.74%    failed      0.99%
 819  DQ323845.1.1964.undefined.BRRJl69_00.1000     78.74%    failed      1.30%
 820  DQ323846.1.1965.undefined.BRRJs81_95.1000     78.74%    failed      0.96%
 821  DQ323847.1.1966.undefined.BRRJa134_97.1000    78.74%    failed      0.81%
 822  DQ323848.1.1967.undefined.BRRP526.1000        78.74%    failed      1.16%
 823  DQ323849.1.1968.undefined.BRRJ192_95.1000     78.74%    failed      1.30%
 824  DQ323850.1.1969.undefined.BRRP050.1000        78.74%    failed      1.30%
 825  DQ323851.1.1970.undefined.BRRP070.1000        78.74%    failed      1.37%
 826  DQ323852.1.1971.undefined.BRRP174.1000        78.74%    failed      1.12%
 827  DQ323853.1.1972.undefined.BRRP325.1000        78.74%    failed      1.00%
 828  DQ323854.1.1973.undefined.BRRP347.999         78.76%    failed      1.06%
 829  DQ323855.1.1974.undefined.BRRP388.1000        78.74%    failed      1.24%
 830  DQ323856.1.1975.undefined.BRRP401.1000        78.74%    failed      1.24%
 831  DQ323857.1.1976.undefined.BRRP410.1000        78.74%    failed      1.41%
 832  DQ323858.1.1977.undefined.BRRP416.1000        78.74%    failed      1.24%
 833  DQ323859.1.1978.undefined.BRRP420.1000        78.74%    failed      1.49%
 834  DQ323860.1.1979.undefined.BRRP435.1000        78.74%    failed      0.96%
 835  DQ323861.1.1980.undefined.BRRP437.1000        78.74%    failed      1.62%
 836  DQ323862.1.1981.undefined.BRRP438.1000        78.74%    failed      1.24%
 837  DQ323863.1.1982.undefined.BRRP439.1000        78.74%    failed      1.00%
 838  DQ323864.1.1983.undefined.BRRP453.1000        78.74%    failed      1.30%
 839  DQ323865.1.1984.undefined.BRRPCM028.1000      78.74%    failed      1.12%
 840  DQ323866.1.1985.undefined.BRRJ136_96.1000     78.74%    failed      1.30%
 841  DQ323867.1.1986.undefined.BRRJ166_96.1000     78.74%    failed      1.62%
 842  DQ323868.1.1987.undefined.BRRP001.1000        78.74%    failed      1.30%
 843  DQ323869.1.1988.undefined.BRRP003.1000        78.74%    failed      1.30%
 844  DQ323870.1.1989.undefined.BRRP004.1000        78.74%    failed      1.30%
 845  DQ323871.1.1990.undefined.BRRP005.1000        78.74%    failed      1.17%
 846  DQ323872.1.1991.undefined.BRRP006.1000        78.74%    failed      1.12%
 847  DQ323873.1.1992.undefined.BRRP013.1000        78.74%    failed      1.66%
 848  DQ323874.1.1993.undefined.BRRP032.1000        78.74%    failed      1.24%
 849  DQ323875.1.1994.undefined.BRRP165.1000        78.74%    failed      0.96%
 850  DQ323876.1.1995.undefined.BRRP198.1000        78.74%    failed      0.96%
 851  DQ323877.1.1996.undefined.BRRP208.1000        78.74%    failed      1.30%
 852  DQ323878.1.1997.undefined.BRRP364.1000        78.74%    failed      1.04%
 853  DQ323879.1.1998.undefined.BRRP424.1000        78.74%    failed      1.12%
 854  DQ323880.1.1999.undefined.BRRP429.998         78.78%    failed      1.42%
 855  DQ323881.1.2000.undefined.BRRP430.999         78.76%    failed      1.24%
 856  DQ323882.1.2001.undefined.BRRP452.1000        78.74%    failed      1.12%
 857  DQ323883.1.2002.undefined.BRRP464.1000        78.74%    failed      1.24%
 858  DQ471187.1.2004.undefined.HB3167.715          84.80%    failed      1.27%
 859  DQ471188.1.2005.undefined.HB3104.716          84.78%    failed      1.03%
 860  DQ471189.1.2006.undefined.HB3133.717          84.76%    failed      1.82%
 861  DQ471190.1.2007.undefined.HB2966.718          84.74%    failed      2.00%
 862  DQ471191.1.2008.undefined.HB3168.716          84.78%    failed      1.88%
 863  DQ471192.1.2009.undefined.HB3171.717          84.76%    failed      1.58%
 864  DQ471193.1.2010.undefined.HB3170.717          84.76%    failed      1.03%
 865  DQ471194.1.2011.undefined.HB3311.716          84.78%    failed      1.43%
 866  DQ471195.1.2012.undefined.HB3229.717          84.76%    failed      1.35%
 867  DQ471196.1.2013.undefined.HB3114.715          84.80%    failed      2.22%
 868  DQ471197.1.2014.undefined.HB2562.715          84.80%    failed      1.94%
 869  DQ471198.1.2015.undefined.HB3205.718          84.74%    failed      2.21%
 870  DQ471199.1.2016.undefined.HB3135.715          84.80%    failed      2.50%
 871  DQ471200.1.2017.undefined.HB3166.727          84.55%    failed      3.42%
 872  DQ471201.1.2018.undefined.HB3160.717          84.76%    failed      1.18%
 873  DQ471202.1.2019.undefined.HB3119.716          84.78%    failed      1.37%
 874  DQ471203.1.2020.undefined.HB3230.715          84.80%    failed      0.35%
 875  DQ471204.1.2021.undefined.HB3102.715          84.80%    failed      0.95%
 876  DQ471205.1.2022.undefined.HB3203.716          84.78%    failed      1.68%
 877  DQ471206.1.2023.undefined.HB3120.718          84.74%    failed      2.66%
 878  DQ471207.1.2024.undefined.HB3134.716          84.78%    failed      1.86%
 879  DQ471208.1.2025.undefined.HB3202.716          84.78%    failed      2.48%
 880  DQ471209.1.2026.undefined.HB3194.717          84.76%    failed      1.58%
 881  DQ512873.1.2027.undefined.PtEr.635            86.52%    passed      5.77%
 882  DQ512874.1.2028.undefined.PtCr.632            86.56%    passed      5.63%
 883  DQ663633.1.2070.undefined.PtPd.1399           70.26%    failed      1.28%
 884  DQ663634.1.2071.undefined.PrGr.1422           69.77%    passed      9.43%
 885  DQ663635.1.2072.undefined.PtMm.1403           70.17%    failed      1.21%
 886  DQ663636.1.2073.undefined.PtAd.1289           72.60%    passed     10.57%
 887  DQ663637.1.2074.undefined.PtEr.1405           70.13%    failed      3.62%
 888  DQ663638.1.2075.undefined.PtDk1.1423          69.75%    failed      0.81%
 889  DQ663639.1.2076.undefined.PtLc.1411           70.00%    failed      2.76%
 890  DQ663640.1.2077.undefined.PtJq.1403           70.17%    passed      5.42%
 891  DQ663641.1.2078.undefined.PtIs.1412           69.98%    failed      2.68%
 892  DQ663642.1.2079.undefined.PtDk2.1412          69.98%    failed      1.89%
 893  DQ663643.1.2080.undefined.PtCr.1372           70.83%    failed      0.43%
 894  DQ663644.1.2081.undefined.PtNs.1412           69.98%    failed      2.60%
 895  DQ663645.1.2082.undefined.PtDj.1399           70.26%    failed      1.18%
 896  DQ663646.1.2083.undefined.PtOf.1413           69.96%    failed      2.74%
 897  DQ663647.1.2084.undefined.PtFd.1313           72.09%    failed      2.43%
 898  DQ663648.1.2085.undefined.PtOs.1407           70.09%    failed      3.49%
 899  E02120.1.2092.undefined.-.755                 83.95%    passed      8.40%
 900  E02457.1.2097.undefined.-.1290                72.58%    failed      0.01%
 901  EF061884.1.2134.undefined.EM5.1388            70.49%    failed      0.43%
 902  EF061885.1.2135.undefined.ESH18.1388          70.49%    failed      0.40%
 903  EF061886.1.2136.undefined.ESW44.1388          70.49%    failed      0.43%
 904  EF491187.1.2160.undefined.PE6fa.614           86.95%    passed      5.82%
 905  EF491188.1.2161.undefined.PE7hu.614           86.95%    passed     13.06%
 906  EF491189.1.2162.undefined.PE8si.614           86.95%    passed     13.06%
 907  EF491190.1.2163.undefined.PE9bu.614           86.95%    passed     15.43%
 908  EF491191.1.2164.undefined.PE10or.614          86.95%    passed     12.86%
 909  EF491192.1.2165.undefined.PE11ca.614          86.95%    passed      8.98%
 910  EF491193.1.2166.undefined.PE12fe.614          86.95%    passed     16.91%
 911  EF491194.1.2167.undefined.PE13sa.614          86.95%    passed      9.10%
 912  EF491195.1.2168.undefined.PE14ru.614          86.95%    passed      9.10%
 913  EF491196.1.2169.undefined.PE15bo.614          86.95%    passed      7.85%
 914  EF591890.1.2185.undefined.-.967               79.44%    failed      1.51%
 915  EF672333.1.2186.undefined.VSF273.839          82.16%    failed      4.17%
 916  EF672334.1.2187.undefined.VSF279.806          82.87%    passed     12.83%
 917  EF672335.1.2188.undefined.VSF287.846          82.02%    passed      5.36%
 918  EF672336.1.2189.undefined.VSF310.868          81.55%    passed     26.92%
 919  EF672337.1.2190.undefined.VSF842.857          81.78%    passed     14.90%
 920  EU108721.1.2191.undefined.CA422.861           81.72%    passed     12.25%
 921  EU108722.1.2192.undefined.CA253.791           83.18%    passed      7.27%
 922  EU108723.1.2193.undefined.CA421.770           83.63%    passed     12.48%
 923  EU108724.1.2194.undefined.CA423.817           82.63%    failed      2.41%
 924  EU392159.1.2195.undefined.AC181.715           84.80%    failed      0.72%
 925  EU392160.1.2196.undefined.AC042.716           84.78%    failed      2.11%
 926  EU401868.1.2203.undefined.-.661               85.95%    passed     49.48%
 927  EU401869.1.2204.undefined.-.684               85.46%    passed      6.71%
 928  EU401870.1.2205.undefined.-.712               84.86%    failed      2.97%
 929  EU401871.1.2206.undefined.-.663               85.91%    passed     15.04%
 930  EU401872.1.2207.undefined.-.657               86.03%    passed     11.60%
 931  EU401873.1.2208.undefined.-.657               86.03%    passed     13.17%
 932  EU401874.1.2209.undefined.-.663               85.91%    passed     16.85%
 933  EU401875.1.2210.undefined.-.657               86.03%    passed     15.80%
 934  EU401876.1.2211.undefined.-.608               87.07%    failed      3.29%
 935  EU401877.1.2212.undefined.-.608               87.07%    failed      4.41%
 936  EU444100.1.2231.undefined.-.625               86.71%    passed     18.27%
 937  FJ853490.1.2305.undefined.FS150.719           84.72%    failed      2.23%
 938  FJ853491.1.2306.undefined.FS84.719            84.72%    failed      1.73%
 939  FJ911659.1.2338.undefined.-.757               83.91%    failed      1.56%
 940  GQ330488.1.2359.undefined.-.625               86.71%    passed     15.39%
 941  GQ330489.1.2360.undefined.-.625               86.71%    passed     13.75%
 942  GQ330490.1.2361.undefined.-.625               86.71%    passed     13.75%
 943  GQ330491.1.2362.undefined.-.625               86.71%    passed     13.75%
 944  GQ330492.1.2363.undefined.-.625               86.71%    passed     13.75%
 945  GQ330493.1.2364.undefined.-.625               86.71%    passed     13.00%
 946  GQ330494.1.2365.undefined.-.625               86.71%    passed     13.75%
 947  GQ330495.1.2366.undefined.-.625               86.71%    passed     13.75%
 948  GQ330496.1.2367.undefined.-.625               86.71%    passed     13.75%
 949  GQ443748.1.2526.undefined.BS130.642           86.35%    failed      3.56%
 950  GQ443749.1.2527.undefined.BS071.642           86.35%    failed      3.56%
 951  GQ443750.1.2528.undefined.BS131.647           86.25%    failed      3.02%
 952  GQ443751.1.2529.undefined.BS001.644           86.31%    failed      2.98%
 953  GQ443752.1.2530.undefined.BS007.640           86.39%    failed      3.38%
 954  GQ443753.1.2531.undefined.BS132.644           86.31%    failed      2.98%
 955  GQ443754.1.2532.undefined.BS006.640           86.39%    failed      3.75%
 956  GQ443755.1.2533.undefined.K344.645            86.29%    failed      2.53%
 957  GQ443756.1.2534.undefined.K710.659            85.99%    failed      0.77%
 958  GQ443757.1.2535.undefined.K535.641            86.37%    failed      1.13%
 959  GU126474.1.2537.undefined.ES-P9.608           87.07%    failed      1.68%
 960  GU126475.1.2538.undefined.ES-P7.606           87.12%    failed      2.06%
 961  GU126476.1.2539.undefined.ES-P4a.621          86.80%    failed      1.75%
 962  GU126479.1.2542.undefined.ES-P4b.616          86.90%    failed      2.02%
 963  GU126483.1.2546.undefined.ES-P2.611           87.01%    failed      0.87%
 964  GU126484.1.2547.undefined.ES-P9.1414          69.94%    failed      2.77%
 965  GU126485.1.2548.undefined.ES-P7.1420          69.81%    failed      2.81%
 966  GU126486.1.2549.undefined.ES-P6.1418          69.86%    failed      2.18%
 967  GU126487.1.2550.undefined.ES-P4b.1200         74.49%    failed      2.14%
 968  GU126488.1.2551.undefined.ES-P10.1418         69.90%    failed      2.50%
 969  GU126489.1.2552.undefined.ES-P2.1424          69.73%    failed      2.42%
 970  GU126490.1.2553.undefined.ES-P5.1406          70.11%    failed      2.21%
 971  GU181412.1.2557.undefined.104.611             87.01%    failed      1.83%
 972  GU181413.1.2558.undefined.105.619             86.84%    failed      1.58%
 973  GU181414.1.2559.undefined.106.623             86.80%    failed      1.09%
 974  GU181415.1.2560.undefined.107.616             86.90%    failed      4.29%
 975  GU181416.1.2561.undefined.108.608             87.14%    failed      1.40%
 976  GU181417.1.2562.undefined.109.610             87.05%    failed      0.25%
 977  GU181418.1.2563.undefined.110.615             86.93%    failed      0.84%
 978  GU194504.1.2564.undefined.-.664               85.88%    failed      1.52%
 979  GU194504.1                                    85.88%    failed      1.52%
 980  GU194505.1.2566.undefined.-.664               85.88%    failed      1.37%
 981  GU194505.1                                    85.88%    failed      1.37%
 982  GU194506.1.2568.undefined.-.664               85.88%    failed      1.52%
 983  GU194506.1                                    85.88%    failed      1.52%
 984  GU194507.1.2570.undefined.217MZ.649           86.20%    failed      2.88%
 985  GU194508.1.2571.undefined.284MZ.649           86.20%    failed      2.34%
 986  GU194509.1.2572.undefined.1180MZ.646          86.27%    failed      3.31%
 987  GU194510.1.2573.undefined.605MZ.651           86.16%    failed      1.91%
 988  GU194511.1.2574.undefined.260MZ.648           86.22%    failed      4.90%
 989  GU194512.1.2575.undefined.1522MZ.643          86.33%    failed      1.56%
 990  GU194513.1.2576.undefined.525MZ.624           86.73%    failed      2.51%
 991  GU194515.1.2578.undefined.584MZ.628           86.65%    failed      1.00%
 992  GU194516.1.2579.undefined.661MZ.636           86.48%    failed      1.23%
 993  GU194517.1.2580.undefined.778MZ.642           86.35%    failed      1.27%
 994  GU194518.1.2581.undefined.583MZ.635           86.50%    failed      1.67%
 995  GU194519.1.2582.undefined.-.633               86.54%    failed      2.79%
 996  GU194519.1                                    86.54%    failed      2.79%
 997  GU194520.1.2584.undefined.-.640               86.39%    failed      1.59%
 998  GU194520.1                                    86.39%    failed      1.59%
 999  GU194521.1.2586.undefined.-.621               86.80%    failed      2.67%
1000  GU194521.1                                    86.80%    failed      2.67%
1001  GU194524.1                                    87.35%    failed      4.65%
1002  GU194525.1                                    87.35%    failed      4.29%
1003  GU194527.1                                    87.29%    failed      4.43%
1004  GU212848.1.2601.undefined.-.625               86.71%    passed     15.96%
1005  GU212849.1.2602.undefined.-.625               86.71%    passed     14.60%
1006  GU212850.1.2603.undefined.-.625               86.71%    passed     17.27%
1007  GU212851.1.2604.undefined.-.625               86.71%    passed     19.18%
1008  GU212852.1.2605.undefined.-.625               86.71%    passed     19.18%
1009  GU212853.1.2606.undefined.-.625               86.71%    passed     19.18%
1010  GU225731.1.2608.undefined.FS67.791            83.21%    failed      1.22%
1011  GU225732.1.2609.undefined.FS157.802           82.97%    failed      1.76%
1012  GU586109.1.2640.undefined.-.777               83.48%    failed      0.23%
1013  GU586110.1.2641.undefined.-.777               83.48%    failed      0.30%
1014  GU586111.1.2642.undefined.-.777               83.48%    failed      0.28%
1015  GU586112.1.2643.undefined.-.777               83.48%    failed      0.28%
1016  GU586113.1.2644.undefined.-.777               83.48%    failed      0.30%
1017  GU586114.1.2645.undefined.-.777               83.48%    failed      0.30%
1018  GU586115.1.2646.undefined.-.777               83.48%    failed      0.30%
1019  GU586116.1.2647.undefined.-.777               83.48%    failed      0.31%
1020  GU586117.1.2648.undefined.-.777               83.48%    failed      0.29%
1021  GU586118.1.2649.undefined.-.777               83.48%    failed      0.32%
1022  GU586119.1.2650.undefined.-.777               83.48%    failed      0.30%
1023  GU586120.1.2651.undefined.-.777               83.48%    failed      0.39%
1024  GU591294.1.2653.undefined.-.993               78.89%    failed      1.96%
1025  GU591295.1.2654.undefined.-.993               78.89%    failed      1.69%
1026  GU591296.1.2655.undefined.-.993               78.89%    failed      1.96%
1027  GU591297.1.2656.undefined.-.993               78.89%    failed      1.96%
1028  GU591298.1.2657.undefined.-.993               78.89%    failed      1.96%
1029  GU591299.1.2658.undefined.-.993               78.89%    failed      2.27%
1030  GU591300.1.2659.undefined.-.993               78.89%    failed      2.05%
1031  GU591301.1.2660.undefined.-.993               78.89%    failed      1.37%
1032  GU591302.1.2661.undefined.-.993               78.89%    failed      1.76%
1033  GU591303.1.2662.undefined.-.993               78.89%    failed      1.96%
1034  GU591304.1.2663.undefined.-.993               78.89%    failed      2.07%
1035  GU591305.1.2664.undefined.-.993               78.89%    failed      1.96%
1036  HM770390.1.2713.undefined.-.1065              77.36%    passed      5.97%
1037  HM770391.1.2714.undefined.-.1065              77.38%    passed      5.84%
1038  HM770392.1.2715.undefined.-.1065              77.36%    passed      7.20%
1039  HM770393.1.2716.undefined.-.1065              77.38%    passed      5.84%
1040  HM770394.1.2717.undefined.-.1065              77.38%    passed      7.59%
1041  HM770395.1.2718.undefined.-.1065              77.36%    passed      7.20%
1042  HM770396.1.2719.undefined.-.1065              77.36%    passed      6.68%
1043  HM770397.1.2720.undefined.-.1065              77.36%    passed      7.20%
1044  HM770398.1.2721.undefined.-.1065              77.36%    passed      7.20%
1045  HM770399.1.2722.undefined.-.1065              77.36%    passed      7.20%
1046  HM770400.1.2723.undefined.-.1065              77.36%    passed      7.37%
1047  HM770401.1.2724.undefined.-.1065              77.36%    passed      9.63%
1048  HM770402.1.2725.undefined.-.1065              77.36%    passed      7.20%
1049  HM770403.1.2726.undefined.-.1065              77.36%    passed      5.51%
1050  HM770404.1.2727.undefined.-.1065              77.38%    passed      6.30%
1051  HM770405.1.2728.undefined.-.1065              77.38%    passed      5.84%
1052  HM770406.1.2729.undefined.-.1065              77.36%    passed      7.20%
1053  HM770407.1.2730.undefined.-.1065              77.36%    passed      7.20%
1054  HM770408.1.2731.undefined.-.1065              77.36%    passed      8.64%
1055  HM770409.1.2732.undefined.-.1065              77.36%    passed     17.75%
1056  HM770410.1.2733.undefined.-.1065              77.36%    passed      7.20%
1057  HM770411.1.2734.undefined.-.1065              77.36%    passed      7.20%
1058  HM770412.1.2735.undefined.-.1065              77.36%    passed      5.95%
1059  HM770413.1.2736.undefined.-.1065              77.36%    passed      8.64%
1060  HM770414.1.2737.undefined.-.972               79.34%    passed      7.45%
1061  HM770415.1.2738.undefined.-.972               79.34%    passed      7.45%
1062  HM770416.1.2739.undefined.-.1065              77.36%    passed      6.68%
1063  HM770417.1.2740.undefined.-.1065              77.36%    passed      7.20%
1064  HM770418.1.2741.undefined.-.1065              77.36%    passed      8.64%
1065  HM770419.1.2742.undefined.-.1065              77.36%    passed      7.20%
1066  HM770420.1.2743.undefined.-.1065              77.36%    passed     11.64%
1067  HM770421.1.2744.undefined.-.1065              77.36%    passed      8.01%
1068  HM770422.1.2745.undefined.-.1065              77.36%    passed      8.01%
1069  HM770423.1.2746.undefined.-.1065              77.36%    passed      8.01%
1070  HM770424.1.2747.undefined.-.1065              77.36%    passed      8.01%
1071  HM770425.1.2748.undefined.-.1065              77.36%    passed      8.64%
1072  HM770426.1.2749.undefined.BRLO14-02.705       85.01%    failed      1.79%
1073  HM770427.1.2750.undefined.BRLO15-02           85.01%    failed      1.14%
1074  HM770428.1.2751.undefined.BRLO34-02.705       85.01%    failed      0.78%
1075  HM770429.1.2752.undefined.BRLO47-02           85.01%    failed      1.79%
1076  HM770430.1.2753.undefined.BRLO48-02           85.01%    failed      0.95%
1077  HM770431.1.2754.undefined.BRSP01-10           85.01%    failed      1.53%
1078  HM770432.1.2755.undefined.BRSP134-08          85.01%    failed      1.79%
1079  HM770433.1.2756.undefined.BRSP145-08          85.01%    failed      1.06%
1080  HM770434.1.2757.undefined.BRSP205-09          85.01%    failed      1.06%
1081  HM770435.1.2758.undefined.BRSP206-08          85.01%    failed      1.79%
1082  HM770436.1.2759.undefined.BRSP232-08          85.01%    failed      1.28%
1083  HM770437.1.2760.undefined.BRSP320-09          85.01%    failed      1.09%
1084  HM770438.1.2761.undefined.BRSP42-09           85.01%    failed      1.79%
1085  HM770439.1.2762.undefined.BRSP414-09          85.01%    failed      1.28%
1086  HM770440.1.2763.undefined.BRSP425-09          85.01%    failed      1.79%
1087  HM770441.1.2764.undefined.-.705               85.01%    failed      0.95%
1088  HM770441.1                                    85.01%    failed      0.95%
1089  HZ454544.1.2771.undefined.-.1467              68.81%    failed      1.81%
1090  HZ454547.1.2772.undefined.-.1461              68.94%    failed      0.56%
1091  JC241914.1.2775.undefined.-.1467              68.81%    failed      0.42%
1092  JC241916.1.2776.undefined.-.1461              68.94%    failed      0.56%
1093  JC241918.1.2777.undefined.-.1458              69.01%    passed     43.26%
1094  JF267941.1.2781.undefined.-.755               83.95%    passed      6.16%
1095  JF267942.1.2782.undefined.-.755               83.95%    passed      5.43%
1096  JF267943.1.2783.undefined.-.755               83.95%    failed      4.74%
1097  JF267944.1.2784.undefined.-.756               83.93%    failed      4.85%
1098  JF267945.1.2785.undefined.-.756               83.93%    failed      4.85%
1099  JF267946.1.2786.undefined.-.756               83.93%    failed      3.31%
1100  JF267947.1.2787.undefined.-.756               83.93%    failed      4.94%
1101  JF267948.1.2788.undefined.-.756               83.93%    failed      4.33%
1102  JF267949.1.2789.undefined.-.756               83.93%    failed      3.44%
1103  JF267950.1.2790.undefined.-.756               83.93%    failed      3.28%
1104  JF267951.1.2791.undefined.-.756               83.93%    failed      4.94%
1105  JF270593.1.2904.undefined.-.602               87.20%    passed     16.44%
1106  JF270594.1.2905.undefined.-.602               87.20%    passed     18.64%
1107  JF271836.1.2909.undefined.BRLO14-02           84.46%    failed      0.72%
1108  JF271837.1.2910.undefined.BRLO15-02           84.46%    failed      1.68%
1109  JF271838.1.2911.undefined.BRLO30-02           84.46%    failed      1.68%
1110  JF271839.1.2912.undefined.BRLO34-02.731       84.46%    failed      1.87%
1111  JF271840.1.2913.undefined.BRLO37-02           84.48%    failed      0.82%
1112  JF271841.1.2914.undefined.BRLO47-02           84.46%    failed      0.31%
1113  JF271842.1.2915.undefined.BRLO48-02           84.46%    failed      1.10%
1114  JF271843.1.2916.undefined.BRSP134-08          84.48%    failed      0.52%
1115  JF271844.1.2917.undefined.BRSP145-08          84.46%    failed      0.82%
1116  JF271845.1.2918.undefined.BRSP206-08          84.46%    failed      0.53%
1117  JF271846.1.2919.undefined.BRSP232-08          84.46%    failed      1.10%
1118  JF271847.1.2920.undefined.BRSP42-09           84.46%    failed      0.72%
1119  JF271848.1.2921.undefined.BRSP205-09          84.46%    failed      1.12%
1120  JF271849.1.2922.undefined.BRSP320-09          84.46%    failed      1.87%
1121  JF271850.1.2923.undefined.BRSP414-09          84.46%    failed      1.10%
1122  JF271851.1.2924.undefined.BRSP425-09          84.46%    failed      0.72%
1123  JF271852.1.2925.undefined.BRSP01-10           84.46%    failed      0.93%
1124  JF271853.1.2926.undefined.MZ9-08              84.46%    failed      1.26%
1125  JN222942.1.2927.undefined.-.631               86.59%    passed     19.10%
1126  JN222943.1.2928.undefined.-.645               86.29%    passed     22.74%
1127  JN222944.1.2929.undefined.-.629               86.63%    passed     12.33%
1128  JN222945.1.2930.undefined.-.635               86.50%    passed     19.73%
1129  JN222946.1.2931.undefined.-.645               86.29%    passed     25.40%
1130  JN222947.1.2932.undefined.-.635               86.50%    passed     12.51%
1131  JN222948.1.2933.undefined.-.644               86.31%    passed     16.94%
1132  JN222950.1.2935.undefined.-.609               87.05%    passed     11.64%
1133  JN222951.1.2936.undefined.-.640               86.39%    passed     17.84%
1134  JN222952.1.2937.undefined.-.640               86.39%    passed     17.84%
1135  JN222953.1.2938.undefined.-.626               86.69%    passed     14.15%
1136  JN222954.1.2939.undefined.-.650               86.18%    passed     17.21%
1137  JN222955.1.2940.undefined.-.618               86.86%    passed     19.09%
1138  JN222957.1.2942.undefined.-.613               86.97%    passed     13.02%
1139  JN222958.1.2943.undefined.-.638               86.44%    passed     20.08%
1140  JN222959.1.2944.undefined.-.612               86.99%    passed     24.33%
1141  JN222960.1.2945.undefined.-.641               86.37%    passed     22.30%
1142  JN222961.1.2946.undefined.-.603               87.18%    passed     19.20%
1143  JN222962.1.2947.undefined.-.609               87.05%    passed     19.20%
1144  JN222963.1.2948.undefined.-.611               87.01%    passed      8.87%
1145  JN222964.1.2949.undefined.-.637               86.46%    passed     23.99%
1146  JN222965.1.2950.undefined.-.609               87.05%    passed     20.53%
1147  JN222966.1.2951.undefined.-.601               87.22%    passed     20.86%
1148  JN222967.1.2952.undefined.-.600               87.24%    passed     11.47%
1149  JN247458.1.2956.undefined.-.666               85.84%    passed     21.33%
1150  JN247459.1.2957.undefined.-.666               85.84%    passed     20.41%
1151  JN247460.1.2958.undefined.-.666               85.84%    passed     17.82%
1152  JN247461.1.2959.undefined.-.666               85.84%    passed     27.82%
1153  JN247462.1.2960.undefined.-.666               85.84%    passed     18.75%
1154  JN655856.1.2961.undefined.Caio4634.773        83.57%    failed      1.66%
1155  JN655857.1.2962.undefined.Caio4635.794        83.12%    failed      3.99%
1156  JN655858.1                                    82.25%    failed      4.65%
1157  JN655860.1.2965.undefined.Caio4658.831        82.33%    failed      4.51%
1158  JN655861.1.2966.undefined.Caio4659.833        82.29%    failed      4.75%
1159  JN655862.1.2967.undefined.Caio4671.769        83.65%    passed      6.98%
1160  JN655863.1.2968.undefined.Caio4676.766        83.72%    failed      2.20%
1161  JN655864.1.2969.undefined.Caio4702.798        83.04%    failed      2.50%
1162  JN655865.1.2970.undefined.Caio4743.831        82.33%    failed      3.81%
1163  JN655866.1.2971.undefined.Caio4745.685        85.44%    failed      3.22%
1164  JN655867.1.2972.undefined.Caio4757.737        84.33%    failed      1.66%
1165  JN655868.1.2973.undefined.Caio4758.832        82.31%    failed      4.26%
1166  JN655869.1.2974.undefined.Caio4768.831        82.33%    failed      3.15%
1167  JN655871.1.2976.undefined.Caio4799.786        83.29%    failed      1.44%
1168  JN655872.1.2977.undefined.Caio4801.832        82.31%    failed      3.51%
1169  JN887698.1.2978.undefined.BRLO14-02.1059      77.49%    failed      2.49%
1170  JN887699.1.2979.undefined.BRLO15-02.1059      77.49%    failed      2.13%
1171  JN887700.1.2980.undefined.BRLO34-02.1059      77.49%    failed      2.49%
1172  JN887701.1.2981.undefined.BRLO37-02.1059      77.49%    failed      3.32%
1173  JN887702.1.2982.undefined.BRLO48-02.1059      77.49%    failed      2.89%
1174  JN887703.1.2983.undefined.BRSP134-08.1059     77.49%    failed      1.93%
1175  JN887704.1.2984.undefined.-.1059              77.49%    failed      3.16%
1176  JN887705.1.2985.undefined.BRSP206-08.1059     77.49%    failed      2.49%
1177  JN887706.1.2986.undefined.-.1059              77.49%    failed      2.10%
1178  JN887707.1.2987.undefined.BRSP42-09.1059      77.49%    failed      2.49%
1179  JN887708.1.2988.undefined.-.1059              77.49%    failed      2.89%
1180  JN887709.1.2989.undefined.BRSP320-09.1059     77.49%    failed      3.16%
1181  JN887710.1.2990.undefined.BRSP414-09.1059     77.49%    failed      2.73%
1182  JN887711.1.2991.undefined.-.1059              77.49%    failed      2.63%
1183  JN887712.1.2992.undefined.-.1068              77.30%    failed      0.64%
1184  JN887713.1.2993.undefined.-.1068              77.30%    failed      0.38%
1185  JN887714.1.2994.undefined.-.1068              77.30%    failed      0.64%
1186  JN887715.1.2995.undefined.-.1068              77.30%    failed      0.64%
1187  JN887716.1.2996.undefined.-.1068              77.30%    failed      0.82%
1188  JN887717.1.2997.undefined.-.1068              77.30%    failed      0.38%
1189  JN887718.1.2998.undefined.-.1068              77.30%    failed      0.64%
1190  JN887719.1.2999.undefined.-.1068              77.30%    failed      0.64%
1191  JN887720.1.3000.undefined.-.1068              77.30%    failed      0.82%
1192  JN887721.1.3001.undefined.-.1068              77.30%    failed      0.64%
1193  JN887722.1.3002.undefined.-.1068              77.30%    failed      0.64%
1194  JN887723.1.3003.undefined.-.1068              77.30%    failed      0.82%
1195  JN887724.1.3004.undefined.-.1068              77.30%    failed      0.72%
1196  JN887725.1.3005.undefined.-.1068              77.30%    failed      0.82%
1197  JN887726.1.3006.undefined.-.1068              77.30%    failed      0.51%
1198  JN887727.1.3007.undefined.-.1068              77.30%    failed      0.64%
1199  JN887728.1.3008.undefined.-.1068              77.30%    failed      0.82%
1200  JN887729.1.3009.undefined.-.1068              77.30%    failed      1.03%
1201  JN887730.1.3010.undefined.-.1068              77.30%    failed      0.64%
1202  JN887731.1.3011.undefined.-.1068              77.30%    failed      0.64%
1203  JN887732.1.3012.undefined.-.1068              77.30%    failed      0.64%
1204  JN887733.1.3013.undefined.-.1068              77.30%    failed      0.64%
1205  JN887734.1.3014.undefined.-.1068              77.30%    failed      0.56%
1206  JN887735.1.3015.undefined.-.1068              77.30%    failed      0.64%
1207  JN887736.1.3016.undefined.-.1068              77.30%    failed      0.64%
1208  JQ435911.1.3045.undefined.-.1065              77.36%    passed      7.20%
1209  JQ435912.1.3046.undefined.BRLO37-02.705       85.01%    failed      1.14%
1210  JQ583778.1.3047.undefined.-.837               82.21%    failed      3.67%
1211  JQ583778.1                                    82.16%    failed      3.78%
1212  JQ583779.1.3049.undefined.Caio4064            82.25%    passed     27.25%
1213  JQ583780.1.3050.undefined.Caio4106.845        82.04%    passed     16.35%
1214  JQ583781.1.3051.undefined.Caio4118.838        82.19%    passed      5.64%
1215  JQ583782.1.3052.undefined.Caio4258.829        82.38%    failed      3.86%
1216  JQ583783.1.3053.undefined.Caio4328.835        82.25%    failed      3.37%
1217  JQ583784.1                                    82.38%    passed      5.24%
1218  JQ583785.1.3055.undefined.Caio4417.828        82.40%    passed      6.69%
1219  JQ583786.1.3056.undefined.Caio5006.799        83.01%    failed      4.19%
1220  JQ583787.1.3057.undefined.Caio5187.898        80.91%    passed     28.71%
1221  JQ583788.1.3058.undefined.Caio5620.772        83.59%    failed      0.75%
1222  JQ583789.1.3059.undefined.Caio5697.830        82.36%    failed      4.21%
1223  JQ583790.1.3060.undefined.Caio6590.794        83.12%    failed      1.38%
1224  JQ583791.1.3061.undefined.Caio6622.834        82.27%    failed      2.84%
1225  JQ583792.1.3062.undefined.Caio6701.850        81.93%    failed      3.87%
1226  JQ583793.1.3063.undefined.Caio6855.810        82.78%    failed      2.19%
1227  JQ583794.1.3064.undefined.Caio7580.846        82.02%    passed      5.89%
1228  JQ583795.1.3065.undefined.Caio4126.766        83.72%    failed      2.20%
1229  JQ583796.1.3066.undefined.Caio5448.773        83.57%    failed      1.66%
1230  JQ583797.1.3067.undefined.Caio4142.766        83.72%    failed      2.20%
1231  JQ583798.1                                    83.72%    failed      2.20%
1232  JQ583799.1.3069.undefined.Caio5324.766        83.72%    failed      2.20%
1233  JQ583800.1.3070.undefined.Caio5801.766        83.72%    failed      2.20%
1234  JQ583801.1                                    83.72%    failed      2.20%
1235  JQ583802.1.3072.undefined.Caio6963.766        83.72%    failed      2.20%
1236  JQ583803.1.3073.undefined.Caio7120.766        83.72%    failed      2.20%
1237  JQ583804.1                                    83.59%    failed      0.75%
1238  JQ583805.1.3075.undefined.Caio5846.898        80.91%    passed     28.71%
1239  JQ583806.1.3076.undefined.Caio5884.898        80.91%    passed     28.71%
1240  JQ583807.1.3077.undefined.Caio5931.898        80.91%    passed     28.71%
1241  JQ583808.1.3078.undefined.Caio7421.878        81.34%    passed     23.75%
1242  JQ583809.1.3079.undefined.Caio7661.824        82.48%    passed      5.14%
1243  JQ583810.1.3080.undefined.Caio4009.642        86.35%    failed      0.58%
1244  JQ583811.1.3081.undefined.Caio4011.642        86.35%    failed      0.58%
1245  JQ583812.1.3082.undefined.Caio4064.642        86.35%    failed      1.34%
1246  JQ583813.1.3083.undefined.Caio4072.642        86.35%    failed      0.58%
1247  JQ583814.1.3084.undefined.Caio4105.642        86.35%    failed      0.46%
1248  JQ583815.1.3085.undefined.Caio4106.642        86.35%    failed      0.58%
1249  JQ583816.1.3086.undefined.Caio4112.642        86.35%    failed      0.58%
1250  JQ583817.1.3087.undefined.Caio4118.642        86.35%    failed      0.53%
1251  JQ583818.1.3088.undefined.Caio4126.642        86.35%    failed      0.72%
1252  JQ583819.1.3089.undefined.Caio4211.642        86.35%    failed      0.58%
1253  JQ583820.1.3090.undefined.Caio4243.642        86.35%    failed      0.67%
1254  JQ583821.1.3091.undefined.Caio4258.642        86.35%    failed      0.96%
1255  JQ583822.1.3092.undefined.Caio4315.642        86.35%    failed      0.58%
1256  JQ583823.1.3093.undefined.Caio4328.642        86.35%    failed      0.58%
1257  JQ583824.1.3094.undefined.-.642               86.35%    failed      0.58%
1258  JQ583825.1.3095.undefined.Caio4358.642        86.35%    failed      0.58%
1259  JQ583826.1.3096.undefined.Caio4383.642        86.35%    failed      0.58%
1260  JQ583827.1.3097.undefined.Caio4417.642        86.35%    failed      0.58%
1261  JQ583828.1.3098.undefined.-.642               86.35%    failed      0.58%
1262  JQ583829.1.3099.undefined.-.642               86.35%    failed      0.96%
1263  JQ583830.1.3100.undefined.-.642               86.35%    failed      0.72%
1264  JQ583831.1.3101.undefined.-.642               86.35%    failed      0.58%
1265  JQ583832.1.3102.undefined.-.642               86.35%    failed      0.58%
1266  JQ583833.1.3103.undefined.-.642               86.35%    failed      0.58%
1267  JQ583834.1.3104.undefined.-.642               86.35%    failed      1.61%
1268  JQ583835.1.3105.undefined.-.642               86.35%    failed      0.58%
1269  JQ583836.1.3106.undefined.-.642               86.35%    failed      0.36%
1270  JQ583837.1.3107.undefined.-.642               86.35%    failed      0.58%
1271  JQ583838.1.3108.undefined.-.642               86.35%    failed      0.58%
1272  JQ583839.1.3109.undefined.-.642               86.35%    failed      0.46%
1273  JQ583840.1.3110.undefined.-.642               86.35%    failed      0.58%
1274  JQ583841.1.3111.undefined.-.642               86.35%    failed      0.67%
1275  JQ583842.1.3112.undefined.-.642               86.35%    failed      0.96%
1276  JQ583843.1.3113.undefined.-.642               86.37%    failed      0.68%
1277  JQ583844.1.3114.undefined.-.642               86.35%    failed      0.58%
1278  JQ583845.1.3115.undefined.-.642               86.35%    failed      0.58%
1279  JX184917.1.3133.undefined.-.973               79.32%    failed      0.64%
1280  JX184918.1.3134.undefined.-.905               80.76%    failed      0.48%
1281  JX184919.1.3135.undefined.-.912               80.61%    failed      0.27%
1282  JX184920.1.3136.undefined.-.643               86.33%    failed      2.28%
1283  JX184921.1.3137.undefined.-.643               86.33%    failed      2.28%
1284  JX184922.1.3138.undefined.-.643               86.33%    failed      2.28%
1285  JX184923.1.3139.undefined.-.733               84.42%    passed     15.05%
1286  JX280947.1.3152.undefined.BRSP30-10.731       84.46%    failed      0.53%
1287  JX280948.1.3153.undefined.BRSP37-10.731       84.46%    failed      1.21%
1288  JX280949.1.3154.undefined.BRSP38.731          84.46%    failed      0.72%
1289  JX280950.1.3155.undefined.BRSP71-10.731       84.46%    failed      1.45%
1290  JX280951.1.3156.undefined.BRSP93-10.731       84.46%    failed      1.10%
1291  JX280952.1.3157.undefined.BRSP97-10.731       84.46%    failed      1.10%
1292  JX280953.1.3158.undefined.BRSP101-10.731      84.46%    failed      0.72%
1293  JX280954.1.3159.undefined.BRSP105-10.731      84.46%    failed      1.31%
1294  JX280955.1.3160.undefined.BRSP118-10.731      84.46%    failed      0.72%
1295  JX280956.1.3161.undefined.BRSP171-10.731      84.46%    failed      0.67%
1296  JX280957.1.3162.undefined.BRSP40-11.731       84.46%    failed      1.10%
1297  JX280958.1.3163.undefined.BRSP142-11.731      84.46%    failed      0.62%
1298  JX280959.1.3164.undefined.BRSP194-11.731      84.46%    failed      1.24%
1299  JX280960.1.3165.undefined.BRSP69-12.731       84.46%    failed      1.10%
1300  JX280961.1.3166.undefined.BRLO37-12.687       85.40%    failed      1.01%
1301  JX280962.1.3167.undefined.BRLO37-12.1035      78.00%    failed      2.23%
1302  JX280964.1.3169.undefined.-.972               79.34%    passed      7.45%
1303  JX280965.1.3170.undefined.-.1068              77.30%    failed      0.82%
1304  JX885208.1.3174.undefined.-.1353              71.24%    failed      2.63%
1305  JX885209.1.3175.undefined.-.1353              71.24%    failed      2.63%
1306  JX885210.1.3176.undefined.-.1353              71.24%    failed      2.35%
1307  JX885211.1.3177.undefined.-.1353              71.24%    failed      2.63%
1308  JX885212.1.3178.undefined.-.1353              71.24%    failed      2.63%
1309  JX885213.1.3179.undefined.-.1353              71.24%    failed      2.63%
1310  JX885214.1.3180.undefined.-.1353              71.24%    failed      2.63%
1311  JX885215.1.3181.undefined.-.1353              71.24%    failed      2.63%
1312  JX885216.1.3182.undefined.-.1353              71.24%    failed      2.63%
1313  JX885217.1.3183.undefined.-.1353              71.24%    failed      2.63%
1314  JX885218.1.3184.undefined.-.1353              71.24%    failed      2.63%
1315  JX885219.1.3185.undefined.-.1353              71.24%    failed      2.63%
1316  JX885220.1.3186.undefined.-.1353              71.24%    failed      2.63%
1317  JX885221.1.3187.undefined.-.1353              71.24%    failed      2.63%
1318  JX885222.1.3188.undefined.-.1353              71.24%    failed      2.63%
1319  JX885223.1.3189.undefined.-.1353              71.24%    failed      2.63%
1320  JX885224.1.3190.undefined.-.1353              71.24%    failed      2.63%
1321  JX885225.1.3191.undefined.-.1353              71.24%    failed      2.63%
1322  JX885226.1.3192.undefined.-.1353              71.24%    failed      2.63%
1323  JX885227.1.3193.undefined.-.1353              71.24%    failed      2.63%
1324  JX885228.1.3194.undefined.-.1353              71.24%    failed      2.63%
1325  JX891480.1.3197.undefined.-.1384              70.58%    failed      0.27%
1326  K01670.1.3200.undefined.-.815                 82.67%    failed      3.85%
1327  K02024.1.3201.undefined.-.1464                68.88%    failed      0.35%
1328  K02722.1.3203.undefined.-.774                 83.55%    failed      3.07%
1329  KC109192.1.3205.undefined.-.891               81.06%    failed      0.00%
1330  KC477728.1.3206.undefined.-.654               86.10%    failed      0.00%
1331  KC477729.1.3207.undefined.-.654               86.10%    failed      0.00%
1332  KC477730.1.3208.undefined.-.654               86.10%    failed      0.00%
1333  KC477731.1.3209.undefined.-.654               86.10%    failed      0.00%
1334  KC477732.1.3210.undefined.-.655               86.08%    failed      0.00%
1335  KC477733.1.3211.undefined.-.655               86.08%    failed      0.00%
1336  KC477734.1.3212.undefined.-.655               86.08%    failed      0.00%
1337  KC477735.1.3213.undefined.-.654               86.10%    failed      0.00%
1338  KC477736.1.3214.undefined.-.654               86.10%    failed      0.00%
1339  KC477737.1.3215.undefined.-.654               86.10%    failed      0.00%
1340  KC477738.1.3216.undefined.-.654               86.10%    failed      0.00%
1341  KC477739.1.3217.undefined.-.654               86.10%    failed      0.00%
1342  KC477740.1.3218.undefined.-.654               86.10%    failed      0.00%
1343  KC477741.1.3219.undefined.-.654               86.10%    failed      0.00%
1344  KC477742.1.3220.undefined.-.654               86.10%    failed      0.00%
1345  KC477743.1.3221.undefined.-.654               86.10%    failed      0.00%
1346  KC477744.1.3222.undefined.-.654               86.10%    failed      0.00%
1347  KC477745.1.3223.undefined.-.654               86.10%    failed      0.00%
1348  KC477746.1.3224.undefined.-.654               86.10%    failed      0.00%
1349  KC477747.1.3225.undefined.-.654               86.10%    failed      0.00%
1350  KC477748.1.3226.undefined.-.655               86.08%    failed      0.00%
1351  KC477749.1.3227.undefined.-.655               86.08%    failed      0.00%
1352  KC477750.1.3228.undefined.-.654               86.10%    failed      0.00%
1353  KC477751.1.3229.undefined.-.654               86.10%    failed      0.00%
1354  KC477752.1.3230.undefined.-.654               86.10%    failed      0.00%
1355  KC477753.1.3231.undefined.-.654               86.10%    failed      0.00%
1356  KC477754.1.3232.undefined.-.654               86.10%    failed      0.00%
1357  KC477755.1.3233.undefined.-.654               86.10%    failed      0.00%
1358  KC477756.1.3234.undefined.-.654               86.10%    failed      0.00%
1359  KC493379.1.3236.undefined.2.612               87.03%    failed      1.24%
1360  KC493381.1.3238.undefined.4.651               86.16%    failed      1.58%
1361  KC493382.1.3239.undefined.5.623               86.78%    failed      1.02%
1362  KC493385.1.3242.undefined.15.619              86.90%    failed      1.42%
1363  KC493386.1.3243.undefined.16.604              87.33%    failed      1.92%
1364  KC493387.1.3244.undefined.17.651              86.16%    failed      0.87%
1365  KC493388.1.3245.undefined.18.636              86.52%    failed      2.67%
1366  KC493390.1.3247.undefined.20.616              86.95%    failed      1.20%
1367  KC493391.1.3248.undefined.21.626              86.73%    failed      1.22%
1368  KC493393.1.3250.undefined.26.611              87.01%    failed      0.89%
1369  KC493394.1.3251.undefined.28.611              87.03%    failed      1.68%
1370  KC493396.1.3253.undefined.31.606              87.12%    failed      2.06%
1371  KC493398.1.3255.undefined.36.611              87.03%    failed      4.04%
1372  KC493399.1.3256.undefined.37.615              86.97%    failed      1.28%
1373  KC493400.1.3257.undefined.38.624              86.82%    failed      1.38%
1374  KC493402.1.3259.undefined.40.620              86.86%    failed      1.45%
1375  KC493404.1.3261.undefined.-.626               86.76%    passed      8.77%
1376  KC493405.1.3262.undefined.-.651               86.16%    failed      1.58%
1377  KC493406.1.3263.undefined.-.651               86.16%    failed      2.76%
1378  KC493407.1.3264.undefined.-.652               86.14%    failed      4.73%
1379  KC493408.1.3265.undefined.-.650               86.18%    failed      1.35%
1380  KC493409.1.3266.undefined.-.613               86.97%    failed      0.64%
1381  KC493410.1.3267.undefined.-.610               87.05%    failed      4.30%
1382  KC786899.1.3268.undefined.-.758               83.89%    failed      1.69%
1383  KC786900.1.3269.undefined.-.758               83.89%    failed      1.93%
1384  KC786901.1.3270.undefined.-.758               83.89%    failed      3.13%
1385  KC786902.1.3271.undefined.-.758               83.89%    failed      4.03%
1386  KC786903.1.3272.undefined.-.758               83.89%    failed      3.13%
1387  KC786904.1.3273.undefined.-.758               83.89%    failed      1.69%
1388  KC786905.1.3274.undefined.-.758               83.89%    failed      1.93%
1389  KC786906.1.3275.undefined.-.758               83.89%    failed      3.61%
1390  KC786907.1.3276.undefined.-.758               83.89%    failed      2.87%
1391  KC786908.1.3277.undefined.-.758               83.89%    failed      4.03%
1392  KC786909.1.3278.undefined.-.758               83.89%    failed      1.93%
1393  KC786910.1.3279.undefined.-.758               83.89%    failed      2.87%
1394  KC786911.1.3280.undefined.-.758               83.89%    failed      1.69%
1395  KC786912.1.3281.undefined.-.758               83.89%    failed      3.93%
1396  KC786913.1.3282.undefined.-.758               83.89%    failed      3.61%
1397  KC786914.1.3283.undefined.-.758               83.89%    failed      1.69%
1398  KC786915.1.3284.undefined.-.758               83.89%    failed      3.13%
1399  KC786916.1.3285.undefined.-.758               83.89%    failed      2.87%
1400  KC786917.1.3286.undefined.-.758               83.89%    failed      4.03%
1401  KC786918.1.3287.undefined.-.758               83.89%    failed      2.87%
1402  KC786919.1.3288.undefined.-.758               83.89%    failed      1.69%
1403  KC786920.1.3289.undefined.-.1290              72.58%    failed      0.01%
1404  KC786921.1.3290.undefined.-.1290              72.58%    failed      0.01%
1405  KC786922.1.3291.undefined.-.1290              72.58%    failed      0.00%
1406  KC786923.1.3292.undefined.-.1290              72.58%    failed      0.01%
1407  KC786924.1.3293.undefined.-.1290              72.58%    failed      0.00%
1408  KC786925.1.3294.undefined.-.1290              72.58%    failed      0.00%
1409  KC786926.1.3295.undefined.-.1290              72.58%    failed      0.01%
1410  KC786927.1.3296.undefined.-.1290              72.58%    failed      0.00%
1411  KC786928.1.3297.undefined.-.1290              72.58%    failed      0.01%
1412  KC786929.1.3298.undefined.-.1290              72.58%    failed      0.00%
1413  KC786930.1.3299.undefined.-.1290              72.58%    failed      0.01%
1414  KC786931.1.3300.undefined.-.1290              72.58%    failed      0.00%
1415  KC786932.1.3301.undefined.-.1290              72.58%    failed      0.00%
1416  KC786933.1.3302.undefined.-.1290              72.58%    failed      0.00%
1417  KC786934.1.3303.undefined.-.1290              72.58%    failed      0.00%
1418  KC786935.1.3304.undefined.-.1290              72.58%    failed      0.00%
1419  KC786936.1.3305.undefined.-.1290              72.58%    failed      0.00%
1420  KC786937.1.3306.undefined.-.1290              72.58%    failed      0.01%
1421  KC786938.1.3307.undefined.-.1290              72.58%    failed      0.00%
1422  KC786939.1.3308.undefined.-.1290              72.58%    failed      0.01%
1423  KC786940.1.3309.undefined.-.1290              72.58%    failed      0.01%
1424  KC786941.1.3310.undefined.-.1062              77.42%    failed      3.38%
1425  KC786942.1.3311.undefined.-.1062              77.42%    failed      2.58%
1426  KC786943.1.3312.undefined.-.1062              77.42%    failed      2.74%
1427  KC786944.1.3313.undefined.-.1062              77.42%    failed      2.40%
1428  KC786945.1.3314.undefined.-.1062              77.42%    failed      2.74%
1429  KC786946.1.3315.undefined.-.1062              77.42%    failed      3.38%
1430  KC786947.1.3316.undefined.-.1062              77.42%    failed      3.96%
1431  KC786948.1.3317.undefined.-.1062              77.42%    failed      2.30%
1432  KC786949.1.3318.undefined.-.1062              77.42%    failed      3.19%
1433  KC786950.1.3319.undefined.-.1062              77.42%    failed      2.40%
1434  KC786951.1.3320.undefined.-.1062              77.42%    failed      3.38%
1435  KC786952.1.3321.undefined.-.1062              77.42%    failed      2.58%
1436  KC786953.1.3322.undefined.-.1062              77.42%    failed      3.38%
1437  KC786954.1.3323.undefined.-.1062              77.42%    failed      2.42%
1438  KC786955.1.3324.undefined.-.1062              77.42%    failed      2.30%
1439  KC786956.1.3325.undefined.-.1062              77.42%    failed      3.38%
1440  KC786957.1.3326.undefined.-.1062              77.42%    failed      2.74%
1441  KC786958.1.3327.undefined.-.1062              77.42%    failed      2.72%
1442  KC786959.1.3328.undefined.-.1062              77.42%    failed      2.40%
1443  KC786960.1.3329.undefined.-.1062              77.42%    failed      2.72%
1444  KC786961.1.3330.undefined.-.1062              77.42%    failed      3.38%
1445  KC786962.1.3331.undefined.-.756               83.93%    failed      3.41%
1446  KC786963.1.3332.undefined.-.756               83.93%    failed      3.41%
1447  KC786964.1.3333.undefined.-.756               83.93%    failed      3.90%
1448  KC786965.1.3334.undefined.-.756               83.93%    failed      3.05%
1449  KC786966.1.3335.undefined.-.1290              72.58%    failed      0.01%
1450  KC786967.1.3336.undefined.-.1290              72.58%    failed      0.01%
1451  KC786968.1.3337.undefined.-.1290              72.58%    failed      0.01%
1452  KC786969.1.3338.undefined.-.1290              72.58%    failed      0.02%
1453  KC786970.1.3339.undefined.-.1062              77.42%    passed      7.97%
1454  KC786971.1.3340.undefined.-.1062              77.42%    passed      7.97%
1455  KC786972.1.3341.undefined.-.1062              77.42%    passed      7.57%
1456  KC786973.1.3342.undefined.-.1062              77.42%    passed      7.57%
1457  KF053894.1.3369.undefined.-.908               80.70%    failed      0.00%
1458  KF053895.1.3370.undefined.-.908               80.70%    failed      0.00%
1459  KF053896.1.3371.undefined.-.908               80.70%    failed      0.00%
1460  KF053897.1.3372.undefined.-.908               80.70%    failed      0.00%
1461  KF053898.1.3373.undefined.-.908               80.70%    failed      0.00%
1462  KF053899.1.3374.undefined.-.908               80.70%    failed      0.00%
1463  KF053900.1.3375.undefined.-.908               80.70%    failed      0.00%
1464  KF053901.1.3376.undefined.-.908               80.70%    failed      0.00%
1465  KF053902.1.3377.undefined.-.908               80.70%    failed      0.00%
1466  KF053903.1.3378.undefined.-.908               80.70%    failed      0.00%
1467  KF053904.1.3379.undefined.-.908               80.70%    failed      0.00%
1468  KF053905.1.3380.undefined.-.908               80.70%    failed      0.00%
1469  KF053906.1.3381.undefined.-.908               80.70%    failed      0.00%
1470  KF053907.1.3382.undefined.-.908               80.70%    failed      0.00%
1471  KF053908.1.3383.undefined.-.908               80.70%    failed      0.00%
1472  KF053909.1.3384.undefined.-.908               80.70%    failed      0.00%
1473  KF053910.1.3385.undefined.-.908               80.70%    failed      0.00%
1474  KF053911.1.3386.undefined.-.908               80.70%    failed      0.00%
1475  KF053912.1.3387.undefined.-.908               80.70%    failed      0.00%
1476  KF053913.1.3388.undefined.-.908               80.70%    failed      0.00%
1477  KF053914.1.3389.undefined.-.908               80.70%    failed      0.00%
1478  KF053915.1.3390.undefined.-.908               80.70%    failed      0.00%
1479  KF053916.1.3391.undefined.-.908               80.70%    failed      0.00%
1480  KF053917.1.3392.undefined.-.908               80.70%    failed      0.00%
1481  KF053918.1.3393.undefined.-.908               80.70%    failed      0.00%
1482  KF053919.1.3394.undefined.-.908               80.70%    failed      0.00%
1483  KF053920.1.3395.undefined.-.908               80.70%    failed      0.00%
1484  KF053921.1.3396.undefined.-.908               80.70%    failed      0.00%
1485  KF053922.1.3397.undefined.-.908               80.70%    failed      0.00%
1486  KF053923.1.3398.undefined.-.908               80.70%    failed      0.00%
1487  KF053924.1.3399.undefined.-.908               80.70%    failed      0.00%
1488  KF053925.1.3400.undefined.-.908               80.70%    failed      0.00%
1489  KF053926.1.3401.undefined.-.908               80.70%    failed      0.00%
1490  KF053927.1.3402.undefined.-.908               80.70%    failed      0.00%
1491  KF053928.1.3403.undefined.-.908               80.70%    failed      0.00%
1492  KF053929.1.3404.undefined.-.908               80.70%    failed      0.00%
1493  KF053930.1.3405.undefined.-.908               80.70%    failed      0.00%
1494  KF053931.1.3406.undefined.-.907               80.72%    failed      0.00%
1495  KF053932.1.3407.undefined.-.908               80.70%    failed      0.00%
1496  KF053933.1.3408.undefined.-.908               80.70%    failed      0.00%
1497  KF053934.1.3409.undefined.-.908               80.70%    failed      0.00%
1498  KF053935.1.3410.undefined.-.908               80.70%    failed      0.00%
1499  KF053936.1.3411.undefined.-.908               80.70%    failed      0.00%
1500  KF053937.1.3412.undefined.-.908               80.70%    failed      0.00%
1501  KF053938.1.3413.undefined.-.908               80.70%    failed      0.00%
1502  KF053939.1.3414.undefined.-.908               80.70%    failed      0.00%
1503  KF053940.1.3415.undefined.-.908               80.70%    failed      0.00%
1504  KF053941.1.3416.undefined.-.908               80.70%    failed      0.00%
1505  KF053942.1.3417.undefined.-.908               80.70%    failed      0.00%
1506  KF053943.1.3418.undefined.-.908               80.70%    failed      0.00%
1507  KF053944.1.3419.undefined.-.908               80.70%    failed      0.00%
1508  KF053945.1.3420.undefined.-.908               80.70%    failed      0.00%
1509  KF053946.1.3421.undefined.-.908               80.70%    failed      0.00%
1510  KF053947.1.3422.undefined.-.908               80.70%    failed      0.00%
1511  KF053948.1.3423.undefined.-.908               80.70%    failed      0.00%
1512  KF053949.1.3424.undefined.-.908               80.70%    failed      0.00%
1513  KF053950.1.3425.undefined.-.908               80.70%    failed      0.00%
1514  KF053951.1.3426.undefined.-.908               80.70%    failed      0.00%
1515  KF053952.1.3427.undefined.-.908               80.70%    failed      0.00%
1516  KF053953.1.3428.undefined.-.908               80.70%    failed      0.00%
1517  KF053954.1.3429.undefined.-.908               80.70%    failed      0.00%
1518  KF053955.1.3430.undefined.-.908               80.70%    failed      0.00%
1519  KF053956.1.3431.undefined.-.908               80.70%    failed      0.00%
1520  KF053957.1.3432.undefined.-.908               80.70%    failed      0.00%
1521  KF053958.1.3433.undefined.-.908               80.70%    failed      0.00%
1522  KF053959.1.3434.undefined.-.908               80.70%    failed      0.00%
1523  KF053960.1.3435.undefined.-.908               80.70%    failed      0.00%
1524  KF053961.1.3436.undefined.-.908               80.70%    failed      0.00%
1525  KF053962.1.3437.undefined.-.908               80.70%    failed      0.00%
1526  KF053963.1.3438.undefined.-.908               80.70%    failed      0.00%
1527  KF053964.1.3439.undefined.-.907               80.72%    failed      0.00%
1528  KF053965.1.3440.undefined.-.907               80.72%    failed      0.00%
1529  KF053966.1.3441.undefined.-.908               80.70%    failed      0.00%
1530  KF053967.1.3442.undefined.-.908               80.70%    failed      0.00%
1531  KF053968.1.3443.undefined.-.908               80.70%    failed      0.00%
1532  KF053969.1.3444.undefined.-.908               80.70%    failed      0.00%
1533  KF053970.1.3445.undefined.-.908               80.70%    failed      0.00%
1534  KF053971.1.3446.undefined.-.908               80.70%    failed      0.00%
1535  KF053972.1.3447.undefined.-.908               80.70%    failed      0.00%
1536  KF053973.1.3448.undefined.-.908               80.70%    failed      0.00%
1537  KF053974.1.3449.undefined.-.908               80.70%    failed      0.00%
1538  KF053975.1.3450.undefined.-.908               80.70%    failed      0.00%
1539  KF053976.1.3451.undefined.-.908               80.70%    failed      0.00%
1540  KF053977.1.3452.undefined.-.908               80.70%    failed      0.00%
1541  KF053978.1.3453.undefined.-.908               80.70%    failed      0.00%
1542  KF053979.1.3454.undefined.-.908               80.70%    failed      0.00%
1543  KF053980.1.3455.undefined.-.908               80.70%    failed      0.00%
1544  KF053981.1.3456.undefined.-.908               80.70%    failed      0.00%
1545  KF053982.1.3457.undefined.-.908               80.70%    failed      0.00%
1546  KF053983.1.3458.undefined.-.908               80.70%    failed      0.00%
1547  KF053984.1.3459.undefined.-.908               80.70%    failed      0.00%
1548  KF053985.1.3460.undefined.-.907               80.72%    failed      0.00%
1549  KF053986.1.3461.undefined.-.908               80.70%    failed      0.00%
1550  KF053987.1.3462.undefined.-.908               80.70%    failed      0.00%
1551  KF053988.1.3463.undefined.-.908               80.70%    failed      0.00%
1552  KF053989.1.3464.undefined.-.908               80.70%    failed      0.00%
1553  KF053990.1.3465.undefined.-.908               80.70%    failed      0.00%
1554  KF053991.1.3466.undefined.-.908               80.70%    failed      0.00%
1555  KF053992.1.3467.undefined.-.908               80.70%    failed      0.00%
1556  KF053993.1.3468.undefined.-.908               80.70%    failed      0.00%
1557  KF053994.1.3469.undefined.-.908               80.70%    failed      0.00%
1558  KF053995.1.3470.undefined.-.908               80.70%    failed      0.00%
1559  KF053996.1.3471.undefined.-.908               80.70%    failed      0.00%
1560  KF053997.1.3472.undefined.-.908               80.70%    failed      0.00%
1561  KF053998.1.3473.undefined.-.908               80.70%    failed      0.00%
1562  KF053999.1.3474.undefined.-.908               80.70%    failed      0.00%
1563  KF054000.1.3475.undefined.-.908               80.70%    failed      0.00%
1564  KF054001.1.3476.undefined.-.908               80.70%    failed      0.00%
1565  KF054002.1.3477.undefined.-.908               80.70%    failed      0.00%
1566  KF054003.1.3478.undefined.-.908               80.70%    failed      0.00%
1567  KF054004.1.3479.undefined.-.908               80.70%    failed      0.00%
1568  KF054005.1.3480.undefined.-.908               80.70%    failed      0.00%
1569  KF054006.1.3481.undefined.-.908               80.70%    failed      0.00%
1570  KF054007.1.3482.undefined.-.908               80.70%    failed      0.00%
1571  KF054008.1.3483.undefined.-.908               80.70%    failed      0.00%
1572  KF054009.1.3484.undefined.-.908               80.70%    failed      0.00%
1573  KF054010.1.3485.undefined.-.908               80.70%    failed      0.00%
1574  KF054011.1.3486.undefined.-.908               80.70%    failed      0.00%
1575  KF054012.1.3487.undefined.-.908               80.70%    failed      0.00%
1576  KF054013.1.3488.undefined.-.908               80.70%    failed      0.00%
1577  KF054014.1.3489.undefined.-.908               80.70%    failed      0.00%
1578  KF054015.1.3490.undefined.-.908               80.70%    failed      0.00%
1579  KF054016.1.3491.undefined.-.908               80.70%    failed      0.00%
1580  KF054017.1.3492.undefined.-.908               80.70%    failed      0.00%
1581  KF054018.1.3493.undefined.-.908               80.70%    failed      0.00%
1582  KF054019.1.3494.undefined.-.908               80.70%    failed      0.00%
1583  KF054020.1.3495.undefined.-.908               80.70%    failed      0.00%
1584  KF054021.1.3496.undefined.-.908               80.70%    failed      0.00%
1585  KF054022.1.3497.undefined.-.908               80.70%    failed      0.00%
1586  KF054023.1.3498.undefined.-.908               80.70%    failed      0.00%
1587  KF054024.1.3499.undefined.-.908               80.70%    failed      0.00%
1588  KF054025.1.3500.undefined.-.908               80.70%    failed      0.00%
1589  KF054026.1.3501.undefined.-.908               80.70%    failed      0.00%
1590  KF054027.1.3502.undefined.-.908               80.70%    failed      0.00%
1591  KF054028.1.3503.undefined.-.908               80.70%    failed      0.00%
1592  KF054029.1.3504.undefined.-.908               80.70%    failed      0.00%
1593  KF054030.1.3505.undefined.-.908               80.70%    failed      0.00%
1594  KF054031.1.3506.undefined.-.908               80.70%    failed      0.00%
1595  KF054032.1.3507.undefined.-.908               80.70%    failed      0.00%
1596  KF054033.1.3508.undefined.-.908               80.70%    failed      0.00%
1597  KF054034.1.3509.undefined.-.908               80.70%    failed      0.00%
1598  KF054035.1.3510.undefined.-.908               80.70%    failed      0.00%
1599  KF054036.1.3511.undefined.-.908               80.70%    failed      0.00%
1600  KF054037.1.3512.undefined.-.908               80.70%    failed      0.00%
1601  KF054038.1.3513.undefined.-.908               80.70%    failed      0.00%
1602  KF054039.1.3514.undefined.-.908               80.70%    failed      0.00%
1603  KF202307.1.3530.undefined.-.840               82.14%    failed      4.88%
1604  KF202308.1.3531.undefined.-.809               82.80%    failed      2.81%
1605  KF202309.1.3532.undefined.-.810               82.78%    failed      1.38%
1606  KF202310.1.3533.undefined.-.813               82.72%    failed      3.17%
1607  KF202311.1.3534.undefined.-.872               81.46%    passed     11.57%
1608  KF202312.1.3535.undefined.-.814               82.70%    failed      3.42%
1609  KF202313.1.3536.undefined.-.872               81.46%    passed     11.14%
1610  KF202314.1.3537.undefined.-.799               83.01%    failed      0.68%
1611  KF202315.1.3538.undefined.-.860               81.72%    passed      8.81%
1612  KF202316.1.3539.undefined.-.840               82.14%    failed      3.28%
1613  KF202317.1.3540.undefined.-.858               81.76%    passed     19.83%
1614  KF202318.1.3541.undefined.-.847               81.99%    passed      8.00%
1615  KF202319.1.3542.undefined.-.858               81.76%    passed      9.76%
1616  KF202320.1.3543.undefined.-.855               81.82%    failed      4.43%
1617  KF202321.1.3544.undefined.-.849               81.95%    passed      5.14%
1618  KF202322.1.3545.undefined.-.873               81.44%    passed      9.99%
1619  KF202323.1.3546.undefined.-.850               81.93%    passed     15.75%
1620  KF202324.1.3547.undefined.-.827               82.42%    failed      3.54%
1621  KF202325.1.3548.undefined.-.821               82.55%    failed      1.07%
1622  KF202326.1.3549.undefined.-.796               83.08%    failed      0.80%
1623  KF202327.1.3550.undefined.-.800               82.99%    failed      1.35%
1624  KF242508.1.3554.undefined.-.1467              68.81%    failed      0.05%
1625  KF242509.1.3555.undefined.-.1467              68.81%    failed      0.06%
1626  KF797899.1.3640.undefined.-.925               80.34%    passed      5.79%
1627  KF797906.1.3647.undefined.-.1204              74.40%    failed      0.16%
1628  KF797908.1.3649.undefined.-.1433              69.54%    passed     10.34%
1629  KJ544815.1.3669.undefined.-.757               83.91%    passed      6.41%
1630  KJ544816.1.3670.undefined.-.757               83.91%    passed      6.79%
1631  KJ544817.1.3671.undefined.-.757               83.91%    passed      8.57%
1632  KJ544818.1.3672.undefined.-.757               83.91%    failed      3.21%
1633  KJ544819.1.3673.undefined.-.757               83.91%    failed      2.61%
1634  KJ544820.1.3674.undefined.-.740               84.27%    passed      6.14%
1635  KJ544821.1.3675.undefined.-.759               83.86%    passed      6.18%
1636  KJ544822.1.3676.undefined.-.757               83.91%    failed      4.25%
1637  KJ544823.1.3677.undefined.-.757               83.91%    passed      5.93%
1638  KJ544824.1.3678.undefined.-.757               83.91%    failed      4.80%
1639  KJ544825.1.3679.undefined.-.757               83.91%    passed     11.31%
1640  KJ544826.1.3680.undefined.-.757               83.91%    passed     10.24%
1641  KJ544827.1.3681.undefined.-.757               83.91%    passed     10.24%
1642  KJ544828.1.3682.undefined.-.757               83.91%    passed      7.68%
1643  KJ544829.1.3683.undefined.-.757               83.91%    passed      8.96%
1644  KJ544830.1.3684.undefined.-.757               83.91%    passed     10.24%
1645  KJ544831.1.3685.undefined.-.756               83.93%    passed     17.49%
1646  KJ544832.1.3686.undefined.-.757               83.91%    passed     17.93%
1647  KJ544833.1.3687.undefined.-.756               83.93%    passed      8.30%
1648  KJ544834.1.3688.undefined.-.756               83.93%    failed      4.94%
1649  KJ544835.1.3689.undefined.-.756               83.93%    failed      2.87%
1650  KJ544836.1.3690.undefined.-.758               83.89%    passed      5.51%
1651  KJ544837.1.3691.undefined.-.756               83.93%    passed      8.30%
1652  KJ544838.1.3692.undefined.-.756               83.93%    failed      4.33%
1653  KJ544839.1.3693.undefined.-.756               83.93%    failed      4.94%
1654  KJ544840.1.3694.undefined.-.756               83.93%    failed      4.71%
1655  KJ544841.1.3695.undefined.-.757               83.91%    failed      4.01%
1656  KJ544842.1.3696.undefined.-.757               83.91%    failed      4.01%
1657  KJ544843.1.3697.undefined.-.756               83.93%    failed      4.94%
1658  KJ544844.1.3698.undefined.-.757               83.91%    passed     12.92%
1659  KJ544845.1.3699.undefined.-.756               83.93%    passed     20.15%
1660  KJ544846.1.3700.undefined.-.775               83.52%    passed     10.10%
1661  KJ544847.1.3701.undefined.-.757               83.91%    passed      7.68%
1662  KJ544848.1.3702.undefined.-.757               83.91%    failed      4.01%
1663  KJ544849.1.3703.undefined.-.757               83.91%    passed      8.09%
1664  KJ544850.1.3704.undefined.-.756               83.93%    passed      6.46%
1665  KJ544851.1.3705.undefined.-.756               83.93%    failed      3.97%
1666  KJ544852.1.3706.undefined.-.757               83.91%    failed      4.90%
1667  KJ544853.1.3707.undefined.-.757               83.91%    passed      7.23%
1668  KJ544854.1.3708.undefined.-.757               83.91%    passed     53.77%
1669  KJ544855.1.3709.undefined.-.756               83.93%    passed     11.21%
1670  KJ826465.1.3710.undefined.-.765               83.74%    failed      0.83%
1671  KJ826466.1.3711.undefined.-.1068              77.30%    failed      0.67%
1672  KM023750.1.3712.undefined.-.635               86.50%    failed      2.81%
1673  KM023751.1.3713.undefined.-.635               86.50%    failed      2.57%
1674  KM023752.1.3714.undefined.-.636               86.48%    passed      6.99%
1675  KM023753.1.3715.undefined.-.635               86.50%    passed      7.49%
1676  KM023754.1.3716.undefined.-.636               86.48%    failed      4.56%
1677  KM023755.1.3717.undefined.-.635               86.50%    failed      4.23%
1678  KM023756.1.3718.undefined.-.635               86.50%    failed      4.23%
1679  KM023757.1.3719.undefined.-.636               86.48%    passed      8.61%
1680  KM023758.1.3720.undefined.-.636               86.48%    passed      8.61%
1681  KM023759.1.3721.undefined.-.636               86.48%    passed      7.80%
1682  KM023760.1.3722.undefined.-.634               86.52%    failed      3.45%
1683  KM023761.1.3723.undefined.-.636               86.48%    passed      6.99%
1684  KM023762.1.3724.undefined.-.635               86.50%    failed      3.92%
1685  KM023763.1.3725.undefined.-.635               86.50%    failed      3.43%
1686  KM023764.1.3726.undefined.-.636               86.48%    passed      5.39%
1687  KM023765.1.3727.undefined.-.636               86.48%    passed      6.01%
1688  KM023766.1.3728.undefined.-.635               86.50%    failed      3.76%
1689  KM023767.1.3729.undefined.-.635               86.50%    failed      3.76%
1690  KM023768.2.3730.undefined.-.637               86.46%    passed      7.54%
1691  KM023769.1.3731.undefined.-.636               86.48%    passed      6.64%
1692  KM211972.1.3732.undefined.-.662               85.93%    failed      2.74%
1693  KM211973.1.3733.undefined.-.662               85.93%    failed      0.81%
1694  KM211974.1.3734.undefined.-.662               85.93%    failed      0.95%
1695  KM211975.1.3735.undefined.-.662               85.93%    failed      0.69%
1696  KM211976.1.3736.undefined.-.662               85.93%    failed      0.95%
1697  KM211977.1.3737.undefined.-.662               85.93%    failed      2.68%
1698  KM211978.1.3738.undefined.-.662               85.93%    failed      1.52%
1699  KM211979.1.3739.undefined.-.662               85.93%    failed      1.31%
1700  KM211980.1.3740.undefined.-.662               85.93%    failed      3.14%
1701  KM211981.1.3741.undefined.-.662               85.93%    failed      1.27%
1702  KM211982.1.3742.undefined.-.662               85.93%    failed      0.95%
1703  KM211983.1.3743.undefined.-.662               85.93%    failed      0.95%
1704  KM211984.1.3744.undefined.-.662               85.95%    failed      2.42%
1705  KM211985.1.3745.undefined.-.662               85.93%    failed      1.77%
1706  KM507348.1.3784.undefined.-.757               83.91%    failed      4.01%
1707  KM507349.1.3785.undefined.-.756               83.93%    passed      5.32%
1708  KM875549.1.3832.undefined.-.643               86.33%    failed      2.18%
1709  KM875550.1.3833.undefined.-.644               86.31%    failed      2.98%
1710  KM875551.1.3834.undefined.-.640               86.39%    failed      3.38%
1711  KM875552.1.3835.undefined.-.644               86.31%    failed      2.62%
1712  KP666062.1.3836.undefined.-.943               79.97%    failed      0.00%
1713  KP666063.1.3837.undefined.-.943               79.95%    failed      0.00%
1714  KP666064.1.3838.undefined.-.943               79.95%    failed      0.00%
1715  KP666065.1.3839.undefined.-.943               79.95%    failed      0.00%
1716  KP666066.1.3840.undefined.-.943               79.95%    failed      0.00%
1717  KP666067.1.3841.undefined.-.943               79.95%    failed      0.00%
1718  KP666068.1.3842.undefined.-.943               79.95%    failed      0.00%
1719  KP666069.1.3843.undefined.-.943               79.95%    failed      0.00%
1720  KP666070.1.3844.undefined.-.943               79.97%    failed      0.00%
1721  KP666071.1.3845.undefined.-.943               79.97%    failed      0.00%
1722  KP666072.1.3846.undefined.-.943               79.95%    failed      0.00%
1723  KP666073.1.3847.undefined.-.943               79.95%    failed      0.00%
1724  KP666074.1.3848.undefined.-.943               79.95%    failed      0.00%
1725  KP666075.1.3849.undefined.-.943               79.95%    failed      0.00%
1726  KP666076.1.3850.undefined.-.943               79.95%    failed      0.00%
1727  KP666077.1.3851.undefined.-.943               79.95%    failed      0.00%
1728  KP666078.1.3852.undefined.-.943               79.95%    failed      0.00%
1729  KP666079.1.3853.undefined.-.943               79.95%    failed      0.00%
1730  KP666080.1.3854.undefined.-.943               79.95%    failed      0.00%
1731  KP666081.1.3855.undefined.-.943               79.95%    failed      0.00%
1732  KP666082.1.3856.undefined.-.943               79.95%    failed      0.00%
1733  KP666083.1.3857.undefined.-.943               79.95%    failed      0.00%
1734  KP666084.1.3858.undefined.-.943               79.95%    failed      0.00%
1735  KP666085.1.3859.undefined.-.943               79.95%    failed      0.00%
1736  KP666086.1.3860.undefined.-.943               79.95%    failed      0.00%
1737  KP666087.1.3861.undefined.-.943               79.95%    failed      0.00%
1738  KP666088.1.3862.undefined.-.943               79.95%    failed      0.00%
1739  KR337594.1.3863.undefined.-.633               86.54%    passed      7.12%
1740  KR337595.1.3864.undefined.-.633               86.54%    failed      2.78%
1741  KR337596.1.3865.undefined.-.633               86.54%    passed      5.93%
1742  KR337597.1.3866.undefined.-.633               86.54%    failed      2.78%
1743  KR337598.1.3867.undefined.-.633               86.54%    failed      1.56%
1744  KR337599.1.3868.undefined.-.633               86.54%    passed      7.13%
1745  KR337600.1.3869.undefined.-.633               86.54%    passed      6.54%
1746  KR337601.1.3870.undefined.-.632               86.56%    failed      4.90%
1747  KR337602.1.3871.undefined.-.633               86.54%    failed      2.78%
1748  KR337603.1.3872.undefined.-.633               86.54%    failed      2.78%
1749  KR337604.1.3873.undefined.-.633               86.54%    failed      2.78%
1750  KR337605.1.3874.undefined.-.633               86.54%    passed      5.51%
1751  KR337606.1.3875.undefined.-.632               86.56%    failed      2.44%
1752  KR337607.1.3876.undefined.-.633               86.54%    failed      2.86%
1753  KR337608.1.3877.undefined.-.633               86.54%    failed      3.71%
1754  KR337609.1.3878.undefined.-.633               86.54%    failed      2.78%
1755  KR337610.1.3879.undefined.-.632               86.56%    passed      6.87%
1756  KR337611.1.3880.undefined.-.633               86.54%    passed      5.93%
1757  KR337612.1.3881.undefined.-.633               86.54%    failed      1.79%
1758  KR337613.1.3882.undefined.-.631               86.59%    failed      3.39%
1759  KR337614.1.3883.undefined.-.632               86.56%    failed      3.27%
1760  KR819400.1.3885.undefined.-.807               82.84%    failed      1.22%
1761  KT190712.1.3886.undefined.-.787               83.27%    failed      2.04%
1762  KT268313.1.3887.undefined.-.1059              77.49%    failed      3.15%
1763  KT268314.1.3888.undefined.-.1059              77.49%    failed      1.74%
1764  KT351453.1.3889.undefined.-.675               85.65%    failed      1.38%
1765  KT351454.1.3890.undefined.-.677               85.61%    failed      2.38%
1766  KT351455.1.3891.undefined.-.677               85.61%    failed      0.98%
1767  KT351456.1.3892.undefined.-.661               85.95%    failed      0.96%
1768  KT351457.1.3893.undefined.-.675               85.65%    failed      2.50%
1769  KT351458.1.3894.undefined.-.675               85.65%    failed      2.13%
1770  KT351459.1.3895.undefined.-.677               85.61%    failed      4.02%
1771  KT351460.1.3896.undefined.-.675               85.65%    failed      1.62%
1772  KT351461.1.3897.undefined.-.675               85.65%    failed      2.17%
1773  KT351462.1.3898.undefined.-.675               85.67%    failed      1.43%
1774  KT351463.1.3899.undefined.-.675               85.65%    failed      1.62%
1775  KT351464.1.3900.undefined.-.675               85.65%    failed      1.62%
1776  KT351465.1.3901.undefined.-.675               85.65%    failed      1.20%
1777  KT351466.1.3902.undefined.-.677               85.61%    failed      4.02%
1778  KT351467.1.3903.undefined.-.677               85.61%    failed      2.38%
1779  KT351468.1.3904.undefined.-.675               85.65%    failed      1.62%
1780  KT351469.1.3905.undefined.-.675               85.65%    failed      1.62%
1781  KT351470.1.3906.undefined.-.635               86.50%    failed      0.41%
1782  KT351471.1.3907.undefined.-.635               86.50%    failed      0.50%
1783  KT351472.1.3908.undefined.-.635               86.50%    failed      0.50%
1784  KT351473.1.3909.undefined.-.635               86.50%    failed      0.37%
1785  KT351474.1.3910.undefined.-.635               86.50%    failed      0.40%
1786  KT351475.1.3911.undefined.-.635               86.50%    failed      0.44%
1787  KT351476.1.3912.undefined.-.635               86.50%    failed      0.40%
1788  KT351477.1.3913.undefined.-.635               86.50%    failed      0.50%
1789  KT351478.1.3914.undefined.-.635               86.50%    failed      0.50%
1790  KT351479.1.3915.undefined.-.635               86.50%    failed      0.44%
1791  KT351480.1.3916.undefined.-.635               86.50%    failed      0.44%
1792  KT351481.1.3917.undefined.-.635               86.50%    failed      0.50%
1793  KT351482.1.3918.undefined.-.635               86.50%    failed      0.49%
1794  KT351483.1.3919.undefined.-.635               86.50%    failed      0.50%
1795  KT351484.1.3920.undefined.-.635               86.50%    failed      0.44%
1796  KT351485.1.3921.undefined.-.635               86.50%    failed      0.47%
1797  KT351486.1.3922.undefined.-.635               86.50%    failed      0.44%
1798  KT351487.1.3923.undefined.-.635               86.50%    failed      0.38%
1799  KT351488.1.3924.undefined.-.635               86.50%    failed      0.50%
1800  KT351489.1.3925.undefined.-.635               86.50%    failed      0.49%
1801  KT351490.1.3926.undefined.-.635               86.50%    failed      0.49%
1802  KT351491.1.3927.undefined.-.635               86.50%    failed      0.55%
1803  KT351492.1.3928.undefined.-.635               86.50%    failed      0.40%
1804  KT351493.1.3929.undefined.-.635               86.50%    failed      0.53%
1805  KT351494.1.3930.undefined.-.635               86.50%    failed      0.44%
1806  KT351495.1.3931.undefined.-.635               86.50%    failed      0.44%
1807  KT351496.1.3932.undefined.-.635               86.50%    failed      0.50%
1808  KT351497.1.3933.undefined.-.635               86.50%    failed      0.44%
1809  KT351498.1.3934.undefined.-.635               86.50%    failed      0.44%
1810  KT351499.1.3935.undefined.-.635               86.50%    failed      0.44%
1811  KT351500.1.3936.undefined.-.635               86.50%    failed      0.44%
1812  KT351501.1.3937.undefined.-.635               86.50%    failed      0.50%
1813  KT351502.1.3938.undefined.-.635               86.50%    failed      0.50%
1814  KT351503.1.3939.undefined.-.635               86.50%    failed      0.50%
1815  KT351504.1.3940.undefined.-.635               86.50%    failed      0.44%
1816  KT351505.1.3941.undefined.-.635               86.50%    failed      0.41%
1817  KT351506.1.3942.undefined.-.635               86.50%    failed      0.53%
1818  KT351507.1.3943.undefined.-.635               86.50%    failed      0.49%
1819  KT351508.1.3944.undefined.-.635               86.50%    failed      0.50%
1820  KT351509.1.3945.undefined.-.996               78.83%    failed      0.69%
1821  KT351510.1.3946.undefined.-.996               78.83%    failed      0.69%
1822  KT351511.1.3947.undefined.-.996               78.83%    failed      0.73%
1823  KT351512.1.3948.undefined.-.996               78.83%    failed      0.60%
1824  KT351513.1.3949.undefined.-.996               78.83%    failed      0.69%
1825  KT351514.1.3950.undefined.-.996               78.83%    failed      0.80%
1826  KT351515.1.3951.undefined.-.996               78.83%    failed      0.80%
1827  KT351516.1.3952.undefined.-.996               78.83%    failed      0.83%
1828  KT351517.1.3953.undefined.-.996               78.83%    failed      0.60%
1829  KT351518.1.3954.undefined.-.996               78.83%    failed      0.80%
1830  KT351519.1.3955.undefined.-.996               78.83%    failed      0.80%
1831  KT351520.1.3956.undefined.-.996               78.83%    failed      0.49%
1832  KT351521.1.3957.undefined.-.996               78.83%    failed      0.69%
1833  KT351522.1.3958.undefined.-.996               78.83%    failed      0.73%
1834  KT351523.1.3959.undefined.-.996               78.83%    failed      0.69%
1835  KT351524.1.3960.undefined.-.996               78.83%    failed      0.60%
1836  KT351525.1.3961.undefined.-.996               78.83%    failed      0.69%
1837  KT351526.1.3962.undefined.-.996               78.83%    failed      0.60%
1838  KT351527.1.3963.undefined.-.996               78.83%    failed      0.73%
1839  KT351528.1.3964.undefined.-.996               78.83%    failed      0.54%
1840  KT351529.1.3965.undefined.-.996               78.83%    failed      0.69%
1841  KT351530.1.3966.undefined.-.996               78.83%    failed      0.60%
1842  KT351531.1.3967.undefined.-.996               78.83%    failed      0.49%
1843  KT351532.1.3968.undefined.-.996               78.83%    failed      0.83%
1844  KT351533.1.3969.undefined.-.996               78.83%    failed      0.69%
1845  KT351534.1.3970.undefined.-.996               78.83%    failed      0.52%
1846  KT351535.1.3971.undefined.-.996               78.83%    failed      0.49%
1847  KT351536.1.3972.undefined.-.996               78.83%    failed      0.80%
1848  KT351537.1.3973.undefined.-.996               78.83%    failed      0.80%
1849  KT351538.1.3974.undefined.-.996               78.83%    failed      0.69%
1850  KT351539.1.3975.undefined.-.996               78.83%    failed      0.60%
1851  KT351540.1.3976.undefined.-.996               78.83%    failed      0.60%
1852  KT351541.1.3977.undefined.-.996               78.83%    failed      0.80%
1853  KT351542.1.3978.undefined.-.1052              77.64%    failed      1.83%
1854  KT351543.1.3979.undefined.-.1071              77.23%    failed      1.51%
1855  KT351544.1.3980.undefined.-.1071              77.23%    failed      2.28%
1856  KT351545.1.3981.undefined.-.894               80.99%    passed     15.94%
1857  KT351546.1.3982.undefined.-.894               80.99%    passed     24.99%
1858  KT351547.1.3983.undefined.-.894               80.99%    passed     15.94%
1859  KT351548.1.3984.undefined.-.894               80.99%    passed     13.29%
1860  KT351549.1.3985.undefined.-.894               80.99%    passed     15.94%
1861  KT351550.1.3986.undefined.-.894               80.99%    passed     15.94%
1862  KT351551.1.3987.undefined.-.894               80.99%    passed     18.42%
1863  KT351552.1.3988.undefined.-.894               80.99%    passed     16.72%
1864  KT351553.1.3989.undefined.-.894               80.99%    passed     16.72%
1865  KT351554.1.3990.undefined.-.894               80.99%    passed     15.94%
1866  KT351555.1.3991.undefined.-.894               80.99%    passed     15.94%
1867  KT351556.1.3992.undefined.-.894               80.99%    passed     18.42%
1868  KT351557.1.3993.undefined.-.894               80.99%    passed     15.94%
1869  KT351558.1.3994.undefined.-.894               80.99%    passed     15.94%
1870  KT351559.1.3995.undefined.-.894               80.99%    passed     16.72%
1871  KT351560.1.3996.undefined.-.894               80.99%    passed     13.66%
1872  KT351561.1.3997.undefined.-.894               80.99%    passed     15.94%
1873  KT351562.1.3998.undefined.-.894               80.99%    passed     15.94%
1874  KT351563.1.3999.undefined.-.894               80.99%    passed     15.94%
1875  KT351564.1.4000.undefined.-.894               80.99%    passed     15.94%
1876  KT351565.1.4001.undefined.-.1041              77.87%    failed      0.39%
1877  KT351566.1.4002.undefined.-.1041              77.87%    failed      0.51%
1878  KT351567.1.4003.undefined.-.1041              77.87%    failed      0.51%
1879  KT351568.1.4004.undefined.-.1041              77.87%    failed      0.51%
1880  KT351569.1.4005.undefined.-.1041              77.87%    failed      0.51%
1881  KT351570.1.4006.undefined.-.1005              78.64%    failed      0.89%
1882  KT351571.1.4007.undefined.-.1041              77.87%    failed      0.39%
1883  KT351572.1.4008.undefined.-.1041              77.87%    failed      0.51%
1884  KT351573.1.4009.undefined.-.1041              77.87%    failed      0.39%
1885  KT351574.1.4010.undefined.-.1041              77.87%    failed      0.39%
1886  KT351575.1.4011.undefined.-.1041              77.87%    failed      0.51%
1887  KT351576.1.4012.undefined.-.1041              77.87%    failed      0.51%
1888  KT351577.1.4013.undefined.-.1041              77.87%    failed      0.51%
1889  KT351578.1.4014.undefined.-.1041              77.87%    failed      0.51%
1890  KT351579.1.4015.undefined.-.1041              77.87%    failed      0.51%
1891  KT351580.1.4016.undefined.-.1041              77.87%    failed      0.39%
1892  KT351581.1.4017.undefined.-.1041              77.87%    failed      0.39%
1893  KT351582.1.4018.undefined.-.1041              77.87%    failed      0.51%
1894  KT351583.1.4019.undefined.-.1041              77.87%    failed      0.51%
1895  KT351584.1.4020.undefined.-.1041              77.87%    failed      0.34%
1896  KT351585.1.4021.undefined.-.1041              77.87%    failed      0.51%
1897  KT633522.1.4028.undefined.-.715               84.80%    failed      0.70%
1898  KT633523.1.4029.undefined.-.687               85.40%    passed      5.49%
1899  KT633524.1.4030.undefined.-.674               85.67%    passed     22.54%
1900  KT633527.1.4033.undefined.-.953               79.74%    failed      0.53%
1901  KT633528.1.4034.undefined.-.958               79.63%    failed      0.32%
1902  KT633529.1.4035.undefined.-.925               80.34%    failed      0.20%
1903  KT633530.1.4036.undefined.-.696               85.20%    failed      0.48%
1904  KT633531.1.4037.undefined.-.961               79.57%    failed      0.44%
1905  KT633532.1.4038.undefined.-.965               79.49%    failed      0.34%
1906  KT633533.1.4039.undefined.-.958               79.63%    failed      0.59%
1907  KT633534.1.4040.undefined.-.832               82.31%    failed      0.48%
1908  KT633535.1.4041.undefined.-.965               79.49%    failed      0.34%
1909  KT633536.1.4042.undefined.-.963               79.53%    failed      0.98%
1910  KU680619.1.4044.undefined.-.685               85.44%    passed      9.20%
1911  KU680620.1.4045.undefined.-.790               83.21%    passed     15.31%
1912  KU680621.1.4046.undefined.-.744               84.18%    failed      3.87%
1913  KU680622.1.4047.undefined.-.857               81.78%    passed     47.72%
1914  KU680623.1.4048.undefined.-.790               83.21%    passed     16.50%
1915  KU680624.1.4049.undefined.-.709               84.93%    passed     25.79%
1916  KU680625.1.4050.undefined.-.780               83.42%    passed     36.26%
1917  KU680626.1.4051.undefined.-.694               85.25%    passed      7.41%
1918  KU680627.1.4052.undefined.-.648               86.22%    passed      9.09%
1919  KU863539.1.4064.undefined.-.839               82.16%    passed     28.72%
1920  KX198736.1.4099.undefined.-.758               83.89%    passed     33.81%
1921  KX198738.1.4101.undefined.-.749               84.08%    passed     29.09%
1922  KX198739.1.4102.undefined.-.723               84.63%    passed     23.07%
1923  KX198741.1.4104.undefined.-.759               83.86%    passed     42.97%
1924  KX198742.1.4105.undefined.-.747               84.12%    passed     37.65%
1925  KX198743.1.4106.undefined.-.754               83.97%    passed     38.26%
1926  KX198744.1.4107.undefined.-.745               84.16%    passed     36.24%
1927  KX198745.1.4108.undefined.-.764               83.76%    passed     42.30%
1928  KX198746.1.4109.undefined.-.759               83.86%    passed     38.97%
1929  KY462188.1.4114.undefined.-.630               86.61%    failed      3.36%
1930  KY462189.1.4115.undefined.-.642               86.35%    failed      2.57%
1931  KY462190.1.4116.undefined.-.643               86.33%    failed      2.12%
1932  KY462191.1.4117.undefined.-.643               86.33%    failed      3.88%
1933  KY462193.1.4119.undefined.-.642               86.35%    failed      3.39%
1934  KY462194.1.4120.undefined.-.641               86.37%    failed      2.24%
1935  KY462195.1.4121.undefined.-.623               86.76%    failed      0.62%
1936  KY462196.1.4122.undefined.-.642               86.35%    failed      1.92%
1937  KY462197.1.4123.undefined.-.642               86.35%    failed      2.19%
1938  KY462198.1.4124.undefined.-.627               86.67%    failed      3.98%
1939  KY462199.1.4125.undefined.-.624               86.73%    passed      9.79%
1940  KY462200.1.4126.undefined.-.642               86.35%    failed      1.92%
1941  KY462201.1.4127.undefined.-.641               86.37%    failed      2.70%
1942  KY462202.1.4128.undefined.-.642               86.35%    failed      3.28%
1943  KY462203.1.4129.undefined.-.641               86.37%    failed      1.73%
1944  KY462204.1.4130.undefined.-.642               86.35%    failed      1.92%
1945  KY462205.1.4131.undefined.-.621               86.80%    failed      1.09%
1946  KY462206.1.4132.undefined.-.642               86.35%    failed      1.92%
1947  KY462207.1.4133.undefined.-.642               86.35%    failed      4.41%
1948  KY462208.1.4134.undefined.-.642               86.35%    failed      1.92%
1949  KY462209.1.4135.undefined.-.641               86.37%    failed      1.73%
1950  KY493192.1.4192.undefined.-.611               87.01%    failed      0.02%
1951  KY493196.1.4196.undefined.-.612               86.99%    failed      0.04%
1952  KY493205.1.4204.undefined.-.612               86.99%    failed      0.03%
1953  KY493209.1.4207.undefined.-.612               86.99%    failed      0.05%
1954  KY493210.1.4208.undefined.-.612               86.99%    failed      0.04%
1955  KY493215.1.4213.undefined.-.611               87.01%    failed      0.04%
1956  KY493217.1.4215.undefined.-.612               86.99%    failed      0.04%
1957  KY493219.1.4217.undefined.-.612               86.99%    failed      0.10%
1958  KY493225.1.4223.undefined.-.612               86.99%    failed      0.01%
1959  KY493232.1.4230.undefined.-.611               87.01%    failed      0.13%
1960  KY493234.1.4232.undefined.-.612               86.99%    failed      0.51%
1961  KY493236.1.4234.undefined.-.612               86.99%    failed      0.51%
1962  KY493237.1.4235.undefined.-.612               86.99%    failed      0.51%
1963  KY510690.1.4239.undefined.-.643               86.33%    failed      2.84%
1964  KY510691.1.4240.undefined.-.642               86.35%    failed      1.72%
1965  L02533.1.4253.undefined.mel1.1392             70.41%    failed      0.58%
1966  L06853.1.4257.undefined.-.784                 83.33%    passed     24.14%
1967  L06855.1.4259.undefined.-.1024                78.23%    failed      0.10%
1968  L06857.1.4261.undefined.-.721                 84.67%    passed     30.05%
1969  L06859.1.4263.undefined.-.1024                78.23%    failed      0.14%
1970  L13774.1.4273.undefined.-.939                 80.04%    failed      0.00%
1971  L13776.1.4275.undefined.-.624                 86.73%    failed      0.94%
1972  L26585.1.4283.undefined.2030.940              80.02%    failed      0.00%
1973  L26586.1.4284.undefined.2313.940              80.02%    failed      0.00%
1974  L33265.1.4295.undefined.2315.940              80.02%    failed      0.00%
1975  L33266.1.4296.undefined.2316.940              80.02%    failed      0.00%
1976  L41677.1.4340.undefined.-.651                 86.16%    failed      0.11%
1977  L42225.1.4344.undefined.KUW-3.704             85.03%    failed      2.45%
1978  L42253.1.4345.undefined.KUW-1.704             85.03%    failed      2.13%
1979  L42255.1.4347.undefined.KUW-2.704             85.03%    failed      2.45%
1980  L42507.1.4350.undefined.-.626                 86.69%    passed     10.33%
1981  L42508.1.4351.undefined.-.624                 86.73%    passed     10.04%
1982  L42509.1.4352.undefined.-.625                 86.71%    passed     15.41%
1983  L42510.1.4353.undefined.-.625                 86.71%    passed      9.28%
1984  L76025.1.4410.undefined.-.754                 83.97%    passed      8.41%
1985  L76026.1.4411.undefined.-.754                 83.97%    passed      6.25%
1986  L76027.1.4412.undefined.-.755                 83.95%    passed      9.48%
1987  L76028.1.4413.undefined.-.754                 83.97%    passed     11.31%
1988  L76029.1.4414.undefined.-.753                 83.99%    passed      6.96%
1989  L76030.1.4415.undefined.-.754                 83.97%    passed      8.99%
1990  L76034.1.4416.undefined.-.756                 83.93%    passed      6.50%
1991  L76039.2.4417.undefined.2420                  83.21%    failed      0.14%
1992  L76040.1.4418.undefined.Patient               80.02%    failed      0.00%
1993  L76041.2.4419.undefined.Patient               80.02%    failed      0.00%
1994  L76042.2.4420.undefined.2704.940              80.02%    failed      0.00%
1995  L76043.2.4421.undefined.Patient               80.02%    failed      0.00%
1996  L76044.2.4422.undefined.Patient               80.02%    failed      0.00%
1997  L76045.2.4423.undefined.Patient               80.02%    failed      0.00%
1998  L76046.2.4424.undefined.Patient               80.02%    failed      0.00%
1999  L76047.2.4425.undefined.Patient               80.02%    failed      0.00%
2000  L76048.2.4426.undefined.2011.940              80.02%    failed      0.00%
2001  L76049.2.4427.undefined.2014.940              80.02%    failed      0.00%
2002  L76050.2.4428.undefined.2031.940              80.02%    failed      0.00%
2003  L76051.1.4429.undefined.2032.940              80.02%    failed      0.00%
2004  L76052.2.4430.undefined.2036.940              80.02%    failed      0.00%
2005  L76053.2.4431.undefined.2037.940              80.02%    failed      0.00%
2006  L76054.2.4432.undefined.2049.940              80.02%    failed      0.00%
2007  L76055.1.4433.undefined.2052.940              80.02%    failed      0.00%
2008  L76056.2.4434.undefined.2055.940              80.02%    failed      0.00%
2009  L76057.2.4435.undefined.2056.940              80.02%    failed      0.00%
2010  L76058.2.4436.undefined.2058.940              80.02%    failed      0.00%
2011  L76059.2.4437.undefined.2060.940              80.02%    failed      0.00%
2012  L76060.2.4438.undefined.2071.940              80.02%    failed      0.00%
2013  L76061.2.4439.undefined.2072.940              80.02%    failed      0.00%
2014  L76062.2.4440.undefined.-.940                 80.02%    failed      0.00%
2015  L76063.2.4441.undefined.-.940                 80.02%    failed      0.00%
2016  L76064.2.4442.undefined.-.940                 80.02%    failed      0.00%
2017  L76065.2.4443.undefined.-.940                 80.02%    failed      0.00%
2018  L76066.2.4444.undefined.2085.940              80.02%    failed      0.00%
2019  L76067.2.4445.undefined.2086.940              80.02%    failed      0.00%
2020  L76068.2.4446.undefined.-.940                 80.02%    failed      0.00%
2021  L76069.1.4447.undefined.2091.930              80.23%    failed      0.00%
2022  L76070.1.4448.undefined.2092.930              80.23%    failed      0.00%
2023  L76071.1.4449.undefined.2093.930              80.23%    failed      0.00%
2024  L76072.1.4450.undefined.2097.940              80.02%    failed      0.00%
2025  L76073.2.4451.undefined.-.940                 80.02%    failed      0.00%
2026  L76074.2.4452.undefined.-.940                 80.02%    failed      0.00%
2027  L76075.2.4453.undefined.-.940                 80.02%    failed      0.00%
2028  L76076.2.4454.undefined.-.940                 80.02%    failed      0.00%
2029  L76305.1.4455.undefined.T49.755               83.95%    passed     16.18%
2030  L76306.1.4456.undefined.StDen.755             83.95%    passed     17.17%
2031  L76307.1.4457.undefined.PH236.756             83.93%    passed     12.17%
2032  L76308.1.4458.undefined.H24.758               83.89%    passed     16.39%
2033  L76309.1.4459.undefined.12503.757             83.91%    passed     22.57%
2034  L76310.1.4460.undefined.pyg19.756             83.93%    passed     15.15%
2035  L76311.1.4461.undefined.GAB7.756              83.93%    passed     37.04%
2036  L76312.1.4462.undefined.H23.756               83.93%    passed     10.83%
2037  L77212.1.4465.undefined.afs911.754            83.97%    failed      4.71%
2038  L77235.1.4466.undefined.-.718                 84.74%    failed      3.36%
2039  L77236.1.4467.undefined.-.718                 84.74%    failed      3.36%
2040  L77237.1.4468.undefined.-.718                 84.74%    failed      2.68%
2041  L77238.1.4469.undefined.-.718                 84.74%    failed      3.99%
2042  L77239.1.4470.undefined.-.718                 84.74%    failed      2.84%
2043  L77240.1.4471.undefined.-.718                 84.74%    failed      2.68%
2044  L77241.1.4472.undefined.-.718                 84.74%    failed      2.68%
2045  L77242.1.4473.undefined.-.718                 84.74%    failed      3.80%
2046  L77243.1.4474.undefined.-.717                 84.76%    failed      2.36%
2047  L77244.1.4475.undefined.-.717                 84.76%    failed      2.84%
2048  M13810.1.4623.undefined.HTLV1C.834            82.27%    failed      0.44%
2049  M27499.1.4629.undefined.-.768                 83.67%    failed      0.00%
2050  M37299.1.4632.undefined.H5.780                83.42%    passed      5.16%
2051  M37300.1.4633.undefined.H5.702                85.08%    failed      0.85%
2052  M37303.1.4635.undefined.-.1059                77.49%    failed      2.26%
2053  M61048.1.4637.undefined.HUT102.640            86.39%    failed      1.47%
2054  M61049.1.4638.undefined.JA-1.640              86.39%    failed      2.87%
2055  M61050.1.4639.undefined.JA-2.640              86.39%    failed      2.60%
2056  M61051.1.4640.undefined.HUT102.640            86.39%    failed      3.28%
2057  M61052.1.4641.undefined.AF-1.640              86.39%    failed      0.32%
2058  M61053.1.4642.undefined.AF-2.640              86.39%    failed      0.32%
2059  M61054.1.4643.undefined.AF-3.640              86.39%    failed      1.01%
2060  M61055.1.4644.undefined.AF-4.640              86.39%    failed      0.43%
2061  M61056.1.4645.undefined.AF-5.640              86.39%    failed      0.75%
2062  M61057.1.4646.undefined.AF-6.640              86.39%    failed      0.83%
2063  M61058.1.4647.undefined.MT-2.640              86.39%    failed      2.12%
2064  M61059.1.4648.undefined.ATK-1.640             86.39%    failed      3.85%
2065  M63881.1.4649.undefined.-.956                 79.68%    failed      0.68%
2066  M63882.1.4650.undefined.-.956                 79.68%    failed      1.26%
2067  M63883.1.4651.undefined.-.956                 79.68%    failed      0.80%
2068  M63884.1.4652.undefined.-.956                 79.68%    failed      0.72%
2069  M63885.1.4653.undefined.-.915                 80.55%    failed      1.24%
2070  M63886.1.4654.undefined.-.956                 79.68%    failed      0.43%
2071  M64263.1.4655.undefined.US-1.640              86.39%    failed      1.29%
2072  M64264.1.4656.undefined.US-2.640              86.39%    failed      3.98%
2073  M81248.1.4669.undefined.-.755                 83.95%    passed      5.43%
2074  M85207.1.4670.undefined.-.627                 86.67%    failed      2.50%
2075  M85226.1.4671.undefined.-.631                 86.59%    passed     81.74%
2076  MF084788.1.4707.undefined.-.705               85.01%    failed      1.09%
2077  MF084789.1.4708.undefined.-.709               84.93%    failed      0.58%
2078  MF084790.1.4709.undefined.-.1015              78.42%    failed      0.06%
2079  MF084791.1.4710.undefined.-.703               85.06%    failed      0.60%
2080  MF084792.1.4711.undefined.-.703               85.06%    failed      0.79%
2081  MF084793.1.4712.undefined.-.1015              78.42%    failed      0.05%
2082  MF084794.1.4713.undefined.-.696               85.20%    failed      0.76%
2083  MF084795.1.4714.undefined.-.704               85.03%    failed      0.89%
2084  MF084796.1.4715.undefined.-.1002              78.70%    failed      0.14%
2085  MF084797.1.4716.undefined.-.1002              78.70%    failed      0.07%
2086  MF084798.1.4717.undefined.-.1010              78.53%    failed      0.08%
2087  MF084799.1.4718.undefined.-.1015              78.42%    failed      0.07%
2088  MF084800.1.4719.undefined.-.1017              78.38%    failed      0.10%
2089  MF084801.1.4720.undefined.-.696               85.20%    failed      1.06%
2090  MF084802.1.4721.undefined.-.1015              78.42%    failed      0.06%
2091  MF084803.1.4722.undefined.-.1015              78.42%    failed      0.05%
2092  MF084804.1.4723.undefined.-.1015              78.42%    failed      0.08%
2093  MF084805.1.4724.undefined.-.1015              78.42%    failed      0.07%
2094  MF084806.1.4725.undefined.-.703               85.06%    failed      0.64%
2095  MF084807.1.4726.undefined.-.706               84.99%    failed      0.59%
2096  MF084808.1.4727.undefined.-.1011              78.51%    failed      0.06%
2097  MF084809.1.4728.undefined.-.696               85.20%    failed      0.65%
2098  MF084810.1.4729.undefined.-.1009              78.55%    failed      0.08%
2099  MF084811.1.4730.undefined.-.696               85.20%    failed      1.07%
2100  MF084812.1.4731.undefined.-.1011              78.51%    failed      0.05%
2101  MF084813.1.4732.undefined.-.700               85.12%    failed      1.17%
2102  MF084814.1.4733.undefined.-.696               85.20%    failed      1.06%
2103  MF084815.1.4734.undefined.-.711               84.89%    failed      1.01%
2104  MF084816.1.4735.undefined.-.696               85.20%    failed      0.97%
2105  MF084817.1.4736.undefined.-.959               79.61%    failed      0.01%
2106  MF084818.1.4737.undefined.-.696               85.20%    failed      0.77%
2107  MF084819.1.4738.undefined.-.1015              78.42%    failed      0.05%
2108  MF084820.1.4739.undefined.-.696               85.20%    failed      0.96%
2109  MF084821.1.4740.undefined.-.703               85.06%    failed      0.60%
2110  MF084822.1.4741.undefined.-.696               85.20%    failed      0.97%
2111  MF084823.1.4742.undefined.-.696               85.20%    failed      1.09%
2112  MF084824.1.4743.undefined.-.1002              78.70%    failed      0.05%
2113  MF084825.1.4744.undefined.-.696               85.20%    failed      1.71%
2114  MF116105.1.4745.undefined.-.1290              72.58%    failed      0.00%
2115  MF116106.1.4746.undefined.-.1311              72.13%    failed      0.00%
2116  MF116107.1.4747.undefined.-.1079              77.06%    failed      0.16%
2117  MF384328.1.4748.undefined.-.755               83.95%    failed      1.70%
2118  MF384330.1.4750.undefined.-.716               84.78%    failed      0.37%
2119  MF384335.1.4755.undefined.-.603               87.18%    failed      1.70%
2120  MF384337.1.4757.undefined.-.616               86.90%    failed      2.13%
2121  MF384338.1.4758.undefined.-.616               86.90%    failed      2.46%
2122  MF384339.1.4759.undefined.-.616               86.90%    failed      1.12%
2123  MF384340.1.4760.undefined.-.616               86.90%    failed      3.31%
2124  MF384343.1.4763.undefined.-.638               86.44%    failed      3.92%
2125  MF384344.1.4764.undefined.-.616               86.90%    failed      4.20%
2126  MF384345.1.4765.undefined.-.616               86.90%    failed      2.46%
2127  MF384347.1.4767.undefined.-.759               83.86%    failed      2.40%
2128  MF384348.1.4768.undefined.-.603               87.18%    passed      5.45%
2129  MF384349.1.4769.undefined.-.610               87.03%    failed      1.32%
2130  MF384352.1.4772.undefined.-.616               86.90%    failed      1.56%
2131  MF384356.1.4776.undefined.-.616               86.90%    failed      1.16%
2132  MF384358.1.4778.undefined.-.769               83.65%    failed      1.28%
2133  MF384363.1.4783.undefined.-.768               83.67%    failed      1.29%
2134  MF384365.1.4785.undefined.-.768               83.67%    failed      1.43%
2135  MF384367.1.4787.undefined.-.768               83.67%    failed      1.16%
2136  MF384368.1.4788.undefined.-.603               87.18%    failed      1.13%
2137  MF384369.1.4789.undefined.-.616               86.90%    failed      1.56%
2138  S67443.1.4799.undefined.B301.1080             77.04%    failed      4.48%
2139  S67545.1.4800.undefined.-.1470                68.75%    failed      0.49%
2140  S69268.1.4807.undefined.-.1065                77.36%    failed      0.08%
2141  S76263.1.4810.undefined.HE.700                85.12%    passed      5.17%
2142  U10252.1.4835.undefined.-.668                 85.80%    passed     19.75%
2143  U10253.1.4836.undefined.-.623                 86.76%    passed     11.37%
2144  U10254.1.4837.undefined.-.624                 86.73%    failed      4.14%
2145  U10255.1.4838.undefined.-.625                 86.71%    passed      7.29%
2146  U10256.1.4839.undefined.-.666                 85.84%    passed     13.26%
2147  U10257.1.4840.undefined.-.623                 86.76%    passed      6.73%
2148  U10258.1.4841.undefined.-.625                 86.71%    passed     13.36%
2149  U10259.1.4842.undefined.-.640                 86.39%    passed      5.78%
2150  U10260.1.4843.undefined.-.626                 86.69%    passed      9.06%
2151  U10261.1.4844.undefined.-.642                 86.35%    passed      9.61%
2152  U10262.1.4845.undefined.-.626                 86.69%    passed     12.88%
2153  U10263.1.4846.undefined.-.625                 86.71%    passed     15.37%
2154  U10264.1.4847.undefined.-.625                 86.71%    passed      8.88%
2155  U10265.1.4848.undefined.-.625                 86.71%    passed     11.19%
2156  U10266.1.4849.undefined.-.623                 86.76%    passed      7.37%
2157  U12792.1.4871.undefined.-.729                 84.50%    failed      2.54%
2158  U12794.1.4873.undefined.-.794                 83.12%    failed      1.87%
2159  U12804.1.4875.undefined.BO.740                84.27%    failed      2.76%
2160  U12805.1.4876.undefined.OD.739                84.29%    failed      3.61%
2161  U12806.1.4877.undefined.Pr                    84.25%    failed      4.72%
2162  U12807.1.4878.undefined.Pr                    84.29%    failed      4.45%
2163  U19109.1.4887.undefined.-.631                 86.59%    passed     70.95%
2164  U19110.1.4888.undefined.-.631                 86.59%    passed     75.54%
2165  U32552.1.4898.undefined.BCI1-2.693            85.27%    failed      1.23%
2166  U32553.1.4899.undefined.BCI3-1.663            85.91%    failed      0.32%
2167  U32554.1.4900.undefined.BCI2-1.1365           70.98%    failed      3.81%
2168  U32555.1.4901.undefined.-.663                 85.91%    failed      0.48%
2169  U32555.1                                      85.88%    failed      0.47%
2170  U32556.1.4903.undefined.BCI1-2.1365           70.98%    failed      3.59%
2171  U32557.1.4904.undefined.BCI2-1.694            85.25%    failed      2.35%
2172  U32558.1.4905.undefined.BCI4-1.663            85.91%    failed      0.62%
2173  U32872.1.4907.undefined.-.1133                75.91%    failed      0.59%
2174  U32873.1.4908.undefined.-.1133                75.91%    failed      0.67%
2175  U32874.1.4909.undefined.-.1133                75.91%    failed      0.44%
2176  U32875.1.4910.undefined.-.1133                75.91%    failed      0.44%
2177  U32880.1.4915.undefined.-.1133                75.91%    failed      0.60%
2178  U32882.1.4917.undefined.-.1133                75.91%    failed      0.60%
2179  U32895.1.4930.undefined.-.631                 86.59%    passed     75.34%
2180  U32896.1.4931.undefined.-.631                 86.59%    passed     75.34%
2181  U32897.1.4932.undefined.-.631                 86.59%    passed     75.34%
2182  U32898.1.4933.undefined.-.631                 86.59%    passed     70.56%
2183  U32899.1.4934.undefined.-.631                 86.59%    passed     70.56%
2184  U32900.1.4935.undefined.-.631                 86.59%    passed     81.87%
2185  U32901.1.4936.undefined.-.631                 86.59%    passed     69.36%
2186  U32902.1.4937.undefined.-.631                 86.59%    passed     81.74%
2187  U32903.1.4938.undefined.-.631                 86.59%    passed     69.36%
2188  U32904.1.4939.undefined.-.631                 86.59%    passed     81.74%
2189  U32905.1.4940.undefined.-.631                 86.59%    passed     69.36%
2190  U32906.1.4941.undefined.-.631                 86.59%    passed     81.74%
2191  U33889.1.4942.undefined.-.780                 83.42%    failed      2.04%
2192  U33890.1.4943.undefined.-.780                 83.42%    failed      1.53%
2193  U33891.1.4944.undefined.-.780                 83.42%    failed      2.04%
2194  U33892.1.4945.undefined.-.780                 83.42%    failed      1.43%
2195  U33893.1.4946.undefined.-.780                 83.42%    failed      1.57%
2196  U33894.1.4947.undefined.-.780                 83.42%    failed      1.57%
2197  U33895.1.4948.undefined.-.780                 83.42%    failed      1.17%
2198  U33896.1.4949.undefined.-.779                 83.44%    failed      1.28%
2199  U33897.1.4950.undefined.-.780                 83.42%    failed      1.81%
2200  U33898.1.4951.undefined.-.780                 83.42%    failed      1.46%
2201  U33899.1.4952.undefined.-.780                 83.42%    failed      1.06%
2202  U33900.1.4953.undefined.-.780                 83.42%    failed      1.81%
2203  U33901.1.4954.undefined.-.780                 83.42%    failed      0.46%
2204  U33902.1.4955.undefined.-.780                 83.42%    failed      0.57%
2205  U33903.1.4956.undefined.-.780                 83.42%    failed      1.01%
2206  U33904.1.4957.undefined.-.780                 83.42%    failed      1.02%
2207  U33905.1.4958.undefined.-.780                 83.42%    failed      0.90%
2208  U33906.1.4959.undefined.-.780                 83.42%    failed      1.13%
2209  U33907.1.4960.undefined.-.780                 83.42%    failed      1.08%
2210  U33908.1.4961.undefined.-.780                 83.42%    failed      1.37%
2211  U33909.1.4962.undefined.-.780                 83.42%    failed      1.53%
2212  U33910.1.4963.undefined.-.780                 83.42%    failed      1.47%
2213  U33911.1.4964.undefined.-.780                 83.42%    failed      1.47%
2214  U33912.1.4965.undefined.-.780                 83.42%    failed      1.47%
2215  U33913.1.4966.undefined.-.780                 83.42%    failed      1.47%
2216  U60903.1.5059.undefined.BRS.613               86.97%    failed      2.20%
2217  U60904.1.5060.undefined.BSD.613               86.97%    failed      2.12%
2218  U60905.1.5061.undefined.BTL.613               86.97%    failed      2.99%
2219  U60906.1.5062.undefined.CFK.613               86.97%    failed      2.15%
2220  U60907.1.5063.undefined.CJC.613               86.97%    failed      2.16%
2221  U60908.1.5064.undefined.CL.613                86.97%    failed      2.16%
2222  U60909.1.5065.undefined.CML.613               86.97%    failed      2.56%
2223  U60910.1.5066.undefined.CMT.613               86.97%    failed      2.51%
2224  U60911.1.5067.undefined.CSL.613               86.97%    failed      2.34%
2225  U60912.1.5068.undefined.FIT.613               86.97%    failed      2.12%
2226  U60913.1.5069.undefined.GHC.613               86.97%    failed      1.64%
2227  U60914.1.5070.undefined.HH.613                86.97%    failed      3.72%
2228  U60915.1.5071.undefined.IJL.613               86.97%    failed      2.20%
2229  U60916.1.5072.undefined.IJW.613               86.97%    failed      2.26%
2230  U60917.1.5073.undefined.IMJ.613               86.97%    failed      2.56%
2231  U60918.1.5074.undefined.ISI.613               86.97%    failed      2.55%
2232  U60919.1.5075.undefined.JMC.613               86.97%    failed      2.51%
2233  U60920.1.5076.undefined.JMCC.613              86.97%    failed      2.99%
2234  U60921.1.5077.undefined.JPL.613               86.97%    failed      2.55%
2235  U60922.1.5078.undefined.JTH.613               86.97%    failed      2.34%
2236  U60923.1.5079.undefined.KNS.613               86.97%    failed      2.68%
2237  U60924.1.5080.undefined.LCC.613               86.97%    failed      2.99%
2238  U60925.1.5081.undefined.LMW.613               86.97%    failed      2.99%
2239  U60926.1.5082.undefined.LSC.613               86.97%    failed      2.34%
2240  U60927.1.5083.undefined.ML.613                86.97%    failed      1.71%
2241  U60928.1.5084.undefined.MLS.613               86.97%    failed      2.34%
2242  U60929.1.5085.undefined.MS.613                86.97%    failed      1.91%
2243  U60930.1.5086.undefined.MSH.613               86.97%    failed      2.75%
2244  U60931.1.5087.undefined.PH.613                86.97%    failed      2.26%
2245  U60932.1.5088.undefined.RMS.613               86.97%    failed      1.91%
2246  U60933.1.5089.undefined.SIL.613               86.97%    failed      2.99%
2247  U60934.1.5090.undefined.SJL.613               86.97%    failed      2.56%
2248  U60935.1.5091.undefined.SU603.613             86.97%    failed      2.99%
2249  U60936.1.5092.undefined.THY.613               86.97%    failed      2.34%
2250  U60937.1.5093.undefined.TSS.613               86.97%    failed      2.99%
2251  U60938.1.5094.undefined.TST.613               86.97%    failed      2.36%
2252  U60939.1.5095.undefined.WSC.613               86.97%    failed      2.75%
2253  U60940.1.5096.undefined.YL1112.613            86.97%    failed      2.99%
2254  U60941.1.5097.undefined.YL197.613             86.97%    failed      2.15%
2255  U60942.1.5098.undefined.YL755.613             86.97%    failed      2.56%
2256  U73008.1.5113.undefined.-.626                 86.69%    passed      6.15%
2257  U73009.1.5114.undefined.-.626                 86.69%    passed     11.03%
2258  U73010.1.5115.undefined.-.625                 86.71%    passed      8.22%
2259  U73011.1.5116.undefined.-.627                 86.67%    passed      7.38%
2260  U73012.1.5117.undefined.-.626                 86.69%    passed      9.87%
2261  U73013.1.5118.undefined.-.626                 86.69%    passed     12.54%
2262  U73014.1.5119.undefined.-.626                 86.69%    passed      5.82%
2263  U73015.1.5120.undefined.-.626                 86.69%    passed      8.38%
2264  U73016.1.5121.undefined.-.626                 86.69%    passed      5.26%
2265  U73017.1.5122.undefined.-.627                 86.67%    passed     10.74%
2266  U73018.1.5123.undefined.-.626                 86.69%    failed      4.26%
2267  U73019.1.5124.undefined.-.627                 86.67%    passed      8.05%
2268  U73020.1.5125.undefined.-.627                 86.67%    passed      8.05%
2269  U73021.1.5126.undefined.-.626                 86.69%    passed      8.16%
2270  U73022.1.5127.undefined.-.628                 86.65%    passed     11.16%
2271  U81862.1.5172.undefined.H990.1467             68.81%    failed      1.94%
2272  U81863.1.5173.undefined.Pt18ATL.1467          68.81%    failed      1.78%
2273  U81864.1.5174.undefined.pt1ATL.1467           68.81%    failed      1.59%
2274  U81865.1.5175.undefined.pt12ATL.1467          68.81%    failed      2.40%
2275  U81866.1.5176.undefined.pt3ATL.1467           68.81%    failed      2.99%
2276  U81867.1.5177.undefined.pt5ATL.1467           68.81%    failed      2.23%
2277  U81868.1.5178.undefined.pt8ATL.1467           68.81%    failed      1.49%
2278  U81869.1.5179.undefined.pt9ATL.1467           68.81%    failed      2.26%
2279  U87260.1.5180.undefined.IRN-1.704             85.03%    failed      2.12%
2280  U87261.1.5181.undefined.IRN-2.704             85.03%    failed      1.86%
2281  U87262.1.5182.undefined.IRN-4.704             85.03%    failed      2.12%
2282  U87263.1.5183.undefined.SAS.704               85.03%    failed      2.12%
2283  U87264.1.5184.undefined.Abl.A.704             85.03%    failed      1.39%
2284  X04800.1.5192.undefined.-.708                 84.95%    failed      1.01%
2285  X06392.1.5194.undefined.-.879                 81.31%    failed      0.00%
2286  X15951.1.5196.undefined.MT-2.1290             72.58%    failed      0.01%
2287  X56949.2.5197.undefined.MT-2.1467             68.81%    failed      1.81%
2288  X83117.1.5213.undefined.ITIS.709              84.93%    failed      0.23%
2289  X83118.1.5214.undefined.MOMS.709              84.93%    failed      0.22%
2290  X83119.1.5215.undefined.MWMG.709              84.93%    failed      0.16%
2291  X88871.1.5216.undefined.-.754                 83.97%    passed      5.46%
2292  X88872.1.5217.undefined.-.760                 83.84%    passed      5.64%
2293  X88873.1.5218.undefined.-.754                 83.97%    failed      2.93%
2294  X88874.1.5219.undefined.-.755                 83.95%    passed      6.93%
2295  X88875.1.5220.undefined.-.754                 83.97%    failed      2.93%
2296  X88876.1.5221.undefined.-.754                 83.97%    passed      5.11%
2297  X88877.1.5222.undefined.-.754                 83.97%    failed      2.73%
2298  X91888.1.5232.undefined.-.639                 86.42%    failed      1.05%
2299  X91987.1.5233.undefined.-.1407                70.09%    passed      5.45%
2300  Y09147.1.5234.undefined.-.860                 81.72%    passed     15.36%
2301  Y09148.1.5235.undefined.-.848                 81.97%    passed     12.38%
2302  Y09149.1.5236.undefined.-.766                 83.72%    failed      0.77%
2303  Y09150.1.5237.undefined.-.766                 83.72%    failed      0.65%
2304  Y09151.1.5238.undefined.-.765                 83.74%    failed      1.01%
2305  Y09152.1.5239.undefined.-.765                 83.74%    failed      0.45%
2306  Y09153.1.5240.undefined.-.765                 83.74%    failed      0.93%
2307  Y09154.1.5241.undefined.-.765                 83.74%    failed      1.09%
2308  Y09155.1.5242.undefined.-.765                 83.74%    failed      0.78%
2309  Y15077.1.5245.undefined.-.993                 78.89%    failed      1.29%
2310  Y15078.1.5246.undefined.-.993                 78.89%    failed      0.64%
2311  Y15956.1.5247.undefined.CMC.1309              72.17%    failed      1.52%
2312  Y15957.1.5248.undefined.HKN.1309              72.17%    failed      1.15%
2313  Y15959.1.5250.undefined.MASU.1309             72.17%    failed      2.00%
2314  Y15961.1.5252.undefined.MWSA.1297             72.43%    failed      2.87%
2315  Y16475.1.5253.undefined.Qu1.Peru.756          83.91%    failed      3.52%
2316  Y16476.1.5254.undefined.Qu2.Peru.756          83.93%    failed      1.95%
2317  Y16477.1.5255.undefined.Qu3.Peru.756          83.93%    failed      1.79%
2318  Y16478.1.5256.undefined.Me1.Peru.757          83.93%    failed      3.25%
2319  Y16479.2.5257.undefined.Me2.Peru.759          83.86%    failed      2.54%
2320  Y16480.1.5258.undefined.Me3.Peru.757          83.89%    passed      5.85%
2321  Y16481.1.5259.undefined.Bl1.Peru.757          83.93%    failed      4.63%
2322  Y16482.2.5260.undefined.Bl2.Peru.755          83.95%    failed      2.92%
2323  Y16483.1.5261.undefined.Bl3.Peru.757          83.91%    passed      5.50%
2324  Y16484.1.5262.undefined.Ni1.Peru.757          83.91%    passed      8.09%
2325  Y16485.1.5263.undefined.Ni3.Peru.757          83.91%    passed      7.23%
2326  Y16487.2.5265.undefined.Ni2.Peru.757          83.91%    passed      6.63%
2327  Y17014.1.5276.undefined.Efe1.757              83.91%    passed      8.18%
2328  Y17015.1.5277.undefined.-.743                 84.20%    passed     12.63%
2329  Y17016.1.5278.undefined.-.745                 84.16%    passed     35.67%
2330  Y17017.1.5279.undefined.-.746                 84.14%    passed      7.94%
2331  Y17018.1.5280.undefined.-.745                 84.16%    passed     23.81%
2332  Y17019.1.5281.undefined.-.757                 83.91%    passed     47.28%
2333  Z31659.1.5291.undefined.-.755                 83.95%    passed      9.53%
2334  Z31660.1.5292.undefined.-.756                 83.93%    passed      6.06%
2335  Z31661.1.5293.undefined.-.756                 83.93%    passed      9.94%
2336  Z31662.1.5294.undefined.-.756                 83.93%    passed     12.08%
2337  Z32527.1.5295.undefined.-.755                 83.95%    passed     10.57%
2338  Z46838.1.5297.undefined.-.712                 84.86%    passed      9.05%
2339  Z46888.1.5298.undefined.-.713                 84.84%    passed      6.87%
WARNING: 2339 sequences contain more than 50% gaps/ambiguity
****  TOTAL                                         81.43%  1848 sequences failed composition chi2 test (p-value<5%; df=3)
NOTE: AB036367.1.52.undefined.HAM64.1080 is identical to AB036346.1.31.undefined.-.1080 but kept for subsequent analysis
NOTE: AB036374.1.59.undefined.ATL14.1079 is identical to AB036347.1.32.undefined.-.1079 but kept for subsequent analysis
NOTE: AB036359.1.44.undefined.HAM3.1079 is identical to AB036355.1.40.undefined.HAM1.1079 but kept for subsequent analysis
NOTE: AB036368.1.53.undefined.HAM66.1079 is identical to AB036361.1.46.undefined.HAM38.1079 but kept for subsequent analysis
NOTE: AB036395.1.80.undefined.HC70.1080 is identical to AB036393.1.78.undefined.HC66.1080 but kept for subsequent analysis
NOTE: AB045407.1.90.undefined.ATL27.1072 is identical to AB045403.1.86.undefined.ATL21.1072 but kept for subsequent analysis
NOTE: AB045434.1.117.undefined.ATL261.1072 is identical to AB045411.1.94.undefined.ATL48.1072 but kept for subsequent analysis
NOTE: AB045421.1.104.undefined.ATL73.1072 is identical to AB045419.1.102.undefined.ATL68.1072 but kept for subsequent analysis
NOTE: AB045471.1.154.undefined.HAM21.1072 is identical to AB045435.1.118.undefined.ATL264.1072 but kept for subsequent analysis
NOTE: AB045540.1.223.undefined.HC34-4.1072 is identical to AB045441.1.124.undefined.ATL286.1072 but kept for subsequent analysis
NOTE: AB045633.1.244.undefined.Son is identical to AB045442.1.125.undefined.HAM10.1072 but kept for subsequent analysis
NOTE: AB045478.1.161.undefined.HAM34.1072 is identical to AB045466.1.149.undefined.HAM12.1072 but kept for subsequent analysis
NOTE: AB045642.1.253.undefined.HAM15 is identical to AB045467.1.150.undefined.HAM15.1072 but kept for subsequent analysis
NOTE: AB045634.1.245.undefined.Wife is identical to AB045470.1.153.undefined.HAM19.1072 but kept for subsequent analysis
NOTE: AB045483.1.166.undefined.HAM56.1072 is identical to AB045472.1.155.undefined.HAM23.1072 but kept for subsequent analysis
NOTE: AB045635.1.246.undefined.Sister is identical to AB045473.1.156.undefined.HAM24.1072 but kept for subsequent analysis
NOTE: AB045643.1.254.undefined.HAM49 is identical to AB045480.1.163.undefined.HAM49.1072 but kept for subsequent analysis
NOTE: AB045517.1.200.undefined.HC128.1072 is identical to AB045484.1.167.undefined.HAM60.1072 but kept for subsequent analysis
NOTE: AB045644.1.255.undefined.HAM61.1072 is identical to AB045485.1.168.undefined.HAM61.1072 but kept for subsequent analysis
NOTE: AB045640.1.251.undefined.Sister is identical to AB045639.1.250.undefined.Mother but kept for subsequent analysis
NOTE: AF029074.1.636.undefined.IP084.961 is identical to AF029072.1.634.undefined.IP145.961 but kept for subsequent analysis
NOTE: U87260.1.5180.undefined.IRN-1.704 is identical to AF032470.1.640.undefined.KUW-4.704 but kept for subsequent analysis
NOTE: AF092849.1.706.undefined.-.705 is identical to AF092848.1.705.undefined.-.705 but kept for subsequent analysis
NOTE: AF133523.1.720.undefined.79/94.1073 is identical to AF133522.1.719.undefined.-.1073 but kept for subsequent analysis
NOTE: AF154341.1.748.undefined.KZN61.629 is identical to AF154340.1.747.undefined.KZN68.629 but kept for subsequent analysis
NOTE: AF197277.1.783.undefined.-.631 is identical to AF197276.1.782.undefined.-.631 but kept for subsequent analysis
NOTE: AY509598.1.1282.undefined.-.631 is identical to AF197284.1.790.undefined.-.631 but kept for subsequent analysis
NOTE: AF401494.1.967.undefined.-.672 is identical to AF401493.1.966.undefined.-.672 but kept for subsequent analysis
NOTE: AF405340.1.972.undefined.Co-003.1467 is identical to AF405339.1.971.undefined.Co-002.1467 but kept for subsequent analysis
NOTE: AF438761.1.992.undefined.case is identical to AF438752.1.983.undefined.case but kept for subsequent analysis
NOTE: AF438762.1.993.undefined.case is identical to AF438756.1.987.undefined.case but kept for subsequent analysis
NOTE: AF438763.1.994.undefined.case is identical to AF438758.1.989.undefined.case but kept for subsequent analysis
NOTE: GU126474.1.2537.undefined.ES-P9.608 is identical to AF485382.1.1000.undefined.From but kept for subsequent analysis
NOTE: DD288396.1.1535.undefined.-.924 is identical to AX935544.1.1072.undefined.-.924 but kept for subsequent analysis
NOTE: DD288397.1.1536.undefined.-.912 is identical to AX935546.1.1073.undefined.-.912 but kept for subsequent analysis
NOTE: AY026854.1.1086.undefined.CNI-1001.755 is identical to AY026852.1.1084.undefined.CAE-1301.755 but kept for subsequent analysis
NOTE: AY026858.1.1090.undefined.ANG-MER.756 is identical to AY026856.1.1088.undefined.ANG-WIS.756 but kept for subsequent analysis
NOTE: AY040793.1.1103.undefined.-.695 is identical to AY040787.1.1097.undefined.-.695 but kept for subsequent analysis
NOTE: AY040791.1.1101.undefined.-.693 is identical to AY040788.1.1098.undefined.-.693 but kept for subsequent analysis
NOTE: AY269829.1.1169.undefined.233-Col.624 is identical to AY269828.1.1168.undefined.220-Col.624 but kept for subsequent analysis
NOTE: AY269834.1 is identical to AY269832.1.1172.undefined.2189-Col.616 but kept for subsequent analysis
NOTE: AY324780.1.1186.undefined.-.756 is identical to AY324779.1.1185.undefined.-.756 but kept for subsequent analysis
NOTE: AY324787.1.1193.undefined.-.756 is identical to AY324786.1.1192.undefined.-.756 but kept for subsequent analysis
NOTE: AY342301.1.1211.undefined.5B-Marietou.758 is identical to AY342300.1.1210.undefined.6A-issa but kept for subsequent analysis
NOTE: AY342304.1.1214.undefined.PH907.758 is identical to AY342303.1.1213.undefined.PH906 but kept for subsequent analysis
NOTE: AY509601.1.1285.undefined.-.661 is identical to AY509600.1.1284.undefined.-.661 but kept for subsequent analysis
NOTE: AY549877.1.1292.undefined.VAN-251.756 is identical to AY549875.1.1290.undefined.VAN-136.756 but kept for subsequent analysis
NOTE: AY604876.1.1305.undefined.2050.1467 is identical to AY604874.1.1303.undefined.2036-A.1467 but kept for subsequent analysis
NOTE: AY604882.1.1311.undefined.2065.1467 is identical to AY604877.1.1306.undefined.2051.1467 but kept for subsequent analysis
NOTE: AY604887.1.1316.undefined.2132.1467 is identical to AY604886.1.1315.undefined.2093-A.1467 but kept for subsequent analysis
NOTE: AY604929.1.1358.undefined.2903.1467 is identical to AY604897.1.1326.undefined.2307.1467 but kept for subsequent analysis
NOTE: AY604928.1.1357.undefined.2902.1467 is identical to AY604900.1.1329.undefined.2371-2.1467 but kept for subsequent analysis
NOTE: AY739054.1.1390.undefined.PtDk1.600 is identical to AY739051.1.1387.undefined.PtDk2.600 but kept for subsequent analysis
NOTE: AY818431.1.1465.undefined.-.796 is identical to AY818431 but kept for subsequent analysis
NOTE: AY818432.1.1467.undefined.2810YI.693 is identical to AY818432 but kept for subsequent analysis
NOTE: AY818433.1.1469.undefined.1127MO.692 is identical to AY818433 but kept for subsequent analysis
NOTE: DL195007.1.1546.undefined.-.1464 is identical to CS179598.1.1477.undefined.-.1464 but kept for subsequent analysis
NOTE: DL195008.1.1547.undefined.-.1458 is identical to CS179600.1.1478.undefined.-.1458 but kept for subsequent analysis
NOTE: X04800.1.5192.undefined.-.708 is identical to D10033.1.1479.undefined.-.708 but kept for subsequent analysis
NOTE: DQ005560.1.1562.undefined.HTLV8.757 is identical to DQ005559.1.1561.undefined.HTLV07.757 but kept for subsequent analysis
NOTE: DQ005568.1.1570.undefined.HTLV33.757 is identical to DQ005563.1.1565.undefined.HTLV18.757 but kept for subsequent analysis
NOTE: DQ182390.1.1687.undefined.ArJ47-1.609 is identical to DQ182389.1.1686.undefined.ArJ19-1 but kept for subsequent analysis
NOTE: DQ227131.1.1775.undefined.ArJ3-1.1035 is identical to DQ227129.1.1773.undefined.ArJ1-1.1035 but kept for subsequent analysis
NOTE: DQ227149.1.1793.undefined.ArJ2-2.1035 is identical to DQ227133.1.1777.undefined.ArJ11-1.1035 but kept for subsequent analysis
NOTE: DQ227160.1.1804.undefined.ArJ14-1.1035 is identical to DQ227136.1.1780.undefined.ArJ19-1.1035 but kept for subsequent analysis
NOTE: DQ227172.1.1816.undefined.ArJ29-3.1035 is identical to DQ227141.1.1785.undefined.ArJ29-1.1035 but kept for subsequent analysis
NOTE: DQ227184.1.1828.undefined. is identical to DQ227173.1.1817.undefined.ArJ30-1.1035 but kept for subsequent analysis
NOTE: DQ227188.1.1832.undefined.ArJ54-2.1035 is identical to DQ227187.1.1831.undefined.ArJ54-1.1035 but kept for subsequent analysis
NOTE: DQ279289.1.1860.undefined.-.831 is identical to DQ279287.1.1858.undefined.-.831 but kept for subsequent analysis
NOTE: DQ279295.1.1866.undefined.JA10027.762 is identical to DQ279292.1.1863.undefined.JA50033.762 but kept for subsequent analysis
NOTE: EF491189.1.2162.undefined.PE8si.614 is identical to EF491188.1.2161.undefined.PE7hu.614 but kept for subsequent analysis
NOTE: EF491195.1.2168.undefined.PE14ru.614 is identical to EF491194.1.2167.undefined.PE13sa.614 but kept for subsequent analysis
NOTE: GQ330490.1.2361.undefined.-.625 is identical to GQ330489.1.2360.undefined.-.625 but kept for subsequent analysis
NOTE: GQ443749.1.2527.undefined.BS071.642 is identical to GQ443748.1.2526.undefined.BS130.642 but kept for subsequent analysis
NOTE: GQ443753.1.2531.undefined.BS132.644 is identical to GQ443751.1.2529.undefined.BS001.644 but kept for subsequent analysis
NOTE: KM875551.1.3834.undefined.-.640 is identical to GQ443752.1.2530.undefined.BS007.640 but kept for subsequent analysis
NOTE: KC493396.1.3253.undefined.31.606 is identical to GU126475.1.2538.undefined.ES-P7.606 but kept for subsequent analysis
NOTE: GU194506.1.2568.undefined.-.664 is identical to GU194504.1.2564.undefined.-.664 but kept for subsequent analysis
NOTE: GU194506.1 is identical to GU194504.1 but kept for subsequent analysis
NOTE: GU212853.1.2606.undefined.-.625 is identical to GU212852.1.2605.undefined.-.625 but kept for subsequent analysis
NOTE: GU586113.1.2644.undefined.-.777 is identical to GU586110.1.2641.undefined.-.777 but kept for subsequent analysis
NOTE: GU591296.1.2655.undefined.-.993 is identical to GU591294.1.2653.undefined.-.993 but kept for subsequent analysis
NOTE: HM770393.1.2716.undefined.-.1065 is identical to HM770391.1.2714.undefined.-.1065 but kept for subsequent analysis
NOTE: HM770395.1.2718.undefined.-.1065 is identical to HM770392.1.2715.undefined.-.1065 but kept for subsequent analysis
NOTE: HM770410.1.2733.undefined.-.1065 is identical to HM770399.1.2722.undefined.-.1065 but kept for subsequent analysis
NOTE: HM770413.1.2736.undefined.-.1065 is identical to HM770408.1.2731.undefined.-.1065 but kept for subsequent analysis
NOTE: HM770415.1.2738.undefined.-.972 is identical to HM770414.1.2737.undefined.-.972 but kept for subsequent analysis
NOTE: HM770422.1.2745.undefined.-.1065 is identical to HM770421.1.2744.undefined.-.1065 but kept for subsequent analysis
NOTE: HM770429.1.2752.undefined.BRLO47-02 is identical to HM770426.1.2749.undefined.BRLO14-02.705 but kept for subsequent analysis
NOTE: X56949.2.5197.undefined.MT-2.1467 is identical to HZ454544.1.2771.undefined.-.1467 but kept for subsequent analysis
NOTE: JC241916.1.2776.undefined.-.1461 is identical to HZ454547.1.2772.undefined.-.1461 but kept for subsequent analysis
NOTE: JF267945.1.2785.undefined.-.756 is identical to JF267944.1.2784.undefined.-.756 but kept for subsequent analysis
NOTE: KJ544839.1.3693.undefined.-.756 is identical to JF267951.1.2791.undefined.-.756 but kept for subsequent analysis
NOTE: JF271838.1.2911.undefined.BRLO30-02 is identical to JF271837.1.2910.undefined.BRLO15-02 but kept for subsequent analysis
NOTE: JF271849.1.2922.undefined.BRSP320-09 is identical to JF271839.1.2912.undefined.BRLO34-02.731 but kept for subsequent analysis
NOTE: JQ583796.1.3066.undefined.Caio5448.773 is identical to JN655856.1.2961.undefined.Caio4634.773 but kept for subsequent analysis
NOTE: JQ583795.1.3065.undefined.Caio4126.766 is identical to JN655863.1.2968.undefined.Caio4676.766 but kept for subsequent analysis
NOTE: JN887707.1.2987.undefined.BRSP42-09.1059 is identical to JN887698.1.2978.undefined.BRLO14-02.1059 but kept for subsequent analysis
NOTE: JN887714.1.2994.undefined.-.1068 is identical to JN887712.1.2992.undefined.-.1068 but kept for subsequent analysis
NOTE: JN887717.1.2997.undefined.-.1068 is identical to JN887713.1.2993.undefined.-.1068 but kept for subsequent analysis
NOTE: JN887720.1.3000.undefined.-.1068 is identical to JN887716.1.2996.undefined.-.1068 but kept for subsequent analysis
NOTE: JQ583805.1.3075.undefined.Caio5846.898 is identical to JQ583787.1.3057.undefined.Caio5187.898 but kept for subsequent analysis
NOTE: JQ583804.1 is identical to JQ583788.1.3058.undefined.Caio5620.772 but kept for subsequent analysis
NOTE: JQ583811.1.3081.undefined.Caio4011.642 is identical to JQ583810.1.3080.undefined.Caio4009.642 but kept for subsequent analysis
NOTE: JQ583829.1.3099.undefined.-.642 is identical to JQ583821.1.3091.undefined.Caio4258.642 but kept for subsequent analysis
NOTE: JQ583835.1.3105.undefined.-.642 is identical to JQ583831.1.3101.undefined.-.642 but kept for subsequent analysis
NOTE: JX184922.1.3138.undefined.-.643 is identical to JX184921.1.3137.undefined.-.643 but kept for subsequent analysis
NOTE: JX280952.1.3157.undefined.BRSP97-10.731 is identical to JX280951.1.3156.undefined.BRSP93-10.731 but kept for subsequent analysis
NOTE: JX280955.1.3160.undefined.BRSP118-10.731 is identical to JX280953.1.3158.undefined.BRSP101-10.731 but kept for subsequent analysis
NOTE: JX885209.1.3175.undefined.-.1353 is identical to JX885208.1.3174.undefined.-.1353 but kept for subsequent analysis
NOTE: KC477733.1.3211.undefined.-.655 is identical to KC477732.1.3210.undefined.-.655 but kept for subsequent analysis
NOTE: KC477736.1.3214.undefined.-.654 is identical to KC477735.1.3213.undefined.-.654 but kept for subsequent analysis
NOTE: KC477738.1.3216.undefined.-.654 is identical to KC477737.1.3215.undefined.-.654 but kept for subsequent analysis
NOTE: KC477741.1.3219.undefined.-.654 is identical to KC477740.1.3218.undefined.-.654 but kept for subsequent analysis
NOTE: KC477743.1.3221.undefined.-.654 is identical to KC477742.1.3220.undefined.-.654 but kept for subsequent analysis
NOTE: KC477749.1.3227.undefined.-.655 is identical to KC477748.1.3226.undefined.-.655 but kept for subsequent analysis
NOTE: KC477751.1.3229.undefined.-.654 is identical to KC477750.1.3228.undefined.-.654 but kept for subsequent analysis
NOTE: KC786904.1.3273.undefined.-.758 is identical to KC786899.1.3268.undefined.-.758 but kept for subsequent analysis
NOTE: KC786905.1.3274.undefined.-.758 is identical to KC786900.1.3269.undefined.-.758 but kept for subsequent analysis
NOTE: KC786903.1.3272.undefined.-.758 is identical to KC786901.1.3270.undefined.-.758 but kept for subsequent analysis
NOTE: KC786908.1.3277.undefined.-.758 is identical to KC786902.1.3271.undefined.-.758 but kept for subsequent analysis
NOTE: KC786913.1.3282.undefined.-.758 is identical to KC786906.1.3275.undefined.-.758 but kept for subsequent analysis
NOTE: KC786916.1.3285.undefined.-.758 is identical to KC786907.1.3276.undefined.-.758 but kept for subsequent analysis
NOTE: KC786936.1.3305.undefined.-.1290 is identical to KC786924.1.3293.undefined.-.1290 but kept for subsequent analysis
NOTE: KC786932.1.3301.undefined.-.1290 is identical to KC786925.1.3294.undefined.-.1290 but kept for subsequent analysis
NOTE: KC786934.1.3303.undefined.-.1290 is identical to KC786927.1.3296.undefined.-.1290 but kept for subsequent analysis
NOTE: KC786937.1.3306.undefined.-.1290 is identical to KC786928.1.3297.undefined.-.1290 but kept for subsequent analysis
NOTE: KC786938.1.3307.undefined.-.1290 is identical to KC786929.1.3298.undefined.-.1290 but kept for subsequent analysis
NOTE: KC786946.1.3315.undefined.-.1062 is identical to KC786941.1.3310.undefined.-.1062 but kept for subsequent analysis
NOTE: KC786945.1.3314.undefined.-.1062 is identical to KC786943.1.3312.undefined.-.1062 but kept for subsequent analysis
NOTE: KC786950.1.3319.undefined.-.1062 is identical to KC786944.1.3313.undefined.-.1062 but kept for subsequent analysis
NOTE: KC786955.1.3324.undefined.-.1062 is identical to KC786948.1.3317.undefined.-.1062 but kept for subsequent analysis
NOTE: KC786960.1.3329.undefined.-.1062 is identical to KC786958.1.3327.undefined.-.1062 but kept for subsequent analysis
NOTE: KC786963.1.3332.undefined.-.756 is identical to KC786962.1.3331.undefined.-.756 but kept for subsequent analysis
NOTE: KC786967.1.3336.undefined.-.1290 is identical to KC786966.1.3335.undefined.-.1290 but kept for subsequent analysis
NOTE: KC786971.1.3340.undefined.-.1062 is identical to KC786970.1.3339.undefined.-.1062 but kept for subsequent analysis
NOTE: KF053896.1.3371.undefined.-.908 is identical to KF053895.1.3370.undefined.-.908 but kept for subsequent analysis
NOTE: KF053911.1.3386.undefined.-.908 is identical to KF053898.1.3373.undefined.-.908 but kept for subsequent analysis
NOTE: KF053920.1.3395.undefined.-.908 is identical to KF053919.1.3394.undefined.-.908 but kept for subsequent analysis
NOTE: KF053926.1.3401.undefined.-.908 is identical to KF053922.1.3397.undefined.-.908 but kept for subsequent analysis
NOTE: KF053954.1.3429.undefined.-.908 is identical to KF053953.1.3428.undefined.-.908 but kept for subsequent analysis
NOTE: KF053965.1.3440.undefined.-.907 is identical to KF053964.1.3439.undefined.-.907 but kept for subsequent analysis
NOTE: KF053967.1.3442.undefined.-.908 is identical to KF053966.1.3441.undefined.-.908 but kept for subsequent analysis
NOTE: KF053996.1.3471.undefined.-.908 is identical to KF053995.1.3470.undefined.-.908 but kept for subsequent analysis
NOTE: KF054005.1.3480.undefined.-.908 is identical to KF054004.1.3479.undefined.-.908 but kept for subsequent analysis
NOTE: KF054023.1.3498.undefined.-.908 is identical to KF054022.1.3497.undefined.-.908 but kept for subsequent analysis
NOTE: KF054027.1.3502.undefined.-.908 is identical to KF054026.1.3501.undefined.-.908 but kept for subsequent analysis
NOTE: KJ544837.1.3691.undefined.-.756 is identical to KJ544833.1.3687.undefined.-.756 but kept for subsequent analysis
NOTE: KJ544842.1.3696.undefined.-.757 is identical to KJ544841.1.3695.undefined.-.757 but kept for subsequent analysis
NOTE: KM023761.1.3723.undefined.-.636 is identical to KM023752.1.3714.undefined.-.636 but kept for subsequent analysis
NOTE: KM023756.1.3718.undefined.-.635 is identical to KM023755.1.3717.undefined.-.635 but kept for subsequent analysis
NOTE: KM023758.1.3720.undefined.-.636 is identical to KM023757.1.3719.undefined.-.636 but kept for subsequent analysis
NOTE: KM023767.1.3729.undefined.-.635 is identical to KM023766.1.3728.undefined.-.635 but kept for subsequent analysis
NOTE: KM211983.1.3743.undefined.-.662 is identical to KM211974.1.3734.undefined.-.662 but kept for subsequent analysis
NOTE: KP666087.1.3861.undefined.-.943 is identical to KP666066.1.3840.undefined.-.943 but kept for subsequent analysis
NOTE: KP666072.1.3846.undefined.-.943 is identical to KP666068.1.3842.undefined.-.943 but kept for subsequent analysis
NOTE: KP666086.1.3860.undefined.-.943 is identical to KP666085.1.3859.undefined.-.943 but kept for subsequent analysis
NOTE: KR337597.1.3866.undefined.-.633 is identical to KR337595.1.3864.undefined.-.633 but kept for subsequent analysis
NOTE: KR337611.1.3880.undefined.-.633 is identical to KR337596.1.3865.undefined.-.633 but kept for subsequent analysis
NOTE: KT351466.1.3902.undefined.-.677 is identical to KT351459.1.3895.undefined.-.677 but kept for subsequent analysis
NOTE: KT351505.1.3941.undefined.-.635 is identical to KT351470.1.3906.undefined.-.635 but kept for subsequent analysis
NOTE: KT351477.1.3913.undefined.-.635 is identical to KT351471.1.3907.undefined.-.635 but kept for subsequent analysis
NOTE: KT351479.1.3915.undefined.-.635 is identical to KT351475.1.3911.undefined.-.635 but kept for subsequent analysis
NOTE: KT351489.1.3925.undefined.-.635 is identical to KT351482.1.3918.undefined.-.635 but kept for subsequent analysis
NOTE: KT351507.1.3943.undefined.-.635 is identical to KT351490.1.3926.undefined.-.635 but kept for subsequent analysis
NOTE: KT351506.1.3942.undefined.-.635 is identical to KT351493.1.3929.undefined.-.635 but kept for subsequent analysis
NOTE: KT351513.1.3949.undefined.-.996 is identical to KT351509.1.3945.undefined.-.996 but kept for subsequent analysis
NOTE: KT351517.1.3953.undefined.-.996 is identical to KT351512.1.3948.undefined.-.996 but kept for subsequent analysis
NOTE: KT351515.1.3951.undefined.-.996 is identical to KT351514.1.3950.undefined.-.996 but kept for subsequent analysis
NOTE: KT351532.1.3968.undefined.-.996 is identical to KT351516.1.3952.undefined.-.996 but kept for subsequent analysis
NOTE: KT351535.1.3971.undefined.-.996 is identical to KT351520.1.3956.undefined.-.996 but kept for subsequent analysis
NOTE: KT351527.1.3963.undefined.-.996 is identical to KT351522.1.3958.undefined.-.996 but kept for subsequent analysis
NOTE: KT351540.1.3976.undefined.-.996 is identical to KT351524.1.3960.undefined.-.996 but kept for subsequent analysis
NOTE: KT351539.1.3975.undefined.-.996 is identical to KT351526.1.3962.undefined.-.996 but kept for subsequent analysis
NOTE: KT351549.1.3985.undefined.-.894 is identical to KT351545.1.3981.undefined.-.894 but kept for subsequent analysis
NOTE: KT351556.1.3992.undefined.-.894 is identical to KT351551.1.3987.undefined.-.894 but kept for subsequent analysis
NOTE: KT351553.1.3989.undefined.-.894 is identical to KT351552.1.3988.undefined.-.894 but kept for subsequent analysis
NOTE: KT351571.1.4007.undefined.-.1041 is identical to KT351565.1.4001.undefined.-.1041 but kept for subsequent analysis
NOTE: KT351567.1.4003.undefined.-.1041 is identical to KT351566.1.4002.undefined.-.1041 but kept for subsequent analysis
NOTE: KT351581.1.4017.undefined.-.1041 is identical to KT351573.1.4009.undefined.-.1041 but kept for subsequent analysis
NOTE: KY462204.1.4130.undefined.-.642 is identical to KY462200.1.4126.undefined.-.642 but kept for subsequent analysis
NOTE: KY493217.1.4215.undefined.-.612 is identical to KY493210.1.4208.undefined.-.612 but kept for subsequent analysis
NOTE: KY493236.1.4234.undefined.-.612 is identical to KY493234.1.4232.undefined.-.612 but kept for subsequent analysis
NOTE: L42255.1.4347.undefined.KUW-2.704 is identical to L42225.1.4344.undefined.KUW-3.704 but kept for subsequent analysis
NOTE: L76061.2.4439.undefined.2072.940 is identical to L76060.2.4438.undefined.2071.940 but kept for subsequent analysis
NOTE: L76064.2.4442.undefined.-.940 is identical to L76063.2.4441.undefined.-.940 but kept for subsequent analysis
NOTE: L76066.2.4444.undefined.2085.940 is identical to L76065.2.4443.undefined.-.940 but kept for subsequent analysis
NOTE: L76071.1.4449.undefined.2093.930 is identical to L76069.1.4447.undefined.2091.930 but kept for subsequent analysis
NOTE: L76074.2.4452.undefined.-.940 is identical to L76073.2.4451.undefined.-.940 but kept for subsequent analysis
NOTE: L77236.1.4467.undefined.-.718 is identical to L77235.1.4466.undefined.-.718 but kept for subsequent analysis
NOTE: L77241.1.4472.undefined.-.718 is identical to L77240.1.4471.undefined.-.718 but kept for subsequent analysis
NOTE: U32902.1.4937.undefined.-.631 is identical to M85226.1.4671.undefined.-.631 but kept for subsequent analysis
NOTE: MF084821.1.4740.undefined.-.703 is identical to MF084791.1.4710.undefined.-.703 but kept for subsequent analysis
NOTE: MF084814.1.4733.undefined.-.696 is identical to MF084801.1.4720.undefined.-.696 but kept for subsequent analysis
NOTE: MF384345.1.4765.undefined.-.616 is identical to MF384338.1.4758.undefined.-.616 but kept for subsequent analysis
NOTE: U32896.1.4931.undefined.-.631 is identical to U32895.1.4930.undefined.-.631 but kept for subsequent analysis
NOTE: U32899.1.4934.undefined.-.631 is identical to U32898.1.4933.undefined.-.631 but kept for subsequent analysis
NOTE: U32903.1.4938.undefined.-.631 is identical to U32901.1.4936.undefined.-.631 but kept for subsequent analysis
NOTE: U32906.1.4941.undefined.-.631 is identical to U32904.1.4939.undefined.-.631 but kept for subsequent analysis
NOTE: U60908.1.5064.undefined.CL.613 is identical to U60907.1.5063.undefined.CJC.613 but kept for subsequent analysis
NOTE: U60917.1.5073.undefined.IMJ.613 is identical to U60909.1.5065.undefined.CML.613 but kept for subsequent analysis
NOTE: U60919.1.5075.undefined.JMC.613 is identical to U60910.1.5066.undefined.CMT.613 but kept for subsequent analysis
NOTE: U60922.1.5078.undefined.JTH.613 is identical to U60911.1.5067.undefined.CSL.613 but kept for subsequent analysis
NOTE: U60931.1.5087.undefined.PH.613 is identical to U60916.1.5072.undefined.IJW.613 but kept for subsequent analysis
NOTE: U60921.1.5077.undefined.JPL.613 is identical to U60918.1.5074.undefined.ISI.613 but kept for subsequent analysis
NOTE: U60925.1.5081.undefined.LMW.613 is identical to U60924.1.5080.undefined.LCC.613 but kept for subsequent analysis
NOTE: U60932.1.5088.undefined.RMS.613 is identical to U60929.1.5085.undefined.MS.613 but kept for subsequent analysis
NOTE: 336 identical sequences (see below) will be ignored for subsequent analysis
NOTE: AB036363.1.48.undefined.HAM4.1079 (identical to AB036355.1.40.undefined.HAM1.1079) is ignored but added at the end
NOTE: AB036366.1.51.undefined.HAM6.1079 (identical to AB036355.1.40.undefined.HAM1.1079) is ignored but added at the end
NOTE: AB036370.1.55.undefined.HAM8.1079 (identical to AB036355.1.40.undefined.HAM1.1079) is ignored but added at the end
NOTE: AB036375.1.60.undefined.ATL15.1079 (identical to AB036355.1.40.undefined.HAM1.1079) is ignored but added at the end
NOTE: AB036383.1.68.undefined.ATL9.1079 (identical to AB036355.1.40.undefined.HAM1.1079) is ignored but added at the end
NOTE: AB036386.1.71.undefined.HC29.1079 (identical to AB036355.1.40.undefined.HAM1.1079) is ignored but added at the end
NOTE: AB036387.1.72.undefined.HC33.1079 (identical to AB036355.1.40.undefined.HAM1.1079) is ignored but added at the end
NOTE: AB036391.1.76.undefined.HC5.1079 (identical to AB036355.1.40.undefined.HAM1.1079) is ignored but added at the end
NOTE: AB036394.1.79.undefined.HC7.1079 (identical to AB036355.1.40.undefined.HAM1.1079) is ignored but added at the end
NOTE: AB045409.1.92.undefined.ATL41.1072 (identical to AB045403.1.86.undefined.ATL21.1072) is ignored but added at the end
NOTE: AB045413.1.96.undefined.ATL54.1072 (identical to AB045403.1.86.undefined.ATL21.1072) is ignored but added at the end
NOTE: AB045415.1.98.undefined.ATL59.1072 (identical to AB045403.1.86.undefined.ATL21.1072) is ignored but added at the end
NOTE: AB045416.1.99.undefined.ATL64.1072 (identical to AB045403.1.86.undefined.ATL21.1072) is ignored but added at the end
NOTE: AB045417.1.100.undefined.ATL65.1072 (identical to AB045403.1.86.undefined.ATL21.1072) is ignored but added at the end
NOTE: AB045420.1.103.undefined.ATL71.1072 (identical to AB045403.1.86.undefined.ATL21.1072) is ignored but added at the end
NOTE: AB045422.1.105.undefined.ATL74.1072 (identical to AB045403.1.86.undefined.ATL21.1072) is ignored but added at the end
NOTE: AB045423.1.106.undefined.ATL75.1072 (identical to AB045403.1.86.undefined.ATL21.1072) is ignored but added at the end
NOTE: AB045426.1.109.undefined.ATL89.1072 (identical to AB045403.1.86.undefined.ATL21.1072) is ignored but added at the end
NOTE: AB045429.1.112.undefined.ATL166.1072 (identical to AB045403.1.86.undefined.ATL21.1072) is ignored but added at the end
NOTE: AB045432.1.115.undefined.ATL259.1072 (identical to AB045403.1.86.undefined.ATL21.1072) is ignored but added at the end
NOTE: AB045436.1.119.undefined.ATL269.1072 (identical to AB045403.1.86.undefined.ATL21.1072) is ignored but added at the end
NOTE: AB045437.1.120.undefined.ATL270.1072 (identical to AB045403.1.86.undefined.ATL21.1072) is ignored but added at the end
NOTE: AB045438.1.121.undefined.ATL271.1072 (identical to AB045403.1.86.undefined.ATL21.1072) is ignored but added at the end
NOTE: AB045439.1.122.undefined.ATL274.1072 (identical to AB045403.1.86.undefined.ATL21.1072) is ignored but added at the end
NOTE: AB045440.1.123.undefined.ATL275.1072 (identical to AB045403.1.86.undefined.ATL21.1072) is ignored but added at the end
NOTE: AB045443.1.126.undefined.HAM11.1072 (identical to AB045403.1.86.undefined.ATL21.1072) is ignored but added at the end
NOTE: AB045444.1.127.undefined.HAM13.1072 (identical to AB045403.1.86.undefined.ATL21.1072) is ignored but added at the end
NOTE: AB045445.1.128.undefined.HAM14.1072 (identical to AB045403.1.86.undefined.ATL21.1072) is ignored but added at the end
NOTE: AB045446.1.129.undefined.HAM25.1072 (identical to AB045403.1.86.undefined.ATL21.1072) is ignored but added at the end
NOTE: AB045447.1.130.undefined.HAM26.1072 (identical to AB045403.1.86.undefined.ATL21.1072) is ignored but added at the end
NOTE: AB045448.1.131.undefined.HAM29.1072 (identical to AB045403.1.86.undefined.ATL21.1072) is ignored but added at the end
NOTE: AB045449.1.132.undefined.HAM35.1072 (identical to AB045403.1.86.undefined.ATL21.1072) is ignored but added at the end
NOTE: AB045450.1.133.undefined.HAM36.1072 (identical to AB045403.1.86.undefined.ATL21.1072) is ignored but added at the end
NOTE: AB045451.1.134.undefined.HAM40.1072 (identical to AB045403.1.86.undefined.ATL21.1072) is ignored but added at the end
NOTE: AB045452.1.135.undefined.HAM42.1072 (identical to AB045403.1.86.undefined.ATL21.1072) is ignored but added at the end
NOTE: AB045453.1.136.undefined.HAM44.1072 (identical to AB045403.1.86.undefined.ATL21.1072) is ignored but added at the end
NOTE: AB045454.1.137.undefined.HAM45.1072 (identical to AB045403.1.86.undefined.ATL21.1072) is ignored but added at the end
NOTE: AB045455.1.138.undefined.HAM46.1072 (identical to AB045403.1.86.undefined.ATL21.1072) is ignored but added at the end
NOTE: AB045456.1.139.undefined.HAM48.1072 (identical to AB045403.1.86.undefined.ATL21.1072) is ignored but added at the end
NOTE: AB045457.1.140.undefined.HAM52.1072 (identical to AB045403.1.86.undefined.ATL21.1072) is ignored but added at the end
NOTE: AB045458.1.141.undefined.HAM53.1072 (identical to AB045403.1.86.undefined.ATL21.1072) is ignored but added at the end
NOTE: AB045459.1.142.undefined.HAM54.1072 (identical to AB045403.1.86.undefined.ATL21.1072) is ignored but added at the end
NOTE: AB045460.1.143.undefined.HAM57.1072 (identical to AB045403.1.86.undefined.ATL21.1072) is ignored but added at the end
NOTE: AB045461.1.144.undefined.HAM58.1072 (identical to AB045403.1.86.undefined.ATL21.1072) is ignored but added at the end
NOTE: AB045462.1.145.undefined.HAM59.1072 (identical to AB045403.1.86.undefined.ATL21.1072) is ignored but added at the end
NOTE: AB045463.1.146.undefined.HAM62.1072 (identical to AB045403.1.86.undefined.ATL21.1072) is ignored but added at the end
NOTE: AB045464.1.147.undefined.HAM63.1072 (identical to AB045403.1.86.undefined.ATL21.1072) is ignored but added at the end
NOTE: AB045465.1.148.undefined.HAM67.1072 (identical to AB045403.1.86.undefined.ATL21.1072) is ignored but added at the end
NOTE: AB045487.1.170.undefined.HC42.1072 (identical to AB045403.1.86.undefined.ATL21.1072) is ignored but added at the end
NOTE: AB045488.1.171.undefined.HC90.1072 (identical to AB045403.1.86.undefined.ATL21.1072) is ignored but added at the end
NOTE: AB045489.1.172.undefined.HC60.1072 (identical to AB045403.1.86.undefined.ATL21.1072) is ignored but added at the end
NOTE: AB045491.1.174.undefined.HC69.1072 (identical to AB045403.1.86.undefined.ATL21.1072) is ignored but added at the end
NOTE: AB045492.1.175.undefined.HC73.1072 (identical to AB045403.1.86.undefined.ATL21.1072) is ignored but added at the end
NOTE: AB045493.1.176.undefined.HC94.1072 (identical to AB045403.1.86.undefined.ATL21.1072) is ignored but added at the end
NOTE: AB045494.1.177.undefined.HC114.1072 (identical to AB045403.1.86.undefined.ATL21.1072) is ignored but added at the end
NOTE: AB045495.1.178.undefined.HC124.1072 (identical to AB045403.1.86.undefined.ATL21.1072) is ignored but added at the end
NOTE: AB045496.1.179.undefined.HC134.1072 (identical to AB045403.1.86.undefined.ATL21.1072) is ignored but added at the end
NOTE: AB045497.1.180.undefined.HC148.1072 (identical to AB045403.1.86.undefined.ATL21.1072) is ignored but added at the end
NOTE: AB045498.1.181.undefined.HC150.1072 (identical to AB045403.1.86.undefined.ATL21.1072) is ignored but added at the end
NOTE: AB045499.1.182.undefined.HC151.1072 (identical to AB045403.1.86.undefined.ATL21.1072) is ignored but added at the end
NOTE: AB045500.1.183.undefined.HC157.1072 (identical to AB045403.1.86.undefined.ATL21.1072) is ignored but added at the end
NOTE: AB045501.1.184.undefined.HC160.1072 (identical to AB045403.1.86.undefined.ATL21.1072) is ignored but added at the end
NOTE: AB045502.1.185.undefined.HC162.1072 (identical to AB045403.1.86.undefined.ATL21.1072) is ignored but added at the end
NOTE: AB045503.1.186.undefined.HC165.1072 (identical to AB045403.1.86.undefined.ATL21.1072) is ignored but added at the end
NOTE: AB045504.1.187.undefined.HC229.1072 (identical to AB045403.1.86.undefined.ATL21.1072) is ignored but added at the end
NOTE: AB045505.1.188.undefined.HC1226.1072 (identical to AB045403.1.86.undefined.ATL21.1072) is ignored but added at the end
NOTE: AB045506.1.189.undefined.HC1227.1072 (identical to AB045403.1.86.undefined.ATL21.1072) is ignored but added at the end
NOTE: AB045537.1.220.undefined.HC34-1.1072 (identical to AB045403.1.86.undefined.ATL21.1072) is ignored but added at the end
NOTE: AB045538.1.221.undefined.HC34-2.1072 (identical to AB045403.1.86.undefined.ATL21.1072) is ignored but added at the end
NOTE: AB045539.1.222.undefined.HC34-3.1072 (identical to AB045403.1.86.undefined.ATL21.1072) is ignored but added at the end
NOTE: AB045550.1.233.undefined.HC34-14.1072 (identical to AB045411.1.94.undefined.ATL48.1072) is ignored but added at the end
NOTE: AB045551.1.234.undefined.HC34-15.1072 (identical to AB045411.1.94.undefined.ATL48.1072) is ignored but added at the end
NOTE: AB045552.1.235.undefined.HC34-16.1072 (identical to AB045411.1.94.undefined.ATL48.1072) is ignored but added at the end
NOTE: AB045553.1.236.undefined.HC34-17.1072 (identical to AB045411.1.94.undefined.ATL48.1072) is ignored but added at the end
NOTE: AB045554.1.237.undefined.HC34-18.1072 (identical to AB045411.1.94.undefined.ATL48.1072) is ignored but added at the end
NOTE: AB045526.1.209.undefined.HC159.1072 (identical to AB045435.1.118.undefined.ATL264.1072) is ignored but added at the end
NOTE: AB045507.1.190.undefined.HC64.1072 (identical to AB045466.1.149.undefined.HAM12.1072) is ignored but added at the end
NOTE: AB045636.1.247.undefined.Sister (identical to AB045466.1.149.undefined.HAM12.1072) is ignored but added at the end
NOTE: AB045637.1.248.undefined.Sister (identical to AB045466.1.149.undefined.HAM12.1072) is ignored but added at the end
NOTE: U87262.1.5182.undefined.IRN-4.704 (identical to AF032470.1.640.undefined.KUW-4.704) is ignored but added at the end
NOTE: U87263.1.5183.undefined.SAS.704 (identical to AF032470.1.640.undefined.KUW-4.704) is ignored but added at the end
NOTE: AF133524.1.721.undefined.122/97.1073 (identical to AF133522.1.719.undefined.-.1073) is ignored but added at the end
NOTE: AF133525.1.722.undefined.31/98.1073 (identical to AF133522.1.719.undefined.-.1073) is ignored but added at the end
NOTE: AF133526.1.723.undefined.28/97.1073 (identical to AF133522.1.719.undefined.-.1073) is ignored but added at the end
NOTE: AF197278.1.784.undefined.-.631 (identical to AF197276.1.782.undefined.-.631) is ignored but added at the end
NOTE: DL000263.1.1538.undefined.-.924 (identical to AX935544.1.1072.undefined.-.924) is ignored but added at the end
NOTE: DL000264.1.1539.undefined.-.912 (identical to AX935546.1.1073.undefined.-.912) is ignored but added at the end
NOTE: AY269836.1.1176.undefined.9HU-Col.624 (identical to AY269828.1.1168.undefined.220-Col.624) is ignored but added at the end
NOTE: AY342302.1.1212.undefined.2B-Abdou.758 (identical to AY342300.1.1210.undefined.6A-issa) is ignored but added at the end
NOTE: AY604884.1.1313.undefined.2084-A.1467 (identical to AY604877.1.1306.undefined.2051.1467) is ignored but added at the end
NOTE: AY604890.1.1319.undefined.2136.1467 (identical to AY604877.1.1306.undefined.2051.1467) is ignored but added at the end
NOTE: AY604894.1.1323.undefined.2163.1467 (identical to AY604877.1.1306.undefined.2051.1467) is ignored but added at the end
NOTE: AY604930.1.1359.undefined.2917.1467 (identical to AY604900.1.1329.undefined.2371-2.1467) is ignored but added at the end
NOTE: DQ005566.1.1568.undefined.HTLV25.757 (identical to DQ005559.1.1561.undefined.HTLV07.757) is ignored but added at the end
NOTE: DQ005570.1.1572.undefined.HTLV63.757 (identical to DQ005559.1.1561.undefined.HTLV07.757) is ignored but added at the end
NOTE: DQ005573.1.1575.undefined.HTLV436.757 (identical to DQ005563.1.1565.undefined.HTLV18.757) is ignored but added at the end
NOTE: DQ227137.1.1781.undefined.ArJ20-1.1035 (identical to DQ227129.1.1773.undefined.ArJ1-1.1035) is ignored but added at the end
NOTE: DQ227140.1.1784.undefined.ArJ25-1.1035 (identical to DQ227129.1.1773.undefined.ArJ1-1.1035) is ignored but added at the end
NOTE: DQ227144.1.1788.undefined.ArJ54-3.1035 (identical to DQ227129.1.1773.undefined.ArJ1-1.1035) is ignored but added at the end
NOTE: DQ227146.1.1790.undefined.ArJ1-2.1035 (identical to DQ227129.1.1773.undefined.ArJ1-1.1035) is ignored but added at the end
NOTE: DQ227155.1.1799.undefined.ArJ11-2.1035 (identical to DQ227129.1.1773.undefined.ArJ1-1.1035) is ignored but added at the end
NOTE: DQ227156.1.1800.undefined.ArJ11-3.1035 (identical to DQ227129.1.1773.undefined.ArJ1-1.1035) is ignored but added at the end
NOTE: DQ227162.1.1806.undefined.ArJ15-1.1035 (identical to DQ227129.1.1773.undefined.ArJ1-1.1035) is ignored but added at the end
NOTE: DQ227164.1.1808.undefined.ArJ17-1.1035 (identical to DQ227129.1.1773.undefined.ArJ1-1.1035) is ignored but added at the end
NOTE: DQ227168.1.1812.undefined.ArJ25-2.1035 (identical to DQ227129.1.1773.undefined.ArJ1-1.1035) is ignored but added at the end
NOTE: DQ227169.1.1813.undefined.ArJ25-5.1035 (identical to DQ227129.1.1773.undefined.ArJ1-1.1035) is ignored but added at the end
NOTE: DQ227171.1.1815.undefined.ArJ29-2.1035 (identical to DQ227129.1.1773.undefined.ArJ1-1.1035) is ignored but added at the end
NOTE: DQ227179.1.1823.undefined.ArJ40-2.1035 (identical to DQ227129.1.1773.undefined.ArJ1-1.1035) is ignored but added at the end
NOTE: DQ227182.1.1826.undefined.ArJ43-2.1035 (identical to DQ227129.1.1773.undefined.ArJ1-1.1035) is ignored but added at the end
NOTE: DQ227186.1.1830.undefined.ArJ48-1.1035 (identical to DQ227129.1.1773.undefined.ArJ1-1.1035) is ignored but added at the end
NOTE: DQ227189.1.1833.undefined.ArJ55-2.1035 (identical to DQ227129.1.1773.undefined.ArJ1-1.1035) is ignored but added at the end
NOTE: GQ330491.1.2362.undefined.-.625 (identical to GQ330489.1.2360.undefined.-.625) is ignored but added at the end
NOTE: GQ330492.1.2363.undefined.-.625 (identical to GQ330489.1.2360.undefined.-.625) is ignored but added at the end
NOTE: GQ330494.1.2365.undefined.-.625 (identical to GQ330489.1.2360.undefined.-.625) is ignored but added at the end
NOTE: GQ330495.1.2366.undefined.-.625 (identical to GQ330489.1.2360.undefined.-.625) is ignored but added at the end
NOTE: GQ330496.1.2367.undefined.-.625 (identical to GQ330489.1.2360.undefined.-.625) is ignored but added at the end
NOTE: GU586114.1.2645.undefined.-.777 (identical to GU586110.1.2641.undefined.-.777) is ignored but added at the end
NOTE: GU586115.1.2646.undefined.-.777 (identical to GU586110.1.2641.undefined.-.777) is ignored but added at the end
NOTE: GU586119.1.2650.undefined.-.777 (identical to GU586110.1.2641.undefined.-.777) is ignored but added at the end
NOTE: GU591297.1.2656.undefined.-.993 (identical to GU591294.1.2653.undefined.-.993) is ignored but added at the end
NOTE: GU591298.1.2657.undefined.-.993 (identical to GU591294.1.2653.undefined.-.993) is ignored but added at the end
NOTE: GU591303.1.2662.undefined.-.993 (identical to GU591294.1.2653.undefined.-.993) is ignored but added at the end
NOTE: GU591305.1.2664.undefined.-.993 (identical to GU591294.1.2653.undefined.-.993) is ignored but added at the end
NOTE: HM770405.1.2728.undefined.-.1065 (identical to HM770391.1.2714.undefined.-.1065) is ignored but added at the end
NOTE: HM770397.1.2720.undefined.-.1065 (identical to HM770392.1.2715.undefined.-.1065) is ignored but added at the end
NOTE: HM770398.1.2721.undefined.-.1065 (identical to HM770392.1.2715.undefined.-.1065) is ignored but added at the end
NOTE: HM770402.1.2725.undefined.-.1065 (identical to HM770392.1.2715.undefined.-.1065) is ignored but added at the end
NOTE: HM770406.1.2729.undefined.-.1065 (identical to HM770392.1.2715.undefined.-.1065) is ignored but added at the end
NOTE: HM770407.1.2730.undefined.-.1065 (identical to HM770392.1.2715.undefined.-.1065) is ignored but added at the end
NOTE: HM770411.1.2734.undefined.-.1065 (identical to HM770392.1.2715.undefined.-.1065) is ignored but added at the end
NOTE: HM770417.1.2740.undefined.-.1065 (identical to HM770392.1.2715.undefined.-.1065) is ignored but added at the end
NOTE: HM770419.1.2742.undefined.-.1065 (identical to HM770392.1.2715.undefined.-.1065) is ignored but added at the end
NOTE: JQ435911.1.3045.undefined.-.1065 (identical to HM770392.1.2715.undefined.-.1065) is ignored but added at the end
NOTE: HM770418.1.2741.undefined.-.1065 (identical to HM770408.1.2731.undefined.-.1065) is ignored but added at the end
NOTE: HM770423.1.2746.undefined.-.1065 (identical to HM770421.1.2744.undefined.-.1065) is ignored but added at the end
NOTE: HM770424.1.2747.undefined.-.1065 (identical to HM770421.1.2744.undefined.-.1065) is ignored but added at the end
NOTE: HM770432.1.2755.undefined.BRSP134-08 (identical to HM770426.1.2749.undefined.BRLO14-02.705) is ignored but added at the end
NOTE: HM770435.1.2758.undefined.BRSP206-08 (identical to HM770426.1.2749.undefined.BRLO14-02.705) is ignored but added at the end
NOTE: HM770438.1.2761.undefined.BRSP42-09 (identical to HM770426.1.2749.undefined.BRLO14-02.705) is ignored but added at the end
NOTE: HM770440.1.2763.undefined.BRSP425-09 (identical to HM770426.1.2749.undefined.BRLO14-02.705) is ignored but added at the end
NOTE: KJ544843.1.3697.undefined.-.756 (identical to JF267951.1.2791.undefined.-.756) is ignored but added at the end
NOTE: JQ583797.1.3067.undefined.Caio4142.766 (identical to JN655863.1.2968.undefined.Caio4676.766) is ignored but added at the end
NOTE: JQ583798.1 (identical to JN655863.1.2968.undefined.Caio4676.766) is ignored but added at the end
NOTE: JQ583799.1.3069.undefined.Caio5324.766 (identical to JN655863.1.2968.undefined.Caio4676.766) is ignored but added at the end
NOTE: JQ583800.1.3070.undefined.Caio5801.766 (identical to JN655863.1.2968.undefined.Caio4676.766) is ignored but added at the end
NOTE: JQ583801.1 (identical to JN655863.1.2968.undefined.Caio4676.766) is ignored but added at the end
NOTE: JQ583802.1.3072.undefined.Caio6963.766 (identical to JN655863.1.2968.undefined.Caio4676.766) is ignored but added at the end
NOTE: JQ583803.1.3073.undefined.Caio7120.766 (identical to JN655863.1.2968.undefined.Caio4676.766) is ignored but added at the end
NOTE: JN887715.1.2995.undefined.-.1068 (identical to JN887712.1.2992.undefined.-.1068) is ignored but added at the end
NOTE: JN887718.1.2998.undefined.-.1068 (identical to JN887712.1.2992.undefined.-.1068) is ignored but added at the end
NOTE: JN887719.1.2999.undefined.-.1068 (identical to JN887712.1.2992.undefined.-.1068) is ignored but added at the end
NOTE: JN887721.1.3001.undefined.-.1068 (identical to JN887712.1.2992.undefined.-.1068) is ignored but added at the end
NOTE: JN887722.1.3002.undefined.-.1068 (identical to JN887712.1.2992.undefined.-.1068) is ignored but added at the end
NOTE: JN887727.1.3007.undefined.-.1068 (identical to JN887712.1.2992.undefined.-.1068) is ignored but added at the end
NOTE: JN887731.1.3011.undefined.-.1068 (identical to JN887712.1.2992.undefined.-.1068) is ignored but added at the end
NOTE: JN887732.1.3012.undefined.-.1068 (identical to JN887712.1.2992.undefined.-.1068) is ignored but added at the end
NOTE: JN887735.1.3015.undefined.-.1068 (identical to JN887712.1.2992.undefined.-.1068) is ignored but added at the end
NOTE: JN887736.1.3016.undefined.-.1068 (identical to JN887712.1.2992.undefined.-.1068) is ignored but added at the end
NOTE: JN887723.1.3003.undefined.-.1068 (identical to JN887716.1.2996.undefined.-.1068) is ignored but added at the end
NOTE: JN887725.1.3005.undefined.-.1068 (identical to JN887716.1.2996.undefined.-.1068) is ignored but added at the end
NOTE: JN887728.1.3008.undefined.-.1068 (identical to JN887716.1.2996.undefined.-.1068) is ignored but added at the end
NOTE: JX280965.1.3170.undefined.-.1068 (identical to JN887716.1.2996.undefined.-.1068) is ignored but added at the end
NOTE: JQ583806.1.3076.undefined.Caio5884.898 (identical to JQ583787.1.3057.undefined.Caio5187.898) is ignored but added at the end
NOTE: JQ583807.1.3077.undefined.Caio5931.898 (identical to JQ583787.1.3057.undefined.Caio5187.898) is ignored but added at the end
NOTE: JQ583813.1.3083.undefined.Caio4072.642 (identical to JQ583810.1.3080.undefined.Caio4009.642) is ignored but added at the end
NOTE: JQ583815.1.3085.undefined.Caio4106.642 (identical to JQ583810.1.3080.undefined.Caio4009.642) is ignored but added at the end
NOTE: JQ583816.1.3086.undefined.Caio4112.642 (identical to JQ583810.1.3080.undefined.Caio4009.642) is ignored but added at the end
NOTE: JQ583819.1.3089.undefined.Caio4211.642 (identical to JQ583810.1.3080.undefined.Caio4009.642) is ignored but added at the end
NOTE: JQ583822.1.3092.undefined.Caio4315.642 (identical to JQ583810.1.3080.undefined.Caio4009.642) is ignored but added at the end
NOTE: JQ583823.1.3093.undefined.Caio4328.642 (identical to JQ583810.1.3080.undefined.Caio4009.642) is ignored but added at the end
NOTE: JQ583824.1.3094.undefined.-.642 (identical to JQ583810.1.3080.undefined.Caio4009.642) is ignored but added at the end
NOTE: JQ583825.1.3095.undefined.Caio4358.642 (identical to JQ583810.1.3080.undefined.Caio4009.642) is ignored but added at the end
NOTE: JQ583826.1.3096.undefined.Caio4383.642 (identical to JQ583810.1.3080.undefined.Caio4009.642) is ignored but added at the end
NOTE: JQ583827.1.3097.undefined.Caio4417.642 (identical to JQ583810.1.3080.undefined.Caio4009.642) is ignored but added at the end
NOTE: JQ583828.1.3098.undefined.-.642 (identical to JQ583810.1.3080.undefined.Caio4009.642) is ignored but added at the end
NOTE: JQ583832.1.3102.undefined.-.642 (identical to JQ583810.1.3080.undefined.Caio4009.642) is ignored but added at the end
NOTE: JQ583833.1.3103.undefined.-.642 (identical to JQ583810.1.3080.undefined.Caio4009.642) is ignored but added at the end
NOTE: JQ583837.1.3107.undefined.-.642 (identical to JQ583810.1.3080.undefined.Caio4009.642) is ignored but added at the end
NOTE: JQ583838.1.3108.undefined.-.642 (identical to JQ583810.1.3080.undefined.Caio4009.642) is ignored but added at the end
NOTE: JQ583840.1.3110.undefined.-.642 (identical to JQ583810.1.3080.undefined.Caio4009.642) is ignored but added at the end
NOTE: JQ583844.1.3114.undefined.-.642 (identical to JQ583810.1.3080.undefined.Caio4009.642) is ignored but added at the end
NOTE: JQ583842.1.3112.undefined.-.642 (identical to JQ583821.1.3091.undefined.Caio4258.642) is ignored but added at the end
NOTE: JX280957.1.3162.undefined.BRSP40-11.731 (identical to JX280951.1.3156.undefined.BRSP93-10.731) is ignored but added at the end
NOTE: JX280960.1.3165.undefined.BRSP69-12.731 (identical to JX280951.1.3156.undefined.BRSP93-10.731) is ignored but added at the end
NOTE: JX885211.1.3177.undefined.-.1353 (identical to JX885208.1.3174.undefined.-.1353) is ignored but added at the end
NOTE: JX885212.1.3178.undefined.-.1353 (identical to JX885208.1.3174.undefined.-.1353) is ignored but added at the end
NOTE: JX885213.1.3179.undefined.-.1353 (identical to JX885208.1.3174.undefined.-.1353) is ignored but added at the end
NOTE: JX885214.1.3180.undefined.-.1353 (identical to JX885208.1.3174.undefined.-.1353) is ignored but added at the end
NOTE: JX885215.1.3181.undefined.-.1353 (identical to JX885208.1.3174.undefined.-.1353) is ignored but added at the end
NOTE: JX885216.1.3182.undefined.-.1353 (identical to JX885208.1.3174.undefined.-.1353) is ignored but added at the end
NOTE: JX885217.1.3183.undefined.-.1353 (identical to JX885208.1.3174.undefined.-.1353) is ignored but added at the end
NOTE: JX885218.1.3184.undefined.-.1353 (identical to JX885208.1.3174.undefined.-.1353) is ignored but added at the end
NOTE: JX885219.1.3185.undefined.-.1353 (identical to JX885208.1.3174.undefined.-.1353) is ignored but added at the end
NOTE: JX885220.1.3186.undefined.-.1353 (identical to JX885208.1.3174.undefined.-.1353) is ignored but added at the end
NOTE: JX885221.1.3187.undefined.-.1353 (identical to JX885208.1.3174.undefined.-.1353) is ignored but added at the end
NOTE: JX885222.1.3188.undefined.-.1353 (identical to JX885208.1.3174.undefined.-.1353) is ignored but added at the end
NOTE: JX885223.1.3189.undefined.-.1353 (identical to JX885208.1.3174.undefined.-.1353) is ignored but added at the end
NOTE: JX885224.1.3190.undefined.-.1353 (identical to JX885208.1.3174.undefined.-.1353) is ignored but added at the end
NOTE: JX885225.1.3191.undefined.-.1353 (identical to JX885208.1.3174.undefined.-.1353) is ignored but added at the end
NOTE: JX885226.1.3192.undefined.-.1353 (identical to JX885208.1.3174.undefined.-.1353) is ignored but added at the end
NOTE: JX885227.1.3193.undefined.-.1353 (identical to JX885208.1.3174.undefined.-.1353) is ignored but added at the end
NOTE: JX885228.1.3194.undefined.-.1353 (identical to JX885208.1.3174.undefined.-.1353) is ignored but added at the end
NOTE: KC477734.1.3212.undefined.-.655 (identical to KC477732.1.3210.undefined.-.655) is ignored but added at the end
NOTE: KC477739.1.3217.undefined.-.654 (identical to KC477737.1.3215.undefined.-.654) is ignored but added at the end
NOTE: KC477745.1.3223.undefined.-.654 (identical to KC477737.1.3215.undefined.-.654) is ignored but added at the end
NOTE: KC477746.1.3224.undefined.-.654 (identical to KC477737.1.3215.undefined.-.654) is ignored but added at the end
NOTE: KC477752.1.3230.undefined.-.654 (identical to KC477737.1.3215.undefined.-.654) is ignored but added at the end
NOTE: KC477753.1.3231.undefined.-.654 (identical to KC477737.1.3215.undefined.-.654) is ignored but added at the end
NOTE: KC477754.1.3232.undefined.-.654 (identical to KC477737.1.3215.undefined.-.654) is ignored but added at the end
NOTE: KC477744.1.3222.undefined.-.654 (identical to KC477742.1.3220.undefined.-.654) is ignored but added at the end
NOTE: KC786911.1.3280.undefined.-.758 (identical to KC786899.1.3268.undefined.-.758) is ignored but added at the end
NOTE: KC786914.1.3283.undefined.-.758 (identical to KC786899.1.3268.undefined.-.758) is ignored but added at the end
NOTE: KC786909.1.3278.undefined.-.758 (identical to KC786900.1.3269.undefined.-.758) is ignored but added at the end
NOTE: KC786915.1.3284.undefined.-.758 (identical to KC786901.1.3270.undefined.-.758) is ignored but added at the end
NOTE: KC786917.1.3286.undefined.-.758 (identical to KC786902.1.3271.undefined.-.758) is ignored but added at the end
NOTE: KC786918.1.3287.undefined.-.758 (identical to KC786907.1.3276.undefined.-.758) is ignored but added at the end
NOTE: KC786935.1.3304.undefined.-.1290 (identical to KC786925.1.3294.undefined.-.1290) is ignored but added at the end
NOTE: KC786939.1.3308.undefined.-.1290 (identical to KC786928.1.3297.undefined.-.1290) is ignored but added at the end
NOTE: KC786951.1.3320.undefined.-.1062 (identical to KC786941.1.3310.undefined.-.1062) is ignored but added at the end
NOTE: KC786953.1.3322.undefined.-.1062 (identical to KC786941.1.3310.undefined.-.1062) is ignored but added at the end
NOTE: KC786956.1.3325.undefined.-.1062 (identical to KC786941.1.3310.undefined.-.1062) is ignored but added at the end
NOTE: KC786961.1.3330.undefined.-.1062 (identical to KC786941.1.3310.undefined.-.1062) is ignored but added at the end
NOTE: KC786957.1.3326.undefined.-.1062 (identical to KC786943.1.3312.undefined.-.1062) is ignored but added at the end
NOTE: KC786959.1.3328.undefined.-.1062 (identical to KC786944.1.3313.undefined.-.1062) is ignored but added at the end
NOTE: KF053897.1.3372.undefined.-.908 (identical to KF053895.1.3370.undefined.-.908) is ignored but added at the end
NOTE: KF053900.1.3375.undefined.-.908 (identical to KF053895.1.3370.undefined.-.908) is ignored but added at the end
NOTE: KF053901.1.3376.undefined.-.908 (identical to KF053895.1.3370.undefined.-.908) is ignored but added at the end
NOTE: KF053902.1.3377.undefined.-.908 (identical to KF053895.1.3370.undefined.-.908) is ignored but added at the end
NOTE: KF053903.1.3378.undefined.-.908 (identical to KF053895.1.3370.undefined.-.908) is ignored but added at the end
NOTE: KF053905.1.3380.undefined.-.908 (identical to KF053895.1.3370.undefined.-.908) is ignored but added at the end
NOTE: KF053910.1.3385.undefined.-.908 (identical to KF053895.1.3370.undefined.-.908) is ignored but added at the end
NOTE: KF053912.1.3387.undefined.-.908 (identical to KF053895.1.3370.undefined.-.908) is ignored but added at the end
NOTE: KF053913.1.3388.undefined.-.908 (identical to KF053895.1.3370.undefined.-.908) is ignored but added at the end
NOTE: KF053914.1.3389.undefined.-.908 (identical to KF053895.1.3370.undefined.-.908) is ignored but added at the end
NOTE: KF053915.1.3390.undefined.-.908 (identical to KF053895.1.3370.undefined.-.908) is ignored but added at the end
NOTE: KF053916.1.3391.undefined.-.908 (identical to KF053895.1.3370.undefined.-.908) is ignored but added at the end
NOTE: KF053917.1.3392.undefined.-.908 (identical to KF053895.1.3370.undefined.-.908) is ignored but added at the end
NOTE: KF053918.1.3393.undefined.-.908 (identical to KF053895.1.3370.undefined.-.908) is ignored but added at the end
NOTE: KF053921.1.3396.undefined.-.908 (identical to KF053919.1.3394.undefined.-.908) is ignored but added at the end
NOTE: KF053927.1.3402.undefined.-.908 (identical to KF053922.1.3397.undefined.-.908) is ignored but added at the end
NOTE: KF053928.1.3403.undefined.-.908 (identical to KF053922.1.3397.undefined.-.908) is ignored but added at the end
NOTE: KF053934.1.3409.undefined.-.908 (identical to KF053922.1.3397.undefined.-.908) is ignored but added at the end
NOTE: KF054032.1.3507.undefined.-.908 (identical to KF053922.1.3397.undefined.-.908) is ignored but added at the end
NOTE: KF054033.1.3508.undefined.-.908 (identical to KF053922.1.3397.undefined.-.908) is ignored but added at the end
NOTE: KF054034.1.3509.undefined.-.908 (identical to KF053922.1.3397.undefined.-.908) is ignored but added at the end
NOTE: KF054035.1.3510.undefined.-.908 (identical to KF053922.1.3397.undefined.-.908) is ignored but added at the end
NOTE: KF054036.1.3511.undefined.-.908 (identical to KF053922.1.3397.undefined.-.908) is ignored but added at the end
NOTE: KF053955.1.3430.undefined.-.908 (identical to KF053953.1.3428.undefined.-.908) is ignored but added at the end
NOTE: KF053956.1.3431.undefined.-.908 (identical to KF053953.1.3428.undefined.-.908) is ignored but added at the end
NOTE: KF053957.1.3432.undefined.-.908 (identical to KF053953.1.3428.undefined.-.908) is ignored but added at the end
NOTE: KF053958.1.3433.undefined.-.908 (identical to KF053953.1.3428.undefined.-.908) is ignored but added at the end
NOTE: KF053959.1.3434.undefined.-.908 (identical to KF053953.1.3428.undefined.-.908) is ignored but added at the end
NOTE: KF053960.1.3435.undefined.-.908 (identical to KF053953.1.3428.undefined.-.908) is ignored but added at the end
NOTE: KF053961.1.3436.undefined.-.908 (identical to KF053953.1.3428.undefined.-.908) is ignored but added at the end
NOTE: KF053972.1.3447.undefined.-.908 (identical to KF053966.1.3441.undefined.-.908) is ignored but added at the end
NOTE: KF053973.1.3448.undefined.-.908 (identical to KF053966.1.3441.undefined.-.908) is ignored but added at the end
NOTE: KF053974.1.3449.undefined.-.908 (identical to KF053966.1.3441.undefined.-.908) is ignored but added at the end
NOTE: KF053975.1.3450.undefined.-.908 (identical to KF053966.1.3441.undefined.-.908) is ignored but added at the end
NOTE: KF053976.1.3451.undefined.-.908 (identical to KF053966.1.3441.undefined.-.908) is ignored but added at the end
NOTE: KF053977.1.3452.undefined.-.908 (identical to KF053966.1.3441.undefined.-.908) is ignored but added at the end
NOTE: KF053978.1.3453.undefined.-.908 (identical to KF053966.1.3441.undefined.-.908) is ignored but added at the end
NOTE: KF053979.1.3454.undefined.-.908 (identical to KF053966.1.3441.undefined.-.908) is ignored but added at the end
NOTE: KF054006.1.3481.undefined.-.908 (identical to KF054004.1.3479.undefined.-.908) is ignored but added at the end
NOTE: KF054007.1.3482.undefined.-.908 (identical to KF054004.1.3479.undefined.-.908) is ignored but added at the end
NOTE: KF054008.1.3483.undefined.-.908 (identical to KF054004.1.3479.undefined.-.908) is ignored but added at the end
NOTE: KF054009.1.3484.undefined.-.908 (identical to KF054004.1.3479.undefined.-.908) is ignored but added at the end
NOTE: KJ544848.1.3702.undefined.-.757 (identical to KJ544841.1.3695.undefined.-.757) is ignored but added at the end
NOTE: KP666083.1.3857.undefined.-.943 (identical to KP666068.1.3842.undefined.-.943) is ignored but added at the end
NOTE: KP666088.1.3862.undefined.-.943 (identical to KP666085.1.3859.undefined.-.943) is ignored but added at the end
NOTE: KR337602.1.3871.undefined.-.633 (identical to KR337595.1.3864.undefined.-.633) is ignored but added at the end
NOTE: KR337603.1.3872.undefined.-.633 (identical to KR337595.1.3864.undefined.-.633) is ignored but added at the end
NOTE: KR337604.1.3873.undefined.-.633 (identical to KR337595.1.3864.undefined.-.633) is ignored but added at the end
NOTE: KR337609.1.3878.undefined.-.633 (identical to KR337595.1.3864.undefined.-.633) is ignored but added at the end
NOTE: KT351478.1.3914.undefined.-.635 (identical to KT351471.1.3907.undefined.-.635) is ignored but added at the end
NOTE: KT351481.1.3917.undefined.-.635 (identical to KT351471.1.3907.undefined.-.635) is ignored but added at the end
NOTE: KT351483.1.3919.undefined.-.635 (identical to KT351471.1.3907.undefined.-.635) is ignored but added at the end
NOTE: KT351488.1.3924.undefined.-.635 (identical to KT351471.1.3907.undefined.-.635) is ignored but added at the end
NOTE: KT351496.1.3932.undefined.-.635 (identical to KT351471.1.3907.undefined.-.635) is ignored but added at the end
NOTE: KT351501.1.3937.undefined.-.635 (identical to KT351471.1.3907.undefined.-.635) is ignored but added at the end
NOTE: KT351502.1.3938.undefined.-.635 (identical to KT351471.1.3907.undefined.-.635) is ignored but added at the end
NOTE: KT351503.1.3939.undefined.-.635 (identical to KT351471.1.3907.undefined.-.635) is ignored but added at the end
NOTE: KT351508.1.3944.undefined.-.635 (identical to KT351471.1.3907.undefined.-.635) is ignored but added at the end
NOTE: KT351480.1.3916.undefined.-.635 (identical to KT351475.1.3911.undefined.-.635) is ignored but added at the end
NOTE: KT351484.1.3920.undefined.-.635 (identical to KT351475.1.3911.undefined.-.635) is ignored but added at the end
NOTE: KT351486.1.3922.undefined.-.635 (identical to KT351475.1.3911.undefined.-.635) is ignored but added at the end
NOTE: KT351494.1.3930.undefined.-.635 (identical to KT351475.1.3911.undefined.-.635) is ignored but added at the end
NOTE: KT351495.1.3931.undefined.-.635 (identical to KT351475.1.3911.undefined.-.635) is ignored but added at the end
NOTE: KT351497.1.3933.undefined.-.635 (identical to KT351475.1.3911.undefined.-.635) is ignored but added at the end
NOTE: KT351498.1.3934.undefined.-.635 (identical to KT351475.1.3911.undefined.-.635) is ignored but added at the end
NOTE: KT351499.1.3935.undefined.-.635 (identical to KT351475.1.3911.undefined.-.635) is ignored but added at the end
NOTE: KT351500.1.3936.undefined.-.635 (identical to KT351475.1.3911.undefined.-.635) is ignored but added at the end
NOTE: KT351504.1.3940.undefined.-.635 (identical to KT351475.1.3911.undefined.-.635) is ignored but added at the end
NOTE: KT351529.1.3965.undefined.-.996 (identical to KT351509.1.3945.undefined.-.996) is ignored but added at the end
NOTE: KT351533.1.3969.undefined.-.996 (identical to KT351509.1.3945.undefined.-.996) is ignored but added at the end
NOTE: KT351538.1.3974.undefined.-.996 (identical to KT351509.1.3945.undefined.-.996) is ignored but added at the end
NOTE: KT351530.1.3966.undefined.-.996 (identical to KT351512.1.3948.undefined.-.996) is ignored but added at the end
NOTE: KT351518.1.3954.undefined.-.996 (identical to KT351514.1.3950.undefined.-.996) is ignored but added at the end
NOTE: KT351519.1.3955.undefined.-.996 (identical to KT351514.1.3950.undefined.-.996) is ignored but added at the end
NOTE: KT351536.1.3972.undefined.-.996 (identical to KT351514.1.3950.undefined.-.996) is ignored but added at the end
NOTE: KT351537.1.3973.undefined.-.996 (identical to KT351514.1.3950.undefined.-.996) is ignored but added at the end
NOTE: KT351541.1.3977.undefined.-.996 (identical to KT351514.1.3950.undefined.-.996) is ignored but added at the end
NOTE: KT351550.1.3986.undefined.-.894 (identical to KT351545.1.3981.undefined.-.894) is ignored but added at the end
NOTE: KT351554.1.3990.undefined.-.894 (identical to KT351545.1.3981.undefined.-.894) is ignored but added at the end
NOTE: KT351555.1.3991.undefined.-.894 (identical to KT351545.1.3981.undefined.-.894) is ignored but added at the end
NOTE: KT351557.1.3993.undefined.-.894 (identical to KT351545.1.3981.undefined.-.894) is ignored but added at the end
NOTE: KT351561.1.3997.undefined.-.894 (identical to KT351545.1.3981.undefined.-.894) is ignored but added at the end
NOTE: KT351562.1.3998.undefined.-.894 (identical to KT351545.1.3981.undefined.-.894) is ignored but added at the end
NOTE: KT351563.1.3999.undefined.-.894 (identical to KT351545.1.3981.undefined.-.894) is ignored but added at the end
NOTE: KT351564.1.4000.undefined.-.894 (identical to KT351545.1.3981.undefined.-.894) is ignored but added at the end
NOTE: KT351559.1.3995.undefined.-.894 (identical to KT351552.1.3988.undefined.-.894) is ignored but added at the end
NOTE: KT351580.1.4016.undefined.-.1041 (identical to KT351565.1.4001.undefined.-.1041) is ignored but added at the end
NOTE: KT351568.1.4004.undefined.-.1041 (identical to KT351566.1.4002.undefined.-.1041) is ignored but added at the end
NOTE: KT351569.1.4005.undefined.-.1041 (identical to KT351566.1.4002.undefined.-.1041) is ignored but added at the end
NOTE: KT351572.1.4008.undefined.-.1041 (identical to KT351566.1.4002.undefined.-.1041) is ignored but added at the end
NOTE: KT351575.1.4011.undefined.-.1041 (identical to KT351566.1.4002.undefined.-.1041) is ignored but added at the end
NOTE: KT351576.1.4012.undefined.-.1041 (identical to KT351566.1.4002.undefined.-.1041) is ignored but added at the end
NOTE: KT351577.1.4013.undefined.-.1041 (identical to KT351566.1.4002.undefined.-.1041) is ignored but added at the end
NOTE: KT351578.1.4014.undefined.-.1041 (identical to KT351566.1.4002.undefined.-.1041) is ignored but added at the end
NOTE: KT351579.1.4015.undefined.-.1041 (identical to KT351566.1.4002.undefined.-.1041) is ignored but added at the end
NOTE: KT351582.1.4018.undefined.-.1041 (identical to KT351566.1.4002.undefined.-.1041) is ignored but added at the end
NOTE: KT351583.1.4019.undefined.-.1041 (identical to KT351566.1.4002.undefined.-.1041) is ignored but added at the end
NOTE: KT351585.1.4021.undefined.-.1041 (identical to KT351566.1.4002.undefined.-.1041) is ignored but added at the end
NOTE: KY462206.1.4132.undefined.-.642 (identical to KY462200.1.4126.undefined.-.642) is ignored but added at the end
NOTE: KY462208.1.4134.undefined.-.642 (identical to KY462200.1.4126.undefined.-.642) is ignored but added at the end
NOTE: KY493237.1.4235.undefined.-.612 (identical to KY493234.1.4232.undefined.-.612) is ignored but added at the end
NOTE: L76062.2.4440.undefined.-.940 (identical to L76060.2.4438.undefined.2071.940) is ignored but added at the end
NOTE: L76075.2.4453.undefined.-.940 (identical to L76073.2.4451.undefined.-.940) is ignored but added at the end
NOTE: U32897.1.4932.undefined.-.631 (identical to U32895.1.4930.undefined.-.631) is ignored but added at the end
NOTE: U32905.1.4940.undefined.-.631 (identical to U32901.1.4936.undefined.-.631) is ignored but added at the end
NOTE: U60942.1.5098.undefined.YL755.613 (identical to U60909.1.5065.undefined.CML.613) is ignored but added at the end
NOTE: U60926.1.5082.undefined.LSC.613 (identical to U60911.1.5067.undefined.CSL.613) is ignored but added at the end
NOTE: U60928.1.5084.undefined.MLS.613 (identical to U60911.1.5067.undefined.CSL.613) is ignored but added at the end
NOTE: U60936.1.5092.undefined.THY.613 (identical to U60911.1.5067.undefined.CSL.613) is ignored but added at the end
NOTE: U60933.1.5089.undefined.SIL.613 (identical to U60924.1.5080.undefined.LCC.613) is ignored but added at the end
NOTE: U60937.1.5093.undefined.TSS.613 (identical to U60924.1.5080.undefined.LCC.613) is ignored but added at the end
NOTE: U60940.1.5096.undefined.YL1112.613 (identical to U60924.1.5080.undefined.LCC.613) is ignored but added at the end
Alignment was printed to results/iqtree/iqtree_env.uniqueseq.phy

For your convenience alignment with unique sequences printed to results/iqtree/iqtree_env.uniqueseq.phy

Creating fast initial parsimony tree by random order stepwise addition...
135.655 seconds, parsimony score: 12448 (based on 2549 sites)
Measuring multi-threading efficiency up to 4 CPU cores
2 trees examined
Threads: 1 / Time: 60.197 sec / Speedup: 1.000 / Efficiency: 100% / LogL: -1071334
Threads: 2 / Time: 8.517 sec / Speedup: 7.068 / Efficiency: 353% / LogL: -1071334
Threads: 3 / Time: 7.831 sec / Speedup: 7.687 / Efficiency: 256% / LogL: -1071334
Threads: 4 / Time: 11.164 sec / Speedup: 5.392 / Efficiency: 135% / LogL: -1071334
BEST NUMBER OF THREADS: 3

Perform fast likelihood tree search using GTR+I+G model...
Estimate model parameters (epsilon = 5.000)
Perform nearest neighbor interchange...
Estimate model parameters (epsilon = 1.000)
1. Initial log-likelihood: -65616.813
2. Current log-likelihood: -65614.394
3. Current log-likelihood: -65612.790
4. Current log-likelihood: -65611.704
Optimal log-likelihood: -65610.954
Rate parameters:  A-C: 1.03965  A-G: 6.09576  A-T: 1.24412  C-G: 0.86147  C-T: 3.59824  G-T: 1.00000
Base frequencies:  A: 0.224  C: 0.331  G: 0.206  T: 0.239
Proportion of invariable sites: 0.001
Gamma shape alpha: 3.092
Parameters optimization took 4 rounds (48.517 sec)
Time for fast ML tree search: 342.801 seconds

NOTE: ModelFinder requires 1805 MB RAM!
ModelFinder will test up to 286 DNA models (sample size: 4704) ...
 No. Model         -LnL         df  AIC          AICc         BIC
  1  GTR+F         66068.633    4011 140159.265   186668.317   166054.957
  2  GTR+F+I       66068.667    4012 140161.333   186760.916   166063.481
  3  GTR+F+G4      65609.244    4012 139242.487   185842.071   165144.635
  4  GTR+F+I+G4    65609.394    4013 139244.788   185935.171   165153.393
  5  GTR+F+R2      65618.218    4013 139262.437   185952.819   165171.041
  6  GTR+F+R3      65564.935    4015 139159.870   186032.660   165081.386
  7  GTR+F+R4      65534.089    4017 139102.178   186158.464   165036.607
  8  GTR+F+R5      65533.553    4019 139105.106   186345.983   165052.447
 20  SYM+R4        65615.714    4014 139259.428   186040.880   165174.489
 33  TVM+F+R4      65671.444    4016 139374.887   186339.289   165302.860
 46  TVMe+R4       65633.780    4013 139293.561   185983.944   165202.165
 59  TIM3+F+R4     65545.579    4015 139121.157   185993.948   165042.674
 72  TIM3e+R4      65637.200    4012 139298.399   185897.982   165200.547
 85  TIM2+F+R4     65542.310    4015 139114.619   185987.410   165036.136
 98  TIM2e+R4      65616.597    4012 139257.194   185856.777   165159.342
111  TIM+F+R4      65553.660    4015 139137.320   186010.111   165058.837
124  TIMe+R4       65637.804    4012 139299.608   185899.191   165201.756
137  TPM3u+F+R4    65683.236    4014 139394.473   186175.924   165309.533
150  TPM3+F+R4     65683.236    4014 139394.473   186175.924   165309.533
163  TPM2u+F+R4    65679.121    4014 139386.242   186167.694   165301.303
176  TPM2+F+R4     65679.121    4014 139386.242   186167.694   165301.303
189  K3Pu+F+R4     65690.869    4014 139409.738   186191.190   165324.799
202  K3P+R4        65656.053    4011 139334.105   185843.157   165229.797
215  TN+F+R4       65553.661    4014 139135.322   185916.773   165050.382
228  TNe+R4        65637.980    4011 139297.960   185807.012   165193.651
241  HKY+F+R4      65690.874    4013 139407.747   186098.130   165316.351
254  K2P+R4        65656.277    4010 139332.554   185751.342   165221.789
267  F81+F+R4      68005.096    4012 144034.192   190633.775   169936.340
280  JC+R4         67994.198    4009 144006.397   190335.186   169889.176
Akaike Information Criterion:           GTR+F+R4
Corrected Akaike Information Criterion: K2P+R4
Bayesian Information Criterion:         TIM2+F+R4
Best-fit model: TIM2+F+R4 chosen according to BIC

All model information printed to results/iqtree/iqtree_env.model.gz
CPU time for ModelFinder: 15621.778 seconds (4h:20m:21s)
Wall-clock time for ModelFinder: 5799.737 seconds (1h:36m:39s)
Generating 1000 samples for ultrafast bootstrap (seed: 401702)...

NOTE: 728 MB RAM (0 GB) is required!
Estimate model parameters (epsilon = 0.100)
1. Initial log-likelihood: -65542.310
Optimal log-likelihood: -65542.277
Rate parameters:  A-C: 1.21960  A-G: 6.54611  A-T: 1.21960  C-G: 1.00000  C-T: 3.91673  G-T: 1.00000
Base frequencies:  A: 0.224  C: 0.331  G: 0.206  T: 0.239
Site proportion and rates:  (0.196,0.385) (0.537,0.734) (0.237,1.622) (0.030,4.815)
Parameters optimization took 1 rounds (28.992 sec)
Computing ML distances based on estimated model parameters... 431.016 sec
WARNING: Some pairwise ML distances are too long (saturated)
Computing BIONJ tree...
101.627 seconds
Log-likelihood of BIONJ tree: -71221.165
--------------------------------------------------------------------
|             INITIALIZING CANDIDATE TREE SET                      |
--------------------------------------------------------------------
Generating 98 parsimony trees... 1912.893 second
Computing log-likelihood of 98 initial trees ... 268.254 seconds
Current best score: -65542.277

Do NNI search on 20 best initial trees
Estimate model parameters (epsilon = 0.100)
BETTER TREE FOUND at iteration 1: -65537.880
Estimate model parameters (epsilon = 0.100)
BETTER TREE FOUND at iteration 4: -65469.247
Iteration 10 / LogL: -65559.982 / Time: 1h:37m:33s
Iteration 20 / LogL: -65541.936 / Time: 2h:38m:44s
Finish initializing candidate tree set (20)
Current best tree score: -65469.247 / CPU time: 9195.471
Number of iterations: 20
--------------------------------------------------------------------
|               OPTIMIZING CANDIDATE TREE SET                      |
--------------------------------------------------------------------
NOTE: 3.308 seconds to dump checkpoint file, increase to 67.000
NOTE: 4.468 seconds to dump checkpoint file, increase to 90.000
Iteration 30 / LogL: -65572.882 / Time: 3h:5m:7s (7h:52m:23s left)
Iteration 40 / LogL: -65516.395 / Time: 3h:32m:55s (5h:49m:24s left)
Iteration 50 / LogL: -65539.863 / Time: 4h:2m:46s (4h:27m:32s left)
Log-likelihood cutoff on original alignment: -65640.584
Iteration 60 / LogL: -65486.484 / Time: 4h:50m:13s (3h:36m:24s left)
Iteration 70 / LogL: -65526.175 / Time: 5h:23m:22s (2h:39m:20s left)
Estimate model parameters (epsilon = 0.100)
BETTER TREE FOUND at iteration 75: -65466.174
NOTE: 6.685 seconds to dump checkpoint file, increase to 134.000
Iteration 80 / LogL: -65500.036 / Time: 5h:58m:40s (7h:11m:18s left)
Estimate model parameters (epsilon = 0.100)
BETTER TREE FOUND at iteration 88: -65461.608
Iteration 90 / LogL: -65552.850 / Time: 6h:35m:49s (7h:15m:51s left)
Iteration 100 / LogL: -65517.359 / Time: 7h:19m:48s (6h:30m:56s left)
Log-likelihood cutoff on original alignment: -65640.584
NOTE: Bootstrap correlation coefficient of split occurrence frequencies: 0.972
NOTE: UFBoot does not converge, continue at least 100 more iterations
NOTE: 8.557 seconds to dump checkpoint file, increase to 172.000
Iteration 110 / LogL: -65485.063 / Time: 9h:5m:33s (7h:30m:27s left)
NOTE: 39.816 seconds to dump checkpoint file, increase to 797.000
